+ vitest -> /verify/reports/base.xml (92 files)
+ suite exit 0
+ raw junit stream (351402 bytes) for /verify/reports/base.xml:
<?xml version="1.0" encoding="UTF-8" ?><testsuites name="t"><testsuite name="t"><testcase classname="tests/timeline/fromStock.test.ts" name="drawing stock in firing order &gt; counts a ripple shot by shot rather than as one cue"/></testsuite></testsuites>
<?xml version="1.0" encoding="UTF-8" ?>
<testsuites name="vitest tests" tests="2117" failures="0" errors="0" time="11.012">
    <testsuite name="tests/compile.test.ts" timestamp="2026-09-04T04:07:18.599Z" hostname="bdc3c806c0c7" tests="30" failures="0" errors="0" skipped="0" time="0.037893295">
        <testcase classname="tests/compile.test.ts" name="a clean script &gt; compiles to a schedule" time="0.00246192">
        </testcase>
        <testcase classname="tests/compile.test.ts" name="a clean script &gt; raises nothing" time="0.000284488">
        </testcase>
        <testcase classname="tests/compile.test.ts" name="a clean script &gt; keeps the parsed script" time="0.00031657">
        </testcase>
        <testcase classname="tests/compile.test.ts" name="frame rate and seed &gt; takes the rate the script names over the caller&apos;s" time="0.001168782">
        </testcase>
        <testcase classname="tests/compile.test.ts" name="frame rate and seed &gt; falls back to the caller&apos;s rate" time="0.000728459">
        </testcase>
        <testcase classname="tests/compile.test.ts" name="frame rate and seed &gt; defaults to twenty five" time="0.000508823">
        </testcase>
        <testcase classname="tests/compile.test.ts" name="frame rate and seed &gt; uses the script&apos;s seed for jitter" time="0.003505194">
        </testcase>
        <testcase classname="tests/compile.test.ts" name="frame rate and seed &gt; falls back to the show name as a seed" time="0.001208096">
        </testcase>
        <testcase classname="tests/compile.test.ts" name="stopping and carrying on &gt; stops at a parse error rather than reporting an empty show" time="0.001000565">
        </testcase>
        <testcase classname="tests/compile.test.ts" name="stopping and carrying on &gt; carries on past an unresolved name" time="0.001448311">
        </testcase>
        <testcase classname="tests/compile.test.ts" name="stopping and carrying on &gt; still runs the load check on what did resolve" time="0.001742348">
        </testcase>
        <testcase classname="tests/compile.test.ts" name="pre roll &gt; reports the pre roll a big opener needs" time="0.00039629">
        </testcase>
        <testcase classname="tests/compile.test.ts" name="pre roll &gt; can absorb it so nothing fires before zero" time="0.000540885">
        </testcase>
        <testcase classname="tests/compile.test.ts" name="optional checks &gt; runs the safety check only when a site is given" time="0.001999534">
        </testcase>
        <testcase classname="tests/compile.test.ts" name="optional checks &gt; folds a safety failure into the verdict" time="0.001149295">
        </testcase>
        <testcase classname="tests/compile.test.ts" name="optional checks &gt; applies a density cap when one is given" time="0.000777061">
        </testcase>
        <testcase classname="tests/compile.test.ts" name="optional checks &gt; warns about a lull only past the threshold given" time="0.000774065">
        </testcase>
        <testcase classname="tests/compile.test.ts" name="summariseCompile &gt; says ready with the counts" time="0.000847224">
        </testcase>
        <testcase classname="tests/compile.test.ts" name="summariseCompile &gt; says not ready when something failed" time="0.000376052">
        </testcase>
        <testcase classname="tests/compile.test.ts" name="assignments &gt; come back with the result" time="0.000565751">
        </testcase>
        <testcase classname="tests/compile.test.ts" name="assignments &gt; match the schedule cue for cue" time="0.000963514">
        </testcase>
        <testcase classname="tests/compile.test.ts" name="assignments &gt; carry the shot, which the schedule has thrown away" time="0.000533941">
        </testcase>
        <testcase classname="tests/compile.test.ts" name="assignments &gt; are empty when the script does not parse" time="0.00026905">
        </testcase>
        <testcase classname="tests/compile.test.ts" name="assignments &gt; are empty for an empty show" time="0.000339552">
        </testcase>
        <testcase classname="tests/compile.test.ts" name="the advisory checks &gt; stay quiet unless asked for" time="0.001422101">
        </testcase>
        <testcase classname="tests/compile.test.ts" name="the advisory checks &gt; suggest a chain when asked" time="0.003574175">
        </testcase>
        <testcase classname="tests/compile.test.ts" name="the advisory checks &gt; note a palette leaning on one family" time="0.001425279">
        </testcase>
        <testcase classname="tests/compile.test.ts" name="the advisory checks &gt; take their own limits" time="0.003049201">
        </testcase>
        <testcase classname="tests/compile.test.ts" name="the advisory checks &gt; never turn a clean show into a failing one" time="0.00117299">
        </testcase>
        <testcase classname="tests/compile.test.ts" name="the advisory checks &gt; say nothing at all about an empty show" time="0.00038049">
        </testcase>
    </testsuite>
    <testsuite name="tests/coverage.test.ts" timestamp="2026-09-04T04:07:18.604Z" hostname="bdc3c806c0c7" tests="38" failures="0" errors="0" skipped="0" time="0.040524877">
        <testcase classname="tests/coverage.test.ts" name="the parser&apos;s less travelled paths &gt; refuses a name with a bad character in a header" time="0.003796936">
        </testcase>
        <testcase classname="tests/coverage.test.ts" name="the parser&apos;s less travelled paths &gt; refuses a group name that is not usable" time="0.000594144">
        </testcase>
        <testcase classname="tests/coverage.test.ts" name="the parser&apos;s less travelled paths &gt; refuses a group with no name at all" time="0.000499614">
        </testcase>
        <testcase classname="tests/coverage.test.ts" name="the parser&apos;s less travelled paths &gt; refuses a label that is neither a word nor a string" time="0.001280434">
        </testcase>
        <testcase classname="tests/coverage.test.ts" name="the parser&apos;s less travelled paths &gt; refuses a height that is not a number" time="0.000639901">
        </testcase>
        <testcase classname="tests/coverage.test.ts" name="the parser&apos;s less travelled paths &gt; refuses a negative height" time="0.000460371">
        </testcase>
        <testcase classname="tests/coverage.test.ts" name="the parser&apos;s less travelled paths &gt; refuses a jitter that is not a time" time="0.00053401">
        </testcase>
        <testcase classname="tests/coverage.test.ts" name="the parser&apos;s less travelled paths &gt; refuses a pass count that is not a whole number" time="0.000752223">
        </testcase>
        <testcase classname="tests/coverage.test.ts" name="the parser&apos;s less travelled paths &gt; refuses an unusable position name in a chase" time="0.000507361">
        </testcase>
        <testcase classname="tests/coverage.test.ts" name="the parser&apos;s less travelled paths &gt; reads a bare word as a group name in a play" time="0.000670279">
        </testcase>
        <testcase classname="tests/coverage.test.ts" name="the lexer&apos;s corners &gt; reads a word that starts with an underscore" time="0.000258739">
        </testcase>
        <testcase classname="tests/coverage.test.ts" name="the lexer&apos;s corners &gt; reads a number with no fraction after a colon" time="0.000223483">
        </testcase>
        <testcase classname="tests/coverage.test.ts" name="the lexer&apos;s corners &gt; does not read a minus on its own as a number" time="0.000234504">
        </testcase>
        <testcase classname="tests/coverage.test.ts" name="the rig sheet&apos;s corners &gt; refuses a position with an unusable name" time="0.000955738">
        </testcase>
        <testcase classname="tests/coverage.test.ts" name="the rig sheet&apos;s corners &gt; refuses a module with no model at all" time="0.000415476">
        </testcase>
        <testcase classname="tests/coverage.test.ts" name="the rig sheet&apos;s corners &gt; refuses a voltage that is not a number" time="0.000362545">
        </testcase>
        <testcase classname="tests/coverage.test.ts" name="the rig sheet&apos;s corners &gt; takes a note on a module and a position at once" time="0.000393996">
        </testcase>
        <testcase classname="tests/coverage.test.ts" name="the catalog reader&apos;s corners &gt; takes a maker on every kind" time="0.001905346">
        </testcase>
        <testcase classname="tests/coverage.test.ts" name="the catalog reader&apos;s corners &gt; falls back to the id when a row has no name" time="0.000381152">
        </testcase>
        <testcase classname="tests/coverage.test.ts" name="the small graph cases &gt; reverses a graph with no edges" time="0.00037466">
        </testcase>
        <testcase classname="tests/coverage.test.ts" name="the small graph cases &gt; reaches nothing from a node with no edges" time="0.000312923">
        </testcase>
        <testcase classname="tests/coverage.test.ts" name="the site plan corners &gt; draws a rig whose positions all sit at one point" time="0.002028038">
        </testcase>
        <testcase classname="tests/coverage.test.ts" name="the site plan corners &gt; draws a boundary that runs off the frame" time="0.000762543">
        </testcase>
        <testcase classname="tests/coverage.test.ts" name="the safety corners &gt; skips a cue whose position is not in the rig" time="0.00278459">
        </testcase>
        <testcase classname="tests/coverage.test.ts" name="the expander&apos;s corners &gt; expands a chase whose position list is walked past its end" time="0.003169669">
        </testcase>
        <testcase classname="tests/coverage.test.ts" name="the expander&apos;s corners &gt; keeps a fan with jitter of zero exactly on its spread" time="0.000842766">
        </testcase>
        <testcase classname="tests/coverage.test.ts" name="balance with nothing to balance &gt; reports no shares and no lean for an empty show" time="0.00114645">
        </testcase>
        <testcase classname="tests/coverage.test.ts" name="substitution corners &gt; finds nothing in a catalog of one" time="0.000542856">
        </testcase>
        <testcase classname="tests/coverage.test.ts" name="substitution corners &gt; matches two ground pieces, which have no calibre at all" time="0.000468296">
        </testcase>
        <testcase classname="tests/coverage.test.ts" name="the parser&apos;s later failure points &gt; refuses an unusable position after from in a ripple" time="0.00037012">
        </testcase>
        <testcase classname="tests/coverage.test.ts" name="the parser&apos;s later failure points &gt; refuses an unusable position after from in a fan" time="0.000355182">
        </testcase>
        <testcase classname="tests/coverage.test.ts" name="the parser&apos;s later failure points &gt; refuses a ripple interval that is not a time" time="0.000506779">
        </testcase>
        <testcase classname="tests/coverage.test.ts" name="the parser&apos;s later failure points &gt; refuses a fan spread that is not a time" time="0.000353129">
        </testcase>
        <testcase classname="tests/coverage.test.ts" name="the parser&apos;s later failure points &gt; refuses a chase interval that is not a time" time="0.000348579">
        </testcase>
        <testcase classname="tests/coverage.test.ts" name="the parser&apos;s later failure points &gt; refuses a chase effect that is not a usable name" time="0.000393135">
        </testcase>
        <testcase classname="tests/coverage.test.ts" name="the shared show flags &gt; reads every frame rate the flag offers" time="0.004969535">
        </testcase>
        <testcase classname="tests/coverage.test.ts" name="the shared show flags &gt; takes a wind bearing as well as a speed" time="0.001718253">
        </testcase>
        <testcase classname="tests/coverage.test.ts" name="the shared show flags &gt; runs with no catalog and no rig at all" time="0.000809622">
        </testcase>
    </testsuite>
    <testsuite name="tests/endToEnd.test.ts" timestamp="2026-09-04T04:07:18.609Z" hostname="bdc3c806c0c7" tests="31" failures="0" errors="0" skipped="0" time="0.134057736">
        <testcase classname="tests/endToEnd.test.ts" name="every command against the worked example &gt; annotate does its job" time="0.022013944">
        </testcase>
        <testcase classname="tests/endToEnd.test.ts" name="every command against the worked example &gt; check does its job" time="0.00639336">
        </testcase>
        <testcase classname="tests/endToEnd.test.ts" name="every command against the worked example &gt; codes does its job" time="0.000793001">
        </testcase>
        <testcase classname="tests/endToEnd.test.ts" name="every command against the worked example &gt; completion does its job" time="0.000583184">
        </testcase>
        <testcase classname="tests/endToEnd.test.ts" name="every command against the worked example &gt; continuity does its job" time="0.006346381">
        </testcase>
        <testcase classname="tests/endToEnd.test.ts" name="every command against the worked example &gt; crowd does its job" time="0.000978041">
        </testcase>
        <testcase classname="tests/endToEnd.test.ts" name="every command against the worked example &gt; diff does its job" time="0.005847357">
        </testcase>
        <testcase classname="tests/endToEnd.test.ts" name="every command against the worked example &gt; distance does its job" time="0.00074497">
        </testcase>
        <testcase classname="tests/endToEnd.test.ts" name="every command against the worked example &gt; double does its job" time="0.003086091">
        </testcase>
        <testcase classname="tests/endToEnd.test.ts" name="every command against the worked example &gt; explain does its job" time="0.005636448">
        </testcase>
        <testcase classname="tests/endToEnd.test.ts" name="every command against the worked example &gt; fmt does its job" time="0.001749832">
        </testcase>
        <testcase classname="tests/endToEnd.test.ts" name="every command against the worked example &gt; hazard does its job" time="0.003672541">
        </testcase>
        <testcase classname="tests/endToEnd.test.ts" name="every command against the worked example &gt; inventory does its job" time="0.003959053">
        </testcase>
        <testcase classname="tests/endToEnd.test.ts" name="every command against the worked example &gt; label does its job" time="0.001701921">
        </testcase>
        <testcase classname="tests/endToEnd.test.ts" name="every command against the worked example &gt; layout does its job" time="0.01100602">
        </testcase>
        <testcase classname="tests/endToEnd.test.ts" name="every command against the worked example &gt; lint does its job" time="0.001650674">
        </testcase>
        <testcase classname="tests/endToEnd.test.ts" name="every command against the worked example &gt; pack does its job" time="0.00847573">
        </testcase>
        <testcase classname="tests/endToEnd.test.ts" name="every command against the worked example &gt; permit does its job" time="0.004172017">
        </testcase>
        <testcase classname="tests/endToEnd.test.ts" name="every command against the worked example &gt; plan does its job" time="0.00341335">
        </testcase>
        <testcase classname="tests/endToEnd.test.ts" name="every command against the worked example &gt; preview does its job" time="0.004191452">
        </testcase>
        <testcase classname="tests/endToEnd.test.ts" name="every command against the worked example &gt; rehearse does its job" time="0.004013325">
        </testcase>
        <testcase classname="tests/endToEnd.test.ts" name="every command against the worked example &gt; sheet does its job" time="0.001695459">
        </testcase>
        <testcase classname="tests/endToEnd.test.ts" name="every command against the worked example &gt; table does its job" time="0.001982733">
        </testcase>
        <testcase classname="tests/endToEnd.test.ts" name="every command against the worked example &gt; version does its job" time="0.000435033">
        </testcase>
        <testcase classname="tests/endToEnd.test.ts" name="every command against the worked example &gt; covers every command the registry holds" time="0.000399596">
        </testcase>
        <testcase classname="tests/endToEnd.test.ts" name="every command against the worked example &gt; has a run for nothing that is not a command" time="0.000404585">
        </testcase>
        <testcase classname="tests/endToEnd.test.ts" name="the commands agree with each other &gt; counts the same cues in check, table and pack" time="0.007268546">
        </testcase>
        <testcase classname="tests/endToEnd.test.ts" name="the commands agree with each other &gt; puts the same first ignition in the sheet and the table" time="0.004801968">
        </testcase>
        <testcase classname="tests/endToEnd.test.ts" name="the commands agree with each other &gt; gives the same verdict on a tight field from check and permit" time="0.006199724">
        </testcase>
        <testcase classname="tests/endToEnd.test.ts" name="every command refuses nonsense the same way &gt; refuses an unknown flag with the usage code" time="0.004069531">
        </testcase>
        <testcase classname="tests/endToEnd.test.ts" name="every command refuses nonsense the same way &gt; prints a help screen for every command" time="0.003680225">
        </testcase>
    </testsuite>
    <testsuite name="tests/examples.test.ts" timestamp="2026-09-04T04:07:18.613Z" hostname="bdc3c806c0c7" tests="17" failures="0" errors="0" skipped="0" time="0.111676357">
        <testcase classname="tests/examples.test.ts" name="the worked example &gt; has a catalog that loads without complaint" time="0.001234747">
        </testcase>
        <testcase classname="tests/examples.test.ts" name="the worked example &gt; has a catalog that passes its own validation" time="0.001245097">
        </testcase>
        <testcase classname="tests/examples.test.ts" name="the worked example &gt; has a rig that loads without complaint" time="0.000300249">
        </testcase>
        <testcase classname="tests/examples.test.ts" name="the worked example &gt; loads across both script files" time="0.003975434">
        </testcase>
        <testcase classname="tests/examples.test.ts" name="the worked example &gt; lints clean apart from notes" time="0.005243473">
        </testcase>
        <testcase classname="tests/examples.test.ts" name="the worked example &gt; compiles the whole show cleanly across both files" time="0.012364441">
        </testcase>
        <testcase classname="tests/examples.test.ts" name="the worked example &gt; does not reach the finale without the include" time="0.004236817">
        </testcase>
        <testcase classname="tests/examples.test.ts" name="the example through the command line &gt; passes check" time="0.011237699">
        </testcase>
        <testcase classname="tests/examples.test.ts" name="the example through the command line &gt; has the shots a four minute show should" time="0.0106045">
        </testcase>
        <testcase classname="tests/examples.test.ts" name="the example through the command line &gt; writes a firing table every row of which has an address" time="0.017094953">
        </testcase>
        <testcase classname="tests/examples.test.ts" name="the example through the command line &gt; clears the separation rule on a two hundred metre field" time="0.010719497">
        </testcase>
        <testcase classname="tests/examples.test.ts" name="the example through the command line &gt; does not clear it on a fifty metre field" time="0.006702135">
        </testcase>
        <testcase classname="tests/examples.test.ts" name="the example through the command line &gt; previews without complaint" time="0.00620329">
        </testcase>
        <testcase classname="tests/examples.test.ts" name="the example through the command line &gt; lays out the racks" time="0.005340046">
        </testcase>
        <testcase classname="tests/examples.test.ts" name="the example through the command line &gt; reports its hazard totals" time="0.004931413">
        </testcase>
        <testcase classname="tests/examples.test.ts" name="the example through the command line &gt; compiles to the same table twice" time="0.005387095">
        </testcase>
        <testcase classname="tests/examples.test.ts" name="the example through the command line &gt; needs a pre roll for its opening shell" time="0.003109345">
        </testcase>
    </testsuite>
    <testsuite name="tests/large.test.ts" timestamp="2026-09-04T04:07:18.615Z" hostname="bdc3c806c0c7" tests="11" failures="0" errors="0" skipped="0" time="0.268794763">
        <testcase classname="tests/large.test.ts" name="a very large show &gt; compiles without errors" time="0.001467878">
        </testcase>
        <testcase classname="tests/large.test.ts" name="a very large show &gt; holds the shots it was asked for" time="0.000377435">
        </testcase>
        <testcase classname="tests/large.test.ts" name="a very large show &gt; gives every cue a distinct pin" time="0.001354193">
        </testcase>
        <testcase classname="tests/large.test.ts" name="a very large show &gt; puts every ignition on a frame boundary" time="0.003785756">
        </testcase>
        <testcase classname="tests/large.test.ts" name="a very large show &gt; orders the schedule by ignition" time="0.037586015">
        </testcase>
        <testcase classname="tests/large.test.ts" name="a very large show &gt; compiles the same show twice to the same table" time="0.082771611">
        </testcase>
        <testcase classname="tests/large.test.ts" name="a very large show &gt; writes a firing table with a row per cue" time="0.012980386">
        </testcase>
        <testcase classname="tests/large.test.ts" name="a very large show &gt; writes a cue sheet and a wiring sheet" time="0.022606164">
        </testcase>
        <testcase classname="tests/large.test.ts" name="a very large show &gt; reports density and load without falling over" time="0.008503634">
        </testcase>
        <testcase classname="tests/large.test.ts" name="a very large show &gt; finds chains worth cutting fuse for" time="0.011388925">
        </testcase>
        <testcase classname="tests/large.test.ts" name="it does not go quadratic &gt; grows roughly with the show rather than with its square" time="0.08423981">
        </testcase>
    </testsuite>
    <testsuite name="tests/robust.test.ts" timestamp="2026-09-04T04:07:18.616Z" hostname="bdc3c806c0c7" tests="137" failures="0" errors="0" skipped="0" time="0.208824838">
        <testcase classname="tests/robust.test.ts" name="the script reader never throws &gt; survives input 0" time="0.002262553">
        </testcase>
        <testcase classname="tests/robust.test.ts" name="the script reader never throws &gt; survives input 1" time="0.000319635">
        </testcase>
        <testcase classname="tests/robust.test.ts" name="the script reader never throws &gt; survives input 2" time="0.000255302">
        </testcase>
        <testcase classname="tests/robust.test.ts" name="the script reader never throws &gt; survives input 3" time="0.000365432">
        </testcase>
        <testcase classname="tests/robust.test.ts" name="the script reader never throws &gt; survives input 4" time="0.000281522">
        </testcase>
        <testcase classname="tests/robust.test.ts" name="the script reader never throws &gt; survives input 5" time="0.000268718">
        </testcase>
        <testcase classname="tests/robust.test.ts" name="the script reader never throws &gt; survives input 6" time="0.000247598">
        </testcase>
        <testcase classname="tests/robust.test.ts" name="the script reader never throws &gt; survives input 7" time="0.000252739">
        </testcase>
        <testcase classname="tests/robust.test.ts" name="the script reader never throws &gt; survives input 8" time="0.000604805">
        </testcase>
        <testcase classname="tests/robust.test.ts" name="the script reader never throws &gt; survives input 9" time="0.000550912">
        </testcase>
        <testcase classname="tests/robust.test.ts" name="the script reader never throws &gt; survives input 10" time="0.000514654">
        </testcase>
        <testcase classname="tests/robust.test.ts" name="the script reader never throws &gt; survives input 11" time="0.000404566">
        </testcase>
        <testcase classname="tests/robust.test.ts" name="the script reader never throws &gt; survives input 12" time="0.000762093">
        </testcase>
        <testcase classname="tests/robust.test.ts" name="the script reader never throws &gt; survives input 13" time="0.000312853">
        </testcase>
        <testcase classname="tests/robust.test.ts" name="the script reader never throws &gt; survives input 14" time="0.000234584">
        </testcase>
        <testcase classname="tests/robust.test.ts" name="the script reader never throws &gt; survives input 15" time="0.000364009">
        </testcase>
        <testcase classname="tests/robust.test.ts" name="the script reader never throws &gt; survives input 16" time="0.000667804">
        </testcase>
        <testcase classname="tests/robust.test.ts" name="the script reader never throws &gt; survives input 17" time="0.000229404">
        </testcase>
        <testcase classname="tests/robust.test.ts" name="the script reader never throws &gt; survives input 18" time="0.000191152">
        </testcase>
        <testcase classname="tests/robust.test.ts" name="the script reader never throws &gt; survives input 19" time="0.000235025">
        </testcase>
        <testcase classname="tests/robust.test.ts" name="the script reader never throws &gt; survives input 20" time="0.000338581">
        </testcase>
        <testcase classname="tests/robust.test.ts" name="the script reader never throws &gt; survives input 21" time="0.000185371">
        </testcase>
        <testcase classname="tests/robust.test.ts" name="the script reader never throws &gt; survives input 22" time="0.000236848">
        </testcase>
        <testcase classname="tests/robust.test.ts" name="the script reader never throws &gt; survives input 23" time="0.000253369">
        </testcase>
        <testcase classname="tests/robust.test.ts" name="the script reader never throws &gt; survives input 24" time="0.000229334">
        </testcase>
        <testcase classname="tests/robust.test.ts" name="the script reader never throws &gt; survives input 25" time="0.000348049">
        </testcase>
        <testcase classname="tests/robust.test.ts" name="the script reader never throws &gt; survives input 26" time="0.000513081">
        </testcase>
        <testcase classname="tests/robust.test.ts" name="the script reader never throws &gt; survives input 27" time="0.000203796">
        </testcase>
        <testcase classname="tests/robust.test.ts" name="the script reader never throws &gt; survives input 28" time="0.000167967">
        </testcase>
        <testcase classname="tests/robust.test.ts" name="the script reader never throws &gt; survives input 29" time="0.000143912">
        </testcase>
        <testcase classname="tests/robust.test.ts" name="the script reader never throws &gt; survives input 30" time="0.000182486">
        </testcase>
        <testcase classname="tests/robust.test.ts" name="the script reader never throws &gt; survives input 31" time="0.000967291">
        </testcase>
        <testcase classname="tests/robust.test.ts" name="the script reader never throws &gt; survives input 32" time="0.0001793">
        </testcase>
        <testcase classname="tests/robust.test.ts" name="the script reader never throws &gt; survives input 33" time="0.000310948">
        </testcase>
        <testcase classname="tests/robust.test.ts" name="the script reader never throws &gt; survives input 34" time="0.000152418">
        </testcase>
        <testcase classname="tests/robust.test.ts" name="the script reader never throws &gt; survives input 35" time="0.000438961">
        </testcase>
        <testcase classname="tests/robust.test.ts" name="the script reader never throws &gt; survives input 36" time="0.000154562">
        </testcase>
        <testcase classname="tests/robust.test.ts" name="the script reader never throws &gt; survives input 37" time="0.000173008">
        </testcase>
        <testcase classname="tests/robust.test.ts" name="the script reader never throws &gt; survives input 38" time="0.000269739">
        </testcase>
        <testcase classname="tests/robust.test.ts" name="the script reader never throws &gt; survives input 39" time="0.000163639">
        </testcase>
        <testcase classname="tests/robust.test.ts" name="the script reader never throws &gt; survives input 40" time="0.000230727">
        </testcase>
        <testcase classname="tests/robust.test.ts" name="the script reader never throws &gt; survives input 41" time="0.001264163">
        </testcase>
        <testcase classname="tests/robust.test.ts" name="the script reader never throws &gt; survives input 42" time="0.001504017">
        </testcase>
        <testcase classname="tests/robust.test.ts" name="the script reader never throws &gt; survives input 43" time="0.006406565">
        </testcase>
        <testcase classname="tests/robust.test.ts" name="the script reader never throws &gt; always reports something for input it cannot use" time="0.000357056">
        </testcase>
        <testcase classname="tests/robust.test.ts" name="the script reader never throws &gt; never invents a statement it did not read" time="0.012909051">
        </testcase>
        <testcase classname="tests/robust.test.ts" name="the guards on a file that is not a script &gt; refuses a file far too large to be a show" time="0.015194908">
        </testcase>
        <testcase classname="tests/robust.test.ts" name="the guards on a file that is not a script &gt; accepts a file just inside the limit" time="0.00020641">
        </testcase>
        <testcase classname="tests/robust.test.ts" name="the guards on a file that is not a script &gt; refuses a line far too long to be a cue" time="0.00058599">
        </testcase>
        <testcase classname="tests/robust.test.ts" name="the guards on a file that is not a script &gt; keeps reading the lines after a line that is too long" time="0.001367608">
        </testcase>
        <testcase classname="tests/robust.test.ts" name="the whole compiler never throws &gt; compiles input 0 without falling over" time="0.002704288">
        </testcase>
        <testcase classname="tests/robust.test.ts" name="the whole compiler never throws &gt; compiles input 1 without falling over" time="0.000271574">
        </testcase>
        <testcase classname="tests/robust.test.ts" name="the whole compiler never throws &gt; compiles input 2 without falling over" time="0.000191663">
        </testcase>
        <testcase classname="tests/robust.test.ts" name="the whole compiler never throws &gt; compiles input 3 without falling over" time="0.000219285">
        </testcase>
        <testcase classname="tests/robust.test.ts" name="the whole compiler never throws &gt; compiles input 4 without falling over" time="0.000296141">
        </testcase>
        <testcase classname="tests/robust.test.ts" name="the whole compiler never throws &gt; compiles input 5 without falling over" time="0.000225938">
        </testcase>
        <testcase classname="tests/robust.test.ts" name="the whole compiler never throws &gt; compiles input 6 without falling over" time="0.000182124">
        </testcase>
        <testcase classname="tests/robust.test.ts" name="the whole compiler never throws &gt; compiles input 7 without falling over" time="0.000183047">
        </testcase>
        <testcase classname="tests/robust.test.ts" name="the whole compiler never throws &gt; compiles input 8 without falling over" time="0.000418091">
        </testcase>
        <testcase classname="tests/robust.test.ts" name="the whole compiler never throws &gt; compiles input 9 without falling over" time="0.000183617">
        </testcase>
        <testcase classname="tests/robust.test.ts" name="the whole compiler never throws &gt; compiles input 10 without falling over" time="0.000151948">
        </testcase>
        <testcase classname="tests/robust.test.ts" name="the whole compiler never throws &gt; compiles input 11 without falling over" time="0.001003348">
        </testcase>
        <testcase classname="tests/robust.test.ts" name="the whole compiler never throws &gt; compiles input 12 without falling over" time="0.000154642">
        </testcase>
        <testcase classname="tests/robust.test.ts" name="the whole compiler never throws &gt; compiles input 13 without falling over" time="0.000156766">
        </testcase>
        <testcase classname="tests/robust.test.ts" name="the whole compiler never throws &gt; compiles input 14 without falling over" time="0.00018512">
        </testcase>
        <testcase classname="tests/robust.test.ts" name="the whole compiler never throws &gt; compiles input 15 without falling over" time="0.000140807">
        </testcase>
        <testcase classname="tests/robust.test.ts" name="the whole compiler never throws &gt; compiles input 16 without falling over" time="0.000138271">
        </testcase>
        <testcase classname="tests/robust.test.ts" name="the whole compiler never throws &gt; compiles input 17 without falling over" time="0.000157488">
        </testcase>
        <testcase classname="tests/robust.test.ts" name="the whole compiler never throws &gt; compiles input 18 without falling over" time="0.000132932">
        </testcase>
        <testcase classname="tests/robust.test.ts" name="the whole compiler never throws &gt; compiles input 19 without falling over" time="0.000130106">
        </testcase>
        <testcase classname="tests/robust.test.ts" name="the whole compiler never throws &gt; compiles input 20 without falling over" time="0.000203315">
        </testcase>
        <testcase classname="tests/robust.test.ts" name="the whole compiler never throws &gt; compiles input 21 without falling over" time="0.000142319">
        </testcase>
        <testcase classname="tests/robust.test.ts" name="the whole compiler never throws &gt; compiles input 22 without falling over" time="0.000127561">
        </testcase>
        <testcase classname="tests/robust.test.ts" name="the whole compiler never throws &gt; compiles input 23 without falling over" time="0.000142941">
        </testcase>
        <testcase classname="tests/robust.test.ts" name="the whole compiler never throws &gt; compiles input 24 without falling over" time="0.000132931">
        </testcase>
        <testcase classname="tests/robust.test.ts" name="the whole compiler never throws &gt; compiles input 25 without falling over" time="0.000133012">
        </testcase>
        <testcase classname="tests/robust.test.ts" name="the whole compiler never throws &gt; compiles input 26 without falling over" time="0.000131779">
        </testcase>
        <testcase classname="tests/robust.test.ts" name="the whole compiler never throws &gt; compiles input 27 without falling over" time="0.000147469">
        </testcase>
        <testcase classname="tests/robust.test.ts" name="the whole compiler never throws &gt; compiles input 28 without falling over" time="0.000263228">
        </testcase>
        <testcase classname="tests/robust.test.ts" name="the whole compiler never throws &gt; compiles input 29 without falling over" time="0.000134985">
        </testcase>
        <testcase classname="tests/robust.test.ts" name="the whole compiler never throws &gt; compiles input 30 without falling over" time="0.000119346">
        </testcase>
        <testcase classname="tests/robust.test.ts" name="the whole compiler never throws &gt; compiles input 31 without falling over" time="0.000177395">
        </testcase>
        <testcase classname="tests/robust.test.ts" name="the whole compiler never throws &gt; compiles input 32 without falling over" time="0.000134404">
        </testcase>
        <testcase classname="tests/robust.test.ts" name="the whole compiler never throws &gt; compiles input 33 without falling over" time="0.000119026">
        </testcase>
        <testcase classname="tests/robust.test.ts" name="the whole compiler never throws &gt; compiles input 34 without falling over" time="0.000114387">
        </testcase>
        <testcase classname="tests/robust.test.ts" name="the whole compiler never throws &gt; compiles input 35 without falling over" time="0.000142278">
        </testcase>
        <testcase classname="tests/robust.test.ts" name="the whole compiler never throws &gt; compiles input 36 without falling over" time="0.000128654">
        </testcase>
        <testcase classname="tests/robust.test.ts" name="the whole compiler never throws &gt; compiles input 37 without falling over" time="0.000110739">
        </testcase>
        <testcase classname="tests/robust.test.ts" name="the whole compiler never throws &gt; compiles input 38 without falling over" time="0.000162769">
        </testcase>
        <testcase classname="tests/robust.test.ts" name="the whole compiler never throws &gt; compiles input 39 without falling over" time="0.000141718">
        </testcase>
        <testcase classname="tests/robust.test.ts" name="the whole compiler never throws &gt; compiles input 40 without falling over" time="0.000130157">
        </testcase>
        <testcase classname="tests/robust.test.ts" name="the whole compiler never throws &gt; compiles input 41 without falling over" time="0.000298705">
        </testcase>
        <testcase classname="tests/robust.test.ts" name="the whole compiler never throws &gt; compiles input 42 without falling over" time="0.000505757">
        </testcase>
        <testcase classname="tests/robust.test.ts" name="the whole compiler never throws &gt; compiles input 43 without falling over" time="0.00930997">
        </testcase>
        <testcase classname="tests/robust.test.ts" name="the whole compiler never throws &gt; gives an empty schedule rather than a broken one" time="0.004754238">
        </testcase>
        <testcase classname="tests/robust.test.ts" name="the file readers never throw &gt; reads catalog 0" time="0.000556233">
        </testcase>
        <testcase classname="tests/robust.test.ts" name="the file readers never throw &gt; reads magazine 0" time="0.000347508">
        </testcase>
        <testcase classname="tests/robust.test.ts" name="the file readers never throw &gt; reads continuity 0" time="0.000302122">
        </testcase>
        <testcase classname="tests/robust.test.ts" name="the file readers never throw &gt; reads rig 0" time="0.000607921">
        </testcase>
        <testcase classname="tests/robust.test.ts" name="the file readers never throw &gt; reads catalog 1" time="0.000177796">
        </testcase>
        <testcase classname="tests/robust.test.ts" name="the file readers never throw &gt; reads magazine 1" time="0.000112913">
        </testcase>
        <testcase classname="tests/robust.test.ts" name="the file readers never throw &gt; reads continuity 1" time="0.000084511">
        </testcase>
        <testcase classname="tests/robust.test.ts" name="the file readers never throw &gt; reads rig 1" time="0.000182084">
        </testcase>
        <testcase classname="tests/robust.test.ts" name="the file readers never throw &gt; reads catalog 2" time="0.00010594">
        </testcase>
        <testcase classname="tests/robust.test.ts" name="the file readers never throw &gt; reads magazine 2" time="0.00008975">
        </testcase>
        <testcase classname="tests/robust.test.ts" name="the file readers never throw &gt; reads continuity 2" time="0.000206179">
        </testcase>
        <testcase classname="tests/robust.test.ts" name="the file readers never throw &gt; reads rig 2" time="0.000123363">
        </testcase>
        <testcase classname="tests/robust.test.ts" name="the file readers never throw &gt; reads catalog 3" time="0.000407832">
        </testcase>
        <testcase classname="tests/robust.test.ts" name="the file readers never throw &gt; reads magazine 3" time="0.000100931">
        </testcase>
        <testcase classname="tests/robust.test.ts" name="the file readers never throw &gt; reads continuity 3" time="0.000081554">
        </testcase>
        <testcase classname="tests/robust.test.ts" name="the file readers never throw &gt; reads rig 3" time="0.000091142">
        </testcase>
        <testcase classname="tests/robust.test.ts" name="the file readers never throw &gt; reads catalog 4" time="0.000145325">
        </testcase>
        <testcase classname="tests/robust.test.ts" name="the file readers never throw &gt; reads magazine 4" time="0.000136037">
        </testcase>
        <testcase classname="tests/robust.test.ts" name="the file readers never throw &gt; reads continuity 4" time="0.000111711">
        </testcase>
        <testcase classname="tests/robust.test.ts" name="the file readers never throw &gt; reads rig 4" time="0.000243121">
        </testcase>
        <testcase classname="tests/robust.test.ts" name="the file readers never throw &gt; reads catalog 5" time="0.000126058">
        </testcase>
        <testcase classname="tests/robust.test.ts" name="the file readers never throw &gt; reads magazine 5" time="0.000082787">
        </testcase>
        <testcase classname="tests/robust.test.ts" name="the file readers never throw &gt; reads continuity 5" time="0.00008497">
        </testcase>
        <testcase classname="tests/robust.test.ts" name="the file readers never throw &gt; reads rig 5" time="0.000106031">
        </testcase>
        <testcase classname="tests/robust.test.ts" name="the file readers never throw &gt; reads catalog 6" time="0.001782163">
        </testcase>
        <testcase classname="tests/robust.test.ts" name="the file readers never throw &gt; reads magazine 6" time="0.00024852">
        </testcase>
        <testcase classname="tests/robust.test.ts" name="the file readers never throw &gt; reads continuity 6" time="0.000200881">
        </testcase>
        <testcase classname="tests/robust.test.ts" name="the file readers never throw &gt; reads rig 6" time="0.000194067">
        </testcase>
        <testcase classname="tests/robust.test.ts" name="the file readers never throw &gt; reads catalog 7" time="0.000195239">
        </testcase>
        <testcase classname="tests/robust.test.ts" name="the file readers never throw &gt; reads magazine 7" time="0.000159833">
        </testcase>
        <testcase classname="tests/robust.test.ts" name="the file readers never throw &gt; reads continuity 7" time="0.000177295">
        </testcase>
        <testcase classname="tests/robust.test.ts" name="the file readers never throw &gt; reads rig 7" time="0.000185041">
        </testcase>
        <testcase classname="tests/robust.test.ts" name="the file readers never throw &gt; reads catalog 8" time="0.000206261">
        </testcase>
        <testcase classname="tests/robust.test.ts" name="the file readers never throw &gt; reads magazine 8" time="0.0001692">
        </testcase>
        <testcase classname="tests/robust.test.ts" name="the file readers never throw &gt; reads continuity 8" time="0.000194678">
        </testcase>
        <testcase classname="tests/robust.test.ts" name="the file readers never throw &gt; reads rig 8" time="0.000184841">
        </testcase>
        <testcase classname="tests/robust.test.ts" name="the file readers never throw &gt; reads catalog 9" time="0.00015912">
        </testcase>
        <testcase classname="tests/robust.test.ts" name="the file readers never throw &gt; reads magazine 9" time="0.000435734">
        </testcase>
        <testcase classname="tests/robust.test.ts" name="the file readers never throw &gt; reads continuity 9" time="0.000134675">
        </testcase>
        <testcase classname="tests/robust.test.ts" name="the file readers never throw &gt; reads rig 9" time="0.000188817">
        </testcase>
        <testcase classname="tests/robust.test.ts" name="random scripts &gt; survives a thousand random word salads" time="0.059542069">
        </testcase>
        <testcase classname="tests/robust.test.ts" name="random scripts &gt; never produces a schedule with a duplicate pin" time="0.055592504">
        </testcase>
    </testsuite>
    <testsuite name="tests/surface.test.ts" timestamp="2026-09-04T04:07:18.632Z" hostname="bdc3c806c0c7" tests="7" failures="0" errors="0" skipped="0" time="0.005158733">
        <testcase classname="tests/surface.test.ts" name="the public surface &gt; exports the whole pipeline" time="0.001419878">
        </testcase>
        <testcase classname="tests/surface.test.ts" name="the public surface &gt; exports the readers" time="0.000350383">
        </testcase>
        <testcase classname="tests/surface.test.ts" name="the public surface &gt; exports the checks" time="0.000412661">
        </testcase>
        <testcase classname="tests/surface.test.ts" name="the public surface &gt; exports the outputs" time="0.000331458">
        </testcase>
        <testcase classname="tests/surface.test.ts" name="the public surface &gt; exports the command line as a library too" time="0.000249161">
        </testcase>
        <testcase classname="tests/surface.test.ts" name="the public surface &gt; exports a version" time="0.000318543">
        </testcase>
        <testcase classname="tests/surface.test.ts" name="the public surface &gt; exports a good deal without exporting everything twice" time="0.000503353">
        </testcase>
    </testsuite>
    <testsuite name="tests/version.test.ts" timestamp="2026-09-04T04:07:18.632Z" hostname="bdc3c806c0c7" tests="25" failures="0" errors="0" skipped="0" time="0.023456934">
        <testcase classname="tests/version.test.ts" name="the constants &gt; looks like a version" time="0.001412212">
        </testcase>
        <testcase classname="tests/version.test.ts" name="the constants &gt; agrees with the show json version" time="0.000440975">
        </testcase>
        <testcase classname="tests/version.test.ts" name="the constants &gt; names a node floor that matches the package" time="0.000265163">
        </testcase>
        <testcase classname="tests/version.test.ts" name="versionInfo &gt; reports the running node and platform" time="0.001151178">
        </testcase>
        <testcase classname="tests/version.test.ts" name="versionInfo &gt; describes itself over three lines" time="0.001232864">
        </testcase>
        <testcase classname="tests/version.test.ts" name="versionInfo &gt; describes an info it was handed" time="0.000287484">
        </testcase>
        <testcase classname="tests/version.test.ts" name="compareVersions &gt; orders by each part in turn" time="0.000582903">
        </testcase>
        <testcase classname="tests/version.test.ts" name="compareVersions &gt; says equal versions are equal" time="0.000321058">
        </testcase>
        <testcase classname="tests/version.test.ts" name="compareVersions &gt; treats a missing part as zero" time="0.000229925">
        </testcase>
        <testcase classname="tests/version.test.ts" name="compareVersions &gt; falls back to text for something that is not a version" time="0.000209587">
        </testcase>
        <testcase classname="tests/version.test.ts" name="nodeIsSupported &gt; accepts the floor and anything above it" time="0.001054595">
        </testcase>
        <testcase classname="tests/version.test.ts" name="nodeIsSupported &gt; rejects anything below it" time="0.000316249">
        </testcase>
        <testcase classname="tests/version.test.ts" name="nodeIsSupported &gt; accepts the node this is running on" time="0.000355984">
        </testcase>
        <testcase classname="tests/version.test.ts" name="the version command &gt; prints the whole block" time="0.001068993">
        </testcase>
        <testcase classname="tests/version.test.ts" name="the version command &gt; prints the version alone when asked" time="0.000244764">
        </testcase>
        <testcase classname="tests/version.test.ts" name="the version command &gt; says nothing on standard error on a supported node" time="0.000341707">
        </testcase>
        <testcase classname="tests/version.test.ts" name="the version flag &gt; works before any command" time="0.000196683">
        </testcase>
        <testcase classname="tests/version.test.ts" name="the version flag &gt; takes the short form too" time="0.000173218">
        </testcase>
        <testcase classname="tests/version.test.ts" name="the version flag &gt; does not shadow a command called with it later" time="0.000207633">
        </testcase>
        <testcase classname="tests/version.test.ts" name="the version flag &gt; still refuses an unknown short flag inside a command" time="0.000449862">
        </testcase>
        <testcase classname="tests/version.test.ts" name="runMain &gt; passes an ordinary run straight through" time="0.000298485">
        </testcase>
        <testcase classname="tests/version.test.ts" name="runMain &gt; turns a throw into an internal error code" time="0.007955065">
        </testcase>
        <testcase classname="tests/version.test.ts" name="runMain &gt; says what happened and that it is a bug" time="0.001427311">
        </testcase>
        <testcase classname="tests/version.test.ts" name="runMain &gt; keeps the internal code apart from a show problem" time="0.000235315">
        </testcase>
        <testcase classname="tests/version.test.ts" name="runMain &gt; describes something thrown that is not an Error" time="0.000461533">
        </testcase>
    </testsuite>
    <testsuite name="tests/catalog/calibre.test.ts" timestamp="2026-09-04T04:07:18.635Z" hostname="bdc3c806c0c7" tests="19" failures="0" errors="0" skipped="0" time="0.012108105">
        <testcase classname="tests/catalog/calibre.test.ts" name="calibre &gt; labels a standard size in inches" time="0.00182813">
        </testcase>
        <testcase classname="tests/catalog/calibre.test.ts" name="calibre &gt; labels a size between the standards from its own conversion" time="0.000387253">
        </testcase>
        <testcase classname="tests/catalog/calibre.test.ts" name="calibre &gt; keeps the size it was given rather than the nominal one" time="0.000403784">
        </testcase>
        <testcase classname="tests/catalog/calibre.test.ts" name="parseCalibre &gt; reads millimetres" time="0.000642776">
        </testcase>
        <testcase classname="tests/catalog/calibre.test.ts" name="parseCalibre &gt; reads inches in every spelling" time="0.000394306">
        </testcase>
        <testcase classname="tests/catalog/calibre.test.ts" name="parseCalibre &gt; guesses a bare number from its size" time="0.000318152">
        </testcase>
        <testcase classname="tests/catalog/calibre.test.ts" name="parseCalibre &gt; takes a fraction of an inch" time="0.000233773">
        </testcase>
        <testcase classname="tests/catalog/calibre.test.ts" name="parseCalibre &gt; ignores surrounding space and case" time="0.000234393">
        </testcase>
        <testcase classname="tests/catalog/calibre.test.ts" name="parseCalibre &gt; refuses nonsense" time="0.000353459">
        </testcase>
        <testcase classname="tests/catalog/calibre.test.ts" name="formatting &gt; prints millimetres for a table" time="0.000320537">
        </testcase>
        <testcase classname="tests/catalog/calibre.test.ts" name="formatting &gt; prints inches for a person" time="0.000343169">
        </testcase>
        <testcase classname="tests/catalog/calibre.test.ts" name="bandOf &gt; bands by where the handling changes" time="0.000435244">
        </testcase>
        <testcase classname="tests/catalog/calibre.test.ts" name="comparison &gt; orders by size" time="0.000402632">
        </testcase>
        <testcase classname="tests/catalog/calibre.test.ts" name="comparison &gt; says equal sizes are the same" time="0.000279249">
        </testcase>
        <testcase classname="tests/catalog/calibre.test.ts" name="mortars &gt; widens the bore by the handling clearance" time="0.000340124">
        </testcase>
        <testcase classname="tests/catalog/calibre.test.ts" name="mortars &gt; accepts a mortar with a workable gap" time="0.000257748">
        </testcase>
        <testcase classname="tests/catalog/calibre.test.ts" name="mortars &gt; rejects a mortar that is too tight or too loose" time="0.000266133">
        </testcase>
        <testcase classname="tests/catalog/calibre.test.ts" name="standardCalibres &gt; lists the catalogue sizes in order" time="0.001354733">
        </testcase>
        <testcase classname="tests/catalog/calibre.test.ts" name="standardCalibres &gt; labels every one of them in inches" time="0.001085675">
        </testcase>
    </testsuite>
    <testsuite name="tests/catalog/effect.test.ts" timestamp="2026-09-04T04:07:18.636Z" hostname="bdc3c806c0c7" tests="20" failures="0" errors="0" skipped="0" time="0.008914732">
        <testcase classname="tests/catalog/effect.test.ts" name="kinds &gt; lists all five" time="0.002397387">
        </testcase>
        <testcase classname="tests/catalog/effect.test.ts" name="kinds &gt; narrows to exactly one kind each" time="0.000576461">
        </testcase>
        <testcase classname="tests/catalog/effect.test.ts" name="kinds &gt; does not confuse a cake with a shell" time="0.000181073">
        </testcase>
        <testcase classname="tests/catalog/effect.test.ts" name="calibreOf &gt; reads the bore of anything that has one" time="0.000245384">
        </testcase>
        <testcase classname="tests/catalog/effect.test.ts" name="calibreOf &gt; gives nothing for a ground piece rather than zero" time="0.000197193">
        </testcase>
        <testcase classname="tests/catalog/effect.test.ts" name="shotCount &gt; counts the shots of a cake and a candle" time="0.000229835">
        </testcase>
        <testcase classname="tests/catalog/effect.test.ts" name="shotCount &gt; counts one for everything else" time="0.000325507">
        </testcase>
        <testcase classname="tests/catalog/effect.test.ts" name="goesUp &gt; is true for anything that leaves the deck" time="0.00036937">
        </testcase>
        <testcase classname="tests/catalog/effect.test.ts" name="goesUp &gt; is false for a ground piece" time="0.000170893">
        </testcase>
        <testcase classname="tests/catalog/effect.test.ts" name="reachOf &gt; uses the full apogee for a shell with no override" time="0.000486801">
        </testcase>
        <testcase classname="tests/catalog/effect.test.ts" name="reachOf &gt; uses a lowered break when the shell carries one" time="0.000160534">
        </testcase>
        <testcase classname="tests/catalog/effect.test.ts" name="reachOf &gt; uses the carried height for a mine, candle and ground piece" time="0.000143462">
        </testcase>
        <testcase classname="tests/catalog/effect.test.ts" name="reachOf &gt; uses the apogee for a cake" time="0.000095511">
        </testcase>
        <testcase classname="tests/catalog/effect.test.ts" name="describeEffect &gt; names a shell by size and break" time="0.000217722">
        </testcase>
        <testcase classname="tests/catalog/effect.test.ts" name="describeEffect &gt; names a cake by its shot count" time="0.000104839">
        </testcase>
        <testcase classname="tests/catalog/effect.test.ts" name="describeEffect &gt; names a mine, a candle and a ground piece" time="0.000274901">
        </testcase>
        <testcase classname="tests/catalog/effect.test.ts" name="shell &gt; fills in a default break style" time="0.000178537">
        </testcase>
        <testcase classname="tests/catalog/effect.test.ts" name="shell &gt; scales hang time and break diameter with calibre" time="0.000235415">
        </testcase>
        <testcase classname="tests/catalog/effect.test.ts" name="shell &gt; keeps an override rather than the default" time="0.000177025">
        </testcase>
        <testcase classname="tests/catalog/effect.test.ts" name="shell &gt; leaves the maker off when there is none" time="0.000313645">
        </testcase>
    </testsuite>
    <testsuite name="tests/catalog/envelope.test.ts" timestamp="2026-09-04T04:07:18.638Z" hostname="bdc3c806c0c7" tests="21" failures="0" errors="0" skipped="0" time="0.009543021">
        <testcase classname="tests/catalog/envelope.test.ts" name="a shell &gt; centres the ball at the break height" time="0.001839723">
        </testcase>
        <testcase classname="tests/catalog/envelope.test.ts" name="a shell &gt; takes the radius from half the break diameter" time="0.000220598">
        </testcase>
        <testcase classname="tests/catalog/envelope.test.ts" name="a shell &gt; uses a lowered break when the shell carries one" time="0.000175833">
        </testcase>
        <testcase classname="tests/catalog/envelope.test.ts" name="a shell &gt; takes an apogee override" time="0.000197423">
        </testcase>
        <testcase classname="tests/catalog/envelope.test.ts" name="a shell &gt; throws debris wider than it breaks" time="0.000350925">
        </testcase>
        <testcase classname="tests/catalog/envelope.test.ts" name="a mine &gt; sits halfway up its own column" time="0.000274399">
        </testcase>
        <testcase classname="tests/catalog/envelope.test.ts" name="a mine &gt; gets wider with a wider spread" time="0.000275301">
        </testcase>
        <testcase classname="tests/catalog/envelope.test.ts" name="a mine &gt; never reports a radius of nothing" time="0.000231387">
        </testcase>
        <testcase classname="tests/catalog/envelope.test.ts" name="a cake &gt; sits halfway to its apogee" time="0.000168639">
        </testcase>
        <testcase classname="tests/catalog/envelope.test.ts" name="a cake &gt; opens wider when it is fanned" time="0.000173669">
        </testcase>
        <testcase classname="tests/catalog/envelope.test.ts" name="ground pieces and candles &gt; keeps a gerb close to the deck" time="0.00028">
        </testcase>
        <testcase classname="tests/catalog/envelope.test.ts" name="ground pieces and candles &gt; gives every effect a floor on its fallout" time="0.000269991">
        </testcase>
        <testcase classname="tests/catalog/envelope.test.ts" name="ground pieces and candles &gt; treats a candle as a narrow column" time="0.000198195">
        </testcase>
        <testcase classname="tests/catalog/envelope.test.ts" name="ceiling and floor &gt; reads the top and bottom of the ball" time="0.000286802">
        </testcase>
        <testcase classname="tests/catalog/envelope.test.ts" name="ceiling and floor &gt; never puts the floor below the ground" time="0.000442859">
        </testcase>
        <testcase classname="tests/catalog/envelope.test.ts" name="intersection &gt; says two breaks at the same height collide" time="0.000205969">
        </testcase>
        <testcase classname="tests/catalog/envelope.test.ts" name="intersection &gt; separates them by height" time="0.000306209">
        </testcase>
        <testcase classname="tests/catalog/envelope.test.ts" name="intersection &gt; separates them across the ground" time="0.000449681">
        </testcase>
        <testcase classname="tests/catalog/envelope.test.ts" name="intersection &gt; says how far apart to fire them" time="0.000503673">
        </testcase>
        <testcase classname="tests/catalog/envelope.test.ts" name="intersection &gt; asks for no clearance when the heights already separate them" time="0.000392272">
        </testcase>
        <testcase classname="tests/catalog/envelope.test.ts" name="describeEnvelope &gt; reads as one line on a report" time="0.000223682">
        </testcase>
    </testsuite>
    <testsuite name="tests/catalog/hazard.test.ts" timestamp="2026-09-04T04:07:18.639Z" hostname="bdc3c806c0c7" tests="23" failures="0" errors="0" skipped="0" time="0.013133446">
        <testcase classname="tests/catalog/hazard.test.ts" name="hazardClass &gt; maps every division onto its UN number" time="0.002061641">
        </testcase>
        <testcase classname="tests/catalog/hazard.test.ts" name="netExplosiveGrams &gt; puts a three inch and a six inch in the right range" time="0.000634561">
        </testcase>
        <testcase classname="tests/catalog/hazard.test.ts" name="netExplosiveGrams &gt; scales with the cube of the calibre" time="0.000217641">
        </testcase>
        <testcase classname="tests/catalog/hazard.test.ts" name="netExplosiveGrams &gt; counts every shot of a cake" time="0.000167968">
        </testcase>
        <testcase classname="tests/catalog/hazard.test.ts" name="netExplosiveGrams &gt; gives a ground piece a small flat figure" time="0.00015809">
        </testcase>
        <testcase classname="tests/catalog/hazard.test.ts" name="divisionFor &gt; puts a display shell in 1.3G" time="0.000256636">
        </testcase>
        <testcase classname="tests/catalog/hazard.test.ts" name="divisionFor &gt; puts a large salute in 1.1G" time="0.000188206">
        </testcase>
        <testcase classname="tests/catalog/hazard.test.ts" name="divisionFor &gt; leaves a small salute in 1.3G" time="0.000118905">
        </testcase>
        <testcase classname="tests/catalog/hazard.test.ts" name="divisionFor &gt; puts a very small item in 1.4G" time="0.000132761">
        </testcase>
        <testcase classname="tests/catalog/hazard.test.ts" name="divisionFor &gt; puts a small ground piece in 1.4S" time="0.000130157">
        </testcase>
        <testcase classname="tests/catalog/hazard.test.ts" name="divisionFor &gt; gives every item a UN number" time="0.000971448">
        </testcase>
        <testcase classname="tests/catalog/hazard.test.ts" name="hazardTotals &gt; adds the net quantity across a show" time="0.000655091">
        </testcase>
        <testcase classname="tests/catalog/hazard.test.ts" name="hazardTotals &gt; multiplies by the count when it was given one" time="0.000161156">
        </testcase>
        <testcase classname="tests/catalog/hazard.test.ts" name="hazardTotals &gt; splits the total by division" time="0.000160694">
        </testcase>
        <testcase classname="tests/catalog/hazard.test.ts" name="hazardTotals &gt; reports the most restrictive division present" time="0.000464259">
        </testcase>
        <testcase classname="tests/catalog/hazard.test.ts" name="hazardTotals &gt; reports nothing for an empty show" time="0.00016388">
        </testcase>
        <testcase classname="tests/catalog/hazard.test.ts" name="checkStore &gt; passes a show inside the licence" time="0.000275882">
        </testcase>
        <testcase classname="tests/catalog/hazard.test.ts" name="checkStore &gt; fails a show over the capacity" time="0.000466062">
        </testcase>
        <testcase classname="tests/catalog/hazard.test.ts" name="checkStore &gt; warns close to the capacity" time="0.000941953">
        </testcase>
        <testcase classname="tests/catalog/hazard.test.ts" name="checkStore &gt; fails a division the licence does not cover" time="0.000139924">
        </testcase>
        <testcase classname="tests/catalog/hazard.test.ts" name="reporting &gt; writes a transport line per division, worst first" time="0.000322521">
        </testcase>
        <testcase classname="tests/catalog/hazard.test.ts" name="reporting &gt; names the heaviest items" time="0.000369499">
        </testcase>
        <testcase classname="tests/catalog/hazard.test.ts" name="reporting &gt; names nothing for an empty show" time="0.000612338">
        </testcase>
    </testsuite>
    <testsuite name="tests/catalog/inventory.test.ts" timestamp="2026-09-04T04:07:18.643Z" hostname="bdc3c806c0c7" tests="20" failures="0" errors="0" skipped="0" time="0.009532912">
        <testcase classname="tests/catalog/inventory.test.ts" name="receiving &gt; counts lots and units" time="0.001133075">
        </testcase>
        <testcase classname="tests/catalog/inventory.test.ts" name="receiving &gt; adds a split delivery to the same lot" time="0.000320917">
        </testcase>
        <testcase classname="tests/catalog/inventory.test.ts" name="receiving &gt; keeps the same lot number under two effects apart" time="0.000811776">
        </testcase>
        <testcase classname="tests/catalog/inventory.test.ts" name="receiving &gt; reports nothing on hand for an effect it does not hold" time="0.000585638">
        </testcase>
        <testcase classname="tests/catalog/inventory.test.ts" name="receiving &gt; refuses a nonsense quantity" time="0.000863654">
        </testcase>
        <testcase classname="tests/catalog/inventory.test.ts" name="stock listing &gt; lists effects in reading order" time="0.000358157">
        </testcase>
        <testcase classname="tests/catalog/inventory.test.ts" name="stock listing &gt; gives the total and the lots behind it" time="0.000307963">
        </testcase>
        <testcase classname="tests/catalog/inventory.test.ts" name="stock listing &gt; lists nothing for an empty magazine" time="0.000149933">
        </testcase>
        <testcase classname="tests/catalog/inventory.test.ts" name="quarantine &gt; pulls every unit of a lot and says how many went" time="0.000256124">
        </testcase>
        <testcase classname="tests/catalog/inventory.test.ts" name="quarantine &gt; does nothing for a lot it does not hold" time="0.000218935">
        </testcase>
        <testcase classname="tests/catalog/inventory.test.ts" name="orphans &gt; names stock the catalog does not define" time="0.00062869">
        </testcase>
        <testcase classname="tests/catalog/inventory.test.ts" name="shortfall &gt; finds what is missing and by how much" time="0.00047504">
        </testcase>
        <testcase classname="tests/catalog/inventory.test.ts" name="shortfall &gt; counts an effect held at zero as entirely short" time="0.000236367">
        </testcase>
        <testcase classname="tests/catalog/inventory.test.ts" name="shortfall &gt; finds nothing when stock covers the show" time="0.000258039">
        </testcase>
        <testcase classname="tests/catalog/inventory.test.ts" name="shortfall &gt; sorts by effect name" time="0.000239734">
        </testcase>
        <testcase classname="tests/catalog/inventory.test.ts" name="unusedStock &gt; names what no show touches" time="0.000181263">
        </testcase>
        <testcase classname="tests/catalog/inventory.test.ts" name="describeShortfall &gt; says so when there is nothing missing" time="0.000229144">
        </testcase>
        <testcase classname="tests/catalog/inventory.test.ts" name="describeShortfall &gt; names each line with a plural that agrees" time="0.000222972">
        </testcase>
        <testcase classname="tests/catalog/inventory.test.ts" name="tally &gt; counts repeats of the same effect" time="0.000267366">
        </testcase>
        <testcase classname="tests/catalog/inventory.test.ts" name="tally &gt; counts nothing for an empty list" time="0.000117663">
        </testcase>
    </testsuite>
    <testsuite name="tests/catalog/lift.test.ts" timestamp="2026-09-04T04:07:18.645Z" hostname="bdc3c806c0c7" tests="18" failures="0" errors="0" skipped="0" time="0.010004153">
        <testcase classname="tests/catalog/lift.test.ts" name="apogeeFor &gt; matches the table at a tabulated size" time="0.002072833">
        </testcase>
        <testcase classname="tests/catalog/lift.test.ts" name="apogeeFor &gt; interpolates between table entries" time="0.000650502">
        </testcase>
        <testcase classname="tests/catalog/lift.test.ts" name="apogeeFor &gt; scales down below the smallest entry" time="0.000289628">
        </testcase>
        <testcase classname="tests/catalog/lift.test.ts" name="apogeeFor &gt; stops climbing past the largest entry" time="0.00026441">
        </testcase>
        <testcase classname="tests/catalog/lift.test.ts" name="apogeeFor &gt; rises with calibre all the way up" time="0.000511198">
        </testcase>
        <testcase classname="tests/catalog/lift.test.ts" name="riseTimeFor &gt; matches the table" time="0.000403043">
        </testcase>
        <testcase classname="tests/catalog/lift.test.ts" name="riseTimeFor &gt; interpolates" time="0.000287584">
        </testcase>
        <testcase classname="tests/catalog/lift.test.ts" name="riseTimeFor &gt; gives a bigger shell a longer climb" time="0.000283917">
        </testcase>
        <testcase classname="tests/catalog/lift.test.ts" name="riseTimeToHeight &gt; matches the full rise at full apogee" time="0.00031644">
        </testcase>
        <testcase classname="tests/catalog/lift.test.ts" name="riseTimeToHeight &gt; takes less time to a lower break" time="0.000254633">
        </testcase>
        <testcase classname="tests/catalog/lift.test.ts" name="riseTimeToHeight &gt; clamps a height above apogee" time="0.000176263">
        </testcase>
        <testcase classname="tests/catalog/lift.test.ts" name="riseTimeToHeight &gt; gives no flight time at ground level" time="0.000128873">
        </testcase>
        <testcase classname="tests/catalog/lift.test.ts" name="leadTimeFor &gt; adds the ignition delay to the rise" time="0.000259501">
        </testcase>
        <testcase classname="tests/catalog/lift.test.ts" name="leadTimeFor &gt; uses the same delay for every calibre" time="0.000202643">
        </testcase>
        <testcase classname="tests/catalog/lift.test.ts" name="muzzleVelocityFor &gt; is in the range a mortar actually throws" time="0.000214586">
        </testcase>
        <testcase classname="tests/catalog/lift.test.ts" name="muzzleVelocityFor &gt; rises with calibre" time="0.000194678">
        </testcase>
        <testcase classname="tests/catalog/lift.test.ts" name="liftProfile &gt; collects the four numbers a cue needs" time="0.000340154">
        </testcase>
        <testcase classname="tests/catalog/lift.test.ts" name="tabulatedSizes &gt; lists the measured calibres in order" time="0.000791098">
        </testcase>
    </testsuite>
    <testsuite name="tests/catalog/magazine.test.ts" timestamp="2026-09-04T04:07:18.647Z" hostname="bdc3c806c0c7" tests="14" failures="0" errors="0" skipped="0" time="0.009759029">
        <testcase classname="tests/catalog/magazine.test.ts" name="headers &gt; refuses a file with nothing in it" time="0.002571346">
        </testcase>
        <testcase classname="tests/catalog/magazine.test.ts" name="headers &gt; names a missing required column" time="0.000735842">
        </testcase>
        <testcase classname="tests/catalog/magazine.test.ts" name="rows &gt; reads a lot" time="0.000862462">
        </testcase>
        <testcase classname="tests/catalog/magazine.test.ts" name="rows &gt; adds two rows of the same lot together" time="0.000262205">
        </testcase>
        <testcase classname="tests/catalog/magazine.test.ts" name="rows &gt; keeps two lots of the same effect apart" time="0.000229544">
        </testcase>
        <testcase classname="tests/catalog/magazine.test.ts" name="rows &gt; accepts a row with no date or note" time="0.000307642">
        </testcase>
        <testcase classname="tests/catalog/magazine.test.ts" name="rows &gt; accepts a quantity of zero" time="0.000220156">
        </testcase>
        <testcase classname="tests/catalog/magazine.test.ts" name="bad rows &gt; refuses a row with no lot number" time="0.000187224">
        </testcase>
        <testcase classname="tests/catalog/magazine.test.ts" name="bad rows &gt; refuses an unusable effect name" time="0.000509514">
        </testcase>
        <testcase classname="tests/catalog/magazine.test.ts" name="bad rows &gt; refuses a quantity that is blank, fractional or negative" time="0.000297292">
        </testcase>
        <testcase classname="tests/catalog/magazine.test.ts" name="bad rows &gt; warns about a date that will not sort but keeps the row" time="0.000289538">
        </testcase>
        <testcase classname="tests/catalog/magazine.test.ts" name="bad rows &gt; keeps reading after a bad row" time="0.000180281">
        </testcase>
        <testcase classname="tests/catalog/magazine.test.ts" name="writeMagazine &gt; round trips" time="0.000456895">
        </testcase>
        <testcase classname="tests/catalog/magazine.test.ts" name="writeMagazine &gt; writes a header even for an empty book" time="0.000142821">
        </testcase>
    </testsuite>
    <testsuite name="tests/catalog/palette.test.ts" timestamp="2026-09-04T04:07:18.649Z" hostname="bdc3c806c0c7" tests="25" failures="0" errors="0" skipped="0" time="0.023405937">
        <testcase classname="tests/catalog/palette.test.ts" name="familyOf &gt; groups by what an effect looks like" time="0.001672826">
        </testcase>
        <testcase classname="tests/catalog/palette.test.ts" name="familyOf &gt; puts a cake and a candle in the low family" time="0.000269611">
        </testcase>
        <testcase classname="tests/catalog/palette.test.ts" name="familyOf &gt; puts a ground piece in its own family" time="0.000186534">
        </testcase>
        <testcase classname="tests/catalog/palette.test.ts" name="familyOf &gt; puts two styles that look alike in one family" time="0.000453288">
        </testcase>
        <testcase classname="tests/catalog/palette.test.ts" name="palette &gt; counts shots per family" time="0.011926362">
        </testcase>
        <testcase classname="tests/catalog/palette.test.ts" name="palette &gt; multiplies by the counts it was given" time="0.000432208">
        </testcase>
        <testcase classname="tests/catalog/palette.test.ts" name="palette &gt; orders families by how much of the show they are" time="0.000213214">
        </testcase>
        <testcase classname="tests/catalog/palette.test.ts" name="palette &gt; gives nothing for an empty show" time="0.000582283">
        </testcase>
        <testcase classname="tests/catalog/palette.test.ts" name="varietyIndex &gt; is one when families are even" time="0.000301871">
        </testcase>
        <testcase classname="tests/catalog/palette.test.ts" name="varietyIndex &gt; is zero when the show is one family" time="0.000192475">
        </testcase>
        <testcase classname="tests/catalog/palette.test.ts" name="varietyIndex &gt; falls as one family takes over" time="0.000241847">
        </testcase>
        <testcase classname="tests/catalog/palette.test.ts" name="varietyIndex &gt; is zero for an empty show" time="0.000139144">
        </testcase>
        <testcase classname="tests/catalog/palette.test.ts" name="missingFamilies &gt; names what a show never reaches for" time="0.000684646">
        </testcase>
        <testcase classname="tests/catalog/palette.test.ts" name="missingFamilies &gt; names nothing when everything appears" time="0.000220297">
        </testcase>
        <testcase classname="tests/catalog/palette.test.ts" name="checkPalette &gt; says nothing about a varied show" time="0.00029082">
        </testcase>
        <testcase classname="tests/catalog/palette.test.ts" name="checkPalette &gt; notes a family that dominates" time="0.000337419">
        </testcase>
        <testcase classname="tests/catalog/palette.test.ts" name="checkPalette &gt; notes a monotonous show" time="0.000276844">
        </testcase>
        <testcase classname="tests/catalog/palette.test.ts" name="checkPalette &gt; takes its own limits" time="0.000582643">
        </testcase>
        <testcase classname="tests/catalog/palette.test.ts" name="checkPalette &gt; says nothing about an empty show" time="0.00011626">
        </testcase>
        <testcase classname="tests/catalog/palette.test.ts" name="calibreSpread &gt; counts shots by handling band" time="0.000363949">
        </testcase>
        <testcase classname="tests/catalog/palette.test.ts" name="reports &gt; describes the palette with a variety line" time="0.00056551">
        </testcase>
        <testcase classname="tests/catalog/palette.test.ts" name="reports &gt; names the families never used" time="0.000220136">
        </testcase>
        <testcase classname="tests/catalog/palette.test.ts" name="reports &gt; says every family appears when it does" time="0.000203416">
        </testcase>
        <testcase classname="tests/catalog/palette.test.ts" name="reports &gt; says so for an empty show" time="0.00014753">
        </testcase>
        <testcase classname="tests/catalog/palette.test.ts" name="reports &gt; names the families a show leans on" time="0.000527289">
        </testcase>
    </testsuite>
    <testsuite name="tests/catalog/parse.test.ts" timestamp="2026-09-04T04:07:18.651Z" hostname="bdc3c806c0c7" tests="20" failures="0" errors="0" skipped="0" time="0.015075231">
        <testcase classname="tests/catalog/parse.test.ts" name="headers &gt; complains about a file with nothing in it" time="0.002372079">
        </testcase>
        <testcase classname="tests/catalog/parse.test.ts" name="headers &gt; complains about a missing required column" time="0.000857743">
        </testcase>
        <testcase classname="tests/catalog/parse.test.ts" name="headers &gt; does not read any rows once the header is wrong" time="0.000264871">
        </testcase>
        <testcase classname="tests/catalog/parse.test.ts" name="shells &gt; reads a full row" time="0.001764359">
        </testcase>
        <testcase classname="tests/catalog/parse.test.ts" name="shells &gt; fills in defaults for the columns left blank" time="0.000528811">
        </testcase>
        <testcase classname="tests/catalog/parse.test.ts" name="shells &gt; warns about an unknown break style but keeps the shell" time="0.000743838">
        </testcase>
        <testcase classname="tests/catalog/parse.test.ts" name="shells &gt; refuses a shell with no calibre" time="0.000635242">
        </testcase>
        <testcase classname="tests/catalog/parse.test.ts" name="shells &gt; says where to look and what to write" time="0.000346766">
        </testcase>
        <testcase classname="tests/catalog/parse.test.ts" name="cakes and candles &gt; reads a cake" time="0.0005235">
        </testcase>
        <testcase classname="tests/catalog/parse.test.ts" name="cakes and candles &gt; reads a candle with a height" time="0.000261165">
        </testcase>
        <testcase classname="tests/catalog/parse.test.ts" name="cakes and candles &gt; refuses a shot count that is missing or fractional" time="0.000366564">
        </testcase>
        <testcase classname="tests/catalog/parse.test.ts" name="mines and ground pieces &gt; reads a mine with its spread" time="0.00027989">
        </testcase>
        <testcase classname="tests/catalog/parse.test.ts" name="mines and ground pieces &gt; reads a ground piece without needing a calibre" time="0.000920923">
        </testcase>
        <testcase classname="tests/catalog/parse.test.ts" name="mines and ground pieces &gt; refuses a ground piece with an unknown style" time="0.000260874">
        </testcase>
        <testcase classname="tests/catalog/parse.test.ts" name="mines and ground pieces &gt; refuses a ground piece with no duration" time="0.000284088">
        </testcase>
        <testcase classname="tests/catalog/parse.test.ts" name="row problems &gt; refuses an unusable id" time="0.000195089">
        </testcase>
        <testcase classname="tests/catalog/parse.test.ts" name="row problems &gt; refuses a repeated id and keeps the first" time="0.000572864">
        </testcase>
        <testcase classname="tests/catalog/parse.test.ts" name="row problems &gt; refuses an unknown kind and names it" time="0.000271444">
        </testcase>
        <testcase classname="tests/catalog/parse.test.ts" name="row problems &gt; keeps reading after a bad row" time="0.000234143">
        </testcase>
        <testcase classname="tests/catalog/parse.test.ts" name="row problems &gt; records the source of every entry" time="0.000381633">
        </testcase>
    </testsuite>
    <testsuite name="tests/catalog/registry.test.ts" timestamp="2026-09-04T04:07:18.652Z" hostname="bdc3c806c0c7" tests="21" failures="0" errors="0" skipped="0" time="0.012500528">
        <testcase classname="tests/catalog/registry.test.ts" name="lookup &gt; counts what it holds" time="0.001253362">
        </testcase>
        <testcase classname="tests/catalog/registry.test.ts" name="lookup &gt; finds an effect by name" time="0.000370581">
        </testcase>
        <testcase classname="tests/catalog/registry.test.ts" name="lookup &gt; gives nothing for a name it does not hold" time="0.000239253">
        </testcase>
        <testcase classname="tests/catalog/registry.test.ts" name="lookup &gt; keeps the source when it was told one" time="0.000168609">
        </testcase>
        <testcase classname="tests/catalog/registry.test.ts" name="lookup &gt; replaces an entry with the same name" time="0.000325186">
        </testcase>
        <testcase classname="tests/catalog/registry.test.ts" name="lookup &gt; removes by name" time="0.000294166">
        </testcase>
        <testcase classname="tests/catalog/registry.test.ts" name="listing &gt; sorts names the way a person reads them" time="0.000816175">
        </testcase>
        <testcase classname="tests/catalog/registry.test.ts" name="listing &gt; lists effects in the same order" time="0.000514023">
        </testcase>
        <testcase classname="tests/catalog/registry.test.ts" name="listing &gt; filters on a prefix at segment boundaries" time="0.001528172">
        </testcase>
        <testcase classname="tests/catalog/registry.test.ts" name="listing &gt; filters by kind" time="0.001112635">
        </testcase>
        <testcase classname="tests/catalog/registry.test.ts" name="listing &gt; filters by maker" time="0.000518361">
        </testcase>
        <testcase classname="tests/catalog/registry.test.ts" name="upToCalibre &gt; keeps everything at or under the limit" time="0.000928478">
        </testcase>
        <testcase classname="tests/catalog/registry.test.ts" name="upToCalibre &gt; always keeps ground pieces" time="0.000273418">
        </testcase>
        <testcase classname="tests/catalog/registry.test.ts" name="merge &gt; takes both sides" time="0.000261676">
        </testcase>
        <testcase classname="tests/catalog/registry.test.ts" name="merge &gt; lets the second side win" time="0.000231898">
        </testcase>
        <testcase classname="tests/catalog/registry.test.ts" name="merge &gt; does not touch either original" time="0.000424422">
        </testcase>
        <testcase classname="tests/catalog/registry.test.ts" name="merge &gt; names the entries that clash" time="0.000285921">
        </testcase>
        <testcase classname="tests/catalog/registry.test.ts" name="merge &gt; finds no clash when the entries are identical" time="0.000203735">
        </testcase>
        <testcase classname="tests/catalog/registry.test.ts" name="summaries &gt; counts by kind" time="0.00030133">
        </testcase>
        <testcase classname="tests/catalog/registry.test.ts" name="summaries &gt; finds the largest bore" time="0.000198226">
        </testcase>
        <testcase classname="tests/catalog/registry.test.ts" name="summaries &gt; reports zero for a catalog of ground pieces" time="0.000183938">
        </testcase>
    </testsuite>
    <testsuite name="tests/catalog/substitute.test.ts" timestamp="2026-09-04T04:07:18.654Z" hostname="bdc3c806c0c7" tests="23" failures="0" errors="0" skipped="0" time="0.011253788">
        <testcase classname="tests/catalog/substitute.test.ts" name="substitutesFor &gt; finds another shell of the same calibre" time="0.001737028">
        </testcase>
        <testcase classname="tests/catalog/substitute.test.ts" name="substitutesFor &gt; never suggests the effect itself" time="0.001078341">
        </testcase>
        <testcase classname="tests/catalog/substitute.test.ts" name="substitutesFor &gt; never crosses effect kinds" time="0.000727286">
        </testcase>
        <testcase classname="tests/catalog/substitute.test.ts" name="substitutesFor &gt; does not suggest a shell for a three inch that flies differently" time="0.000203755">
        </testcase>
        <testcase classname="tests/catalog/substitute.test.ts" name="substitutesFor &gt; puts an exact calibre match before a near one" time="0.00035451">
        </testcase>
        <testcase classname="tests/catalog/substitute.test.ts" name="substitutesFor &gt; refuses a near match when band matching is off" time="0.000215168">
        </testcase>
        <testcase classname="tests/catalog/substitute.test.ts" name="substitutesFor &gt; refuses a candidate whose flight time differs too much" time="0.00024282">
        </testcase>
        <testcase classname="tests/catalog/substitute.test.ts" name="substitutesFor &gt; only suggests what the magazine can supply" time="0.000682482">
        </testcase>
        <testcase classname="tests/catalog/substitute.test.ts" name="substitutesFor &gt; reports how many are on hand when it was given a magazine" time="0.000554549">
        </testcase>
        <testcase classname="tests/catalog/substitute.test.ts" name="substitutesFor &gt; leaves the on hand count off with no magazine" time="0.000184649">
        </testcase>
        <testcase classname="tests/catalog/substitute.test.ts" name="bestSubstitute &gt; takes the first suggestion" time="0.000195359">
        </testcase>
        <testcase classname="tests/catalog/substitute.test.ts" name="bestSubstitute &gt; gives nothing when there is nothing" time="0.000265162">
        </testcase>
        <testcase classname="tests/catalog/substitute.test.ts" name="planSubstitutions &gt; covers a shortfall it can cover" time="0.000267847">
        </testcase>
        <testcase classname="tests/catalog/substitute.test.ts" name="planSubstitutions &gt; leaves a line with no cover in the plan" time="0.000146057">
        </testcase>
        <testcase classname="tests/catalog/substitute.test.ts" name="planSubstitutions &gt; keeps a line whose effect is not in the catalog" time="0.000217071">
        </testcase>
        <testcase classname="tests/catalog/substitute.test.ts" name="planSubstitutions &gt; orders lines by effect name" time="0.000273668">
        </testcase>
        <testcase classname="tests/catalog/substitute.test.ts" name="checkSubstitutions &gt; errors on a line nothing covers" time="0.000771199">
        </testcase>
        <testcase classname="tests/catalog/substitute.test.ts" name="checkSubstitutions &gt; notes an exact swap without warning about it" time="0.000459459">
        </testcase>
        <testcase classname="tests/catalog/substitute.test.ts" name="checkSubstitutions &gt; warns about a near swap and says to check the separation" time="0.000249562">
        </testcase>
        <testcase classname="tests/catalog/substitute.test.ts" name="changesSafety &gt; is false for the same calibre and break" time="0.000318233">
        </testcase>
        <testcase classname="tests/catalog/substitute.test.ts" name="changesSafety &gt; is true for a different calibre" time="0.000106242">
        </testcase>
        <testcase classname="tests/catalog/substitute.test.ts" name="changesSafety &gt; is true for a wider break at the same calibre" time="0.000106913">
        </testcase>
        <testcase classname="tests/catalog/substitute.test.ts" name="changesSafety &gt; is true when one has no calibre at all" time="0.00017967">
        </testcase>
    </testsuite>
    <testsuite name="tests/catalog/timing.test.ts" timestamp="2026-09-04T04:07:18.655Z" hostname="bdc3c806c0c7" tests="22" failures="0" errors="0" skipped="0" time="0.012797109">
        <testcase classname="tests/catalog/timing.test.ts" name="timingOf a shell &gt; leads by the rise plus the match delay" time="0.003216517">
        </testcase>
        <testcase classname="tests/catalog/timing.test.ts" name="timingOf a shell &gt; runs until the stars burn out" time="0.000219305">
        </testcase>
        <testcase classname="tests/catalog/timing.test.ts" name="timingOf a shell &gt; peaks at the break" time="0.000291862">
        </testcase>
        <testcase classname="tests/catalog/timing.test.ts" name="timingOf a shell &gt; shortens the lead for a lowered break" time="0.000336346">
        </testcase>
        <testcase classname="tests/catalog/timing.test.ts" name="timingOf the other kinds &gt; runs a cake from its first shot to its last star" time="0.00026931">
        </testcase>
        <testcase classname="tests/catalog/timing.test.ts" name="timingOf the other kinds &gt; puts a cake&apos;s peak in the middle of the rack" time="0.000185952">
        </testcase>
        <testcase classname="tests/catalog/timing.test.ts" name="timingOf the other kinds &gt; fires a mine with almost no lead" time="0.001790298">
        </testcase>
        <testcase classname="tests/catalog/timing.test.ts" name="timingOf the other kinds &gt; gives a candle a short lead and a long tail" time="0.000251647">
        </testcase>
        <testcase classname="tests/catalog/timing.test.ts" name="timingOf the other kinds &gt; burns a ground piece for its own duration" time="0.000391691">
        </testcase>
        <testcase classname="tests/catalog/timing.test.ts" name="timingOf the other kinds &gt; handles a single shot cake without a negative span" time="0.000247337">
        </testcase>
        <testcase classname="tests/catalog/timing.test.ts" name="ignitionTimeFor &gt; fires early enough for the break to land on the beat" time="0.000244763">
        </testcase>
        <testcase classname="tests/catalog/timing.test.ts" name="ignitionTimeFor &gt; goes before zero when the opener is large" time="0.000181363">
        </testcase>
        <testcase classname="tests/catalog/timing.test.ts" name="ignitionTimeFor &gt; reverses back to the visible moment" time="0.000160194">
        </testcase>
        <testcase classname="tests/catalog/timing.test.ts" name="windows &gt; occupies from ignition to the last light" time="0.000237119">
        </testcase>
        <testcase classname="tests/catalog/timing.test.ts" name="windows &gt; is visible only from the break" time="0.000217442">
        </testcase>
        <testcase classname="tests/catalog/timing.test.ts" name="windows &gt; makes a ground piece visible almost at once" time="0.000651673">
        </testcase>
        <testcase classname="tests/catalog/timing.test.ts" name="preRollFor &gt; takes the worst lead in the show" time="0.000367185">
        </testcase>
        <testcase classname="tests/catalog/timing.test.ts" name="preRollFor &gt; needs nothing for a show of ground pieces" time="0.000140637">
        </testcase>
        <testcase classname="tests/catalog/timing.test.ts" name="preRollFor &gt; needs nothing at all for an empty show" time="0.000354311">
        </testcase>
        <testcase classname="tests/catalog/timing.test.ts" name="isTightOnCue &gt; trusts a mine and a ground piece" time="0.000350153">
        </testcase>
        <testcase classname="tests/catalog/timing.test.ts" name="isTightOnCue &gt; does not trust a six inch shell on a downbeat" time="0.000166265">
        </testcase>
        <testcase classname="tests/catalog/timing.test.ts" name="isTightOnCue &gt; trusts a candle" time="0.000128324">
        </testcase>
    </testsuite>
    <testsuite name="tests/catalog/validate.test.ts" timestamp="2026-09-04T04:07:18.657Z" hostname="bdc3c806c0c7" tests="23" failures="0" errors="0" skipped="0" time="0.013679029">
        <testcase classname="tests/catalog/validate.test.ts" name="a sound entry &gt; raises nothing" time="0.001687002">
        </testcase>
        <testcase classname="tests/catalog/validate.test.ts" name="calibre &gt; errors on a calibre of zero" time="0.001311332">
        </testcase>
        <testcase classname="tests/catalog/validate.test.ts" name="calibre &gt; warns above the measured lift table" time="0.000573846">
        </testcase>
        <testcase classname="tests/catalog/validate.test.ts" name="calibre &gt; warns below the measured lift table" time="0.000373638">
        </testcase>
        <testcase classname="tests/catalog/validate.test.ts" name="calibre &gt; warns when the site cannot take the bore" time="0.00036401">
        </testcase>
        <testcase classname="tests/catalog/validate.test.ts" name="shells &gt; errors on no hang time and no break" time="0.000267317">
        </testcase>
        <testcase classname="tests/catalog/validate.test.ts" name="shells &gt; warns on a hang time that looks like seconds" time="0.00023797">
        </testcase>
        <testcase classname="tests/catalog/validate.test.ts" name="shells &gt; warns on an implausible break diameter" time="0.000245105">
        </testcase>
        <testcase classname="tests/catalog/validate.test.ts" name="shells &gt; warns when a lowered break sits above apogee" time="0.000361564">
        </testcase>
        <testcase classname="tests/catalog/validate.test.ts" name="shells &gt; accepts a genuine lowered break" time="0.000217632">
        </testcase>
        <testcase classname="tests/catalog/validate.test.ts" name="shells &gt; warns about a small salute" time="0.00023805">
        </testcase>
        <testcase classname="tests/catalog/validate.test.ts" name="cakes &gt; accepts an ordinary cake" time="0.000306329">
        </testcase>
        <testcase classname="tests/catalog/validate.test.ts" name="cakes &gt; errors on no shots and no interval" time="0.000967662">
        </testcase>
        <testcase classname="tests/catalog/validate.test.ts" name="cakes &gt; warns on an interval under a frame" time="0.000620284">
        </testcase>
        <testcase classname="tests/catalog/validate.test.ts" name="cakes &gt; warns on a cake that runs for minutes" time="0.00034866">
        </testcase>
        <testcase classname="tests/catalog/validate.test.ts" name="mines and ground pieces &gt; accepts an ordinary mine and gerb" time="0.000221389">
        </testcase>
        <testcase classname="tests/catalog/validate.test.ts" name="mines and ground pieces &gt; warns on an impossible spread" time="0.000230225">
        </testcase>
        <testcase classname="tests/catalog/validate.test.ts" name="mines and ground pieces &gt; warns on a mine that climbs like a shell" time="0.000190851">
        </testcase>
        <testcase classname="tests/catalog/validate.test.ts" name="mines and ground pieces &gt; errors on a ground piece that burns for no time" time="0.00016442">
        </testcase>
        <testcase classname="tests/catalog/validate.test.ts" name="mines and ground pieces &gt; warns on a ten minute burn and a tall ground piece" time="0.000234914">
        </testcase>
        <testcase classname="tests/catalog/validate.test.ts" name="validateCatalog &gt; checks every entry" time="0.000973873">
        </testcase>
        <testcase classname="tests/catalog/validate.test.ts" name="validateCatalog &gt; warns when two entries print the same name" time="0.000527879">
        </testcase>
        <testcase classname="tests/catalog/validate.test.ts" name="validateCatalog &gt; passes the options down to each entry" time="0.000680838">
        </testcase>
    </testsuite>
    <testsuite name="tests/cli/args.test.ts" timestamp="2026-09-04T04:07:18.659Z" hostname="bdc3c806c0c7" tests="30" failures="0" errors="0" skipped="0" time="0.014917563">
        <testcase classname="tests/cli/args.test.ts" name="positional arguments &gt; collects bare words" time="0.00196531">
        </testcase>
        <testcase classname="tests/cli/args.test.ts" name="positional arguments &gt; treats everything after a double dash as positional" time="0.000292764">
        </testcase>
        <testcase classname="tests/cli/args.test.ts" name="positional arguments &gt; keeps a lone dash as positional, since that means stdin" time="0.000193646">
        </testcase>
        <testcase classname="tests/cli/args.test.ts" name="switches &gt; reads a switch" time="0.000582193">
        </testcase>
        <testcase classname="tests/cli/args.test.ts" name="switches &gt; refuses a value on a switch" time="0.00023772">
        </testcase>
        <testcase classname="tests/cli/args.test.ts" name="values &gt; reads a value as the next argument" time="0.000199938">
        </testcase>
        <testcase classname="tests/cli/args.test.ts" name="values &gt; reads a value joined with an equals" time="0.000157227">
        </testcase>
        <testcase classname="tests/cli/args.test.ts" name="values &gt; keeps a value that looks like a flag when it was joined" time="0.000128103">
        </testcase>
        <testcase classname="tests/cli/args.test.ts" name="values &gt; refuses a value flag with nothing after it" time="0.000342267">
        </testcase>
        <testcase classname="tests/cli/args.test.ts" name="values &gt; refuses a flag as a separate value" time="0.000177477">
        </testcase>
        <testcase classname="tests/cli/args.test.ts" name="values &gt; fills in a fallback" time="0.000188406">
        </testcase>
        <testcase classname="tests/cli/args.test.ts" name="values &gt; leaves a value with no fallback undefined" time="0.000126449">
        </testcase>
        <testcase classname="tests/cli/args.test.ts" name="values &gt; reads a number" time="0.000188036">
        </testcase>
        <testcase classname="tests/cli/args.test.ts" name="choices &gt; accepts one of the choices" time="0.000223353">
        </testcase>
        <testcase classname="tests/cli/args.test.ts" name="choices &gt; refuses anything else and lists them" time="0.000368188">
        </testcase>
        <testcase classname="tests/cli/args.test.ts" name="mistakes &gt; names an unknown flag" time="0.000177425">
        </testcase>
        <testcase classname="tests/cli/args.test.ts" name="mistakes &gt; suggests a near miss" time="0.000319084">
        </testcase>
        <testcase classname="tests/cli/args.test.ts" name="mistakes &gt; matches a suggestion across hyphens" time="0.000300889">
        </testcase>
        <testcase classname="tests/cli/args.test.ts" name="mistakes &gt; refuses a short flag and says why" time="0.000389125">
        </testcase>
        <testcase classname="tests/cli/args.test.ts" name="mistakes &gt; collects every mistake rather than the first" time="0.000990004">
        </testcase>
        <testcase classname="tests/cli/args.test.ts" name="flagHelp &gt; lines the names up and shows defaults and choices" time="0.000561864">
        </testcase>
        <testcase classname="tests/cli/args.test.ts" name="flagHelp &gt; renders nothing for no flags" time="0.000121841">
        </testcase>
        <testcase classname="tests/cli/args.test.ts" name="requireNumber &gt; reads a number" time="0.000220227">
        </testcase>
        <testcase classname="tests/cli/args.test.ts" name="requireNumber &gt; reads a fallback" time="0.000112473">
        </testcase>
        <testcase classname="tests/cli/args.test.ts" name="requireNumber &gt; refuses a flag that was not given" time="0.000145866">
        </testcase>
        <testcase classname="tests/cli/args.test.ts" name="requireNumber &gt; refuses text and names it" time="0.000126208">
        </testcase>
        <testcase classname="tests/cli/args.test.ts" name="requireNumber &gt; refuses a fraction when a whole number was wanted" time="0.000130749">
        </testcase>
        <testcase classname="tests/cli/args.test.ts" name="requireNumber &gt; enforces a minimum and a maximum" time="0.000296661">
        </testcase>
        <testcase classname="tests/cli/args.test.ts" name="requireNumber &gt; accepts a value on the boundary" time="0.000656864">
        </testcase>
        <testcase classname="tests/cli/args.test.ts" name="requireNumber &gt; refuses infinity" time="0.000239423">
        </testcase>
    </testsuite>
    <testsuite name="tests/cli/command.test.ts" timestamp="2026-09-04T04:07:18.661Z" hostname="bdc3c806c0c7" tests="25" failures="0" errors="0" skipped="0" time="0.012843168">
        <testcase classname="tests/cli/command.test.ts" name="CommandSet &gt; finds a command by name" time="0.001289941">
        </testcase>
        <testcase classname="tests/cli/command.test.ts" name="CommandSet &gt; lists names in order" time="0.000787591">
        </testcase>
        <testcase classname="tests/cli/command.test.ts" name="CommandSet &gt; replaces a command with the same name" time="0.001138024">
        </testcase>
        <testcase classname="tests/cli/command.test.ts" name="help &gt; lists every command" time="0.000402001">
        </testcase>
        <testcase classname="tests/cli/command.test.ts" name="help &gt; shows the usage and flags of one command" time="0.000294317">
        </testcase>
        <testcase classname="tests/cli/command.test.ts" name="help &gt; leaves the options block out for a command with no flags" time="0.000324144">
        </testcase>
        <testcase classname="tests/cli/command.test.ts" name="runCommand &gt; runs a command and gives back its code" time="0.000524782">
        </testcase>
        <testcase classname="tests/cli/command.test.ts" name="runCommand &gt; passes flags through" time="0.000199868">
        </testcase>
        <testcase classname="tests/cli/command.test.ts" name="runCommand &gt; returns the command&apos;s own failure code" time="0.000213144">
        </testcase>
        <testcase classname="tests/cli/command.test.ts" name="runCommand &gt; prints help and fails when given nothing" time="0.000388395">
        </testcase>
        <testcase classname="tests/cli/command.test.ts" name="runCommand &gt; prints help and succeeds when asked for it" time="0.000186523">
        </testcase>
        <testcase classname="tests/cli/command.test.ts" name="runCommand &gt; prints help for one command" time="0.000351465">
        </testcase>
        <testcase classname="tests/cli/command.test.ts" name="runCommand &gt; refuses help for a command that is not there" time="0.000140306">
        </testcase>
        <testcase classname="tests/cli/command.test.ts" name="runCommand &gt; names the commands when the first word is not one" time="0.000177616">
        </testcase>
        <testcase classname="tests/cli/command.test.ts" name="runCommand &gt; separates a bad flag from a failing show" time="0.000220398">
        </testcase>
        <testcase classname="tests/cli/command.test.ts" name="reportDiagnostics &gt; says nothing and succeeds for an empty bag" time="0.000208135">
        </testcase>
        <testcase classname="tests/cli/command.test.ts" name="reportDiagnostics &gt; prints warnings and still succeeds" time="0.0002958">
        </testcase>
        <testcase classname="tests/cli/command.test.ts" name="reportDiagnostics &gt; fails when there is an error" time="0.000149723">
        </testcase>
        <testcase classname="tests/cli/command.test.ts" name="MemoryEnv &gt; reads the files it was given" time="0.000188377">
        </testcase>
        <testcase classname="tests/cli/command.test.ts" name="MemoryEnv &gt; reads back what it wrote" time="0.000141978">
        </testcase>
        <testcase classname="tests/cli/command.test.ts" name="loadWorkspace &gt; loads both files" time="0.002144449">
        </testcase>
        <testcase classname="tests/cli/command.test.ts" name="loadWorkspace &gt; reports a missing catalog and a missing rig separately" time="0.000412321">
        </testcase>
        <testcase classname="tests/cli/command.test.ts" name="loadWorkspace &gt; gives an empty catalog and rig when neither was asked for" time="0.000270692">
        </testcase>
        <testcase classname="tests/cli/command.test.ts" name="loadWorkspace &gt; falls back to the default rig settings" time="0.000138822">
        </testcase>
        <testcase classname="tests/cli/command.test.ts" name="loadWorkspace &gt; passes a parse problem through" time="0.000261765">
        </testcase>
    </testsuite>
    <testsuite name="tests/cli/commands.test.ts" timestamp="2026-09-04T04:07:18.662Z" hostname="bdc3c806c0c7" tests="28" failures="0" errors="0" skipped="0" time="0.064413548">
        <testcase classname="tests/cli/commands.test.ts" name="check &gt; passes a clean show" time="0.014317878">
        </testcase>
        <testcase classname="tests/cli/commands.test.ts" name="check &gt; needs a script" time="0.000730763">
        </testcase>
        <testcase classname="tests/cli/commands.test.ts" name="check &gt; reports a script it cannot read" time="0.000463487">
        </testcase>
        <testcase classname="tests/cli/commands.test.ts" name="check &gt; reports a missing catalog" time="0.001552338">
        </testcase>
        <testcase classname="tests/cli/commands.test.ts" name="check &gt; fails a show with an unknown effect and names it" time="0.001333563">
        </testcase>
        <testcase classname="tests/cli/commands.test.ts" name="check &gt; stays quiet about detail when asked" time="0.000972049">
        </testcase>
        <testcase classname="tests/cli/commands.test.ts" name="check &gt; prints the numbers on request" time="0.002130862">
        </testcase>
        <testcase classname="tests/cli/commands.test.ts" name="check &gt; applies a density cap from the command line" time="0.001255386">
        </testcase>
        <testcase classname="tests/cli/commands.test.ts" name="check &gt; applies a separation check when the audience line is given" time="0.002260678">
        </testcase>
        <testcase classname="tests/cli/commands.test.ts" name="check &gt; passes the same show with room" time="0.000857393">
        </testcase>
        <testcase classname="tests/cli/commands.test.ts" name="check &gt; takes a frame rate from the command line" time="0.000754339">
        </testcase>
        <testcase classname="tests/cli/commands.test.ts" name="check &gt; refuses a frame rate nothing runs at" time="0.000353639">
        </testcase>
        <testcase classname="tests/cli/commands.test.ts" name="table &gt; writes a csv to standard output" time="0.001277689">
        </testcase>
        <testcase classname="tests/cli/commands.test.ts" name="table &gt; writes to a file when told to" time="0.001446889">
        </testcase>
        <testcase classname="tests/cli/commands.test.ts" name="table &gt; refuses to write from a show that did not compile" time="0.000576451">
        </testcase>
        <testcase classname="tests/cli/commands.test.ts" name="table &gt; writes anyway under force" time="0.000627197">
        </testcase>
        <testcase classname="tests/cli/commands.test.ts" name="table &gt; takes an address and a time style" time="0.000816496">
        </testcase>
        <testcase classname="tests/cli/commands.test.ts" name="table &gt; refuses a flat address on a mixed rig" time="0.007857791">
        </testcase>
        <testcase classname="tests/cli/commands.test.ts" name="table &gt; can leave the header out" time="0.000833718">
        </testcase>
        <testcase classname="tests/cli/commands.test.ts" name="the command list &gt; holds check and table" time="0.000927717">
        </testcase>
        <testcase classname="tests/cli/commands.test.ts" name="the shared show pipeline &gt; makes every show command report a missing rig the same way" time="0.002718044">
        </testcase>
        <testcase classname="tests/cli/commands.test.ts" name="the shared show pipeline &gt; makes every show command refuse a script it cannot read" time="0.000715675">
        </testcase>
        <testcase classname="tests/cli/commands.test.ts" name="writing a document out &gt; trims the trailing newline the same way for every command" time="0.00569039">
        </testcase>
        <testcase classname="tests/cli/commands.test.ts" name="writing a document out &gt; writes to a file and says so the same way" time="0.006221916">
        </testcase>
        <testcase classname="tests/cli/commands.test.ts" name="writing a document out &gt; reports a failed write on standard error, not standard output" time="0.00155367">
        </testcase>
        <testcase classname="tests/cli/commands.test.ts" name="the advice flag &gt; adds the judgement checks to check" time="0.001131041">
        </testcase>
        <testcase classname="tests/cli/commands.test.ts" name="the advice flag &gt; leaves them out without the flag" time="0.000743367">
        </testcase>
        <testcase classname="tests/cli/commands.test.ts" name="the advice flag &gt; does not change the verdict" time="0.001441327">
        </testcase>
    </testsuite>
    <testsuite name="tests/cli/completion.test.ts" timestamp="2026-09-04T04:07:18.664Z" hostname="bdc3c806c0c7" tests="14" failures="0" errors="0" skipped="0" time="0.009413166">
        <testcase classname="tests/cli/completion.test.ts" name="bash completion &gt; registers the function against the binary" time="0.001154265">
        </testcase>
        <testcase classname="tests/cli/completion.test.ts" name="bash completion &gt; offers every command at the first word" time="0.0014264">
        </testcase>
        <testcase classname="tests/cli/completion.test.ts" name="bash completion &gt; offers each command&apos;s own flags" time="0.000252888">
        </testcase>
        <testcase classname="tests/cli/completion.test.ts" name="bash completion &gt; falls back to filenames for a positional" time="0.000134425">
        </testcase>
        <testcase classname="tests/cli/completion.test.ts" name="bash completion &gt; says how to install itself" time="0.000154964">
        </testcase>
        <testcase classname="tests/cli/completion.test.ts" name="zsh completion &gt; starts with the compdef line" time="0.000302883">
        </testcase>
        <testcase classname="tests/cli/completion.test.ts" name="zsh completion &gt; describes every command" time="0.000555371">
        </testcase>
        <testcase classname="tests/cli/completion.test.ts" name="zsh completion &gt; describes the flags with their help text" time="0.000176083">
        </testcase>
        <testcase classname="tests/cli/completion.test.ts" name="zsh completion &gt; escapes a quote in help text rather than breaking the script" time="0.000867162">
        </testcase>
        <testcase classname="tests/cli/completion.test.ts" name="completionFor &gt; picks the shell it was asked for" time="0.000647095">
        </testcase>
        <testcase classname="tests/cli/completion.test.ts" name="the completion command &gt; writes a bash script by default" time="0.000713191">
        </testcase>
        <testcase classname="tests/cli/completion.test.ts" name="the completion command &gt; writes a zsh script on request" time="0.00043291">
        </testcase>
        <testcase classname="tests/cli/completion.test.ts" name="the completion command &gt; refuses a shell it does not write for" time="0.000347428">
        </testcase>
        <testcase classname="tests/cli/completion.test.ts" name="the completion command &gt; keeps up with a command being added" time="0.000687963">
        </testcase>
    </testsuite>
    <testsuite name="tests/cli/diffHazard.test.ts" timestamp="2026-09-04T04:07:18.666Z" hostname="bdc3c806c0c7" tests="16" failures="0" errors="0" skipped="0" time="0.040714375">
        <testcase classname="tests/cli/diffHazard.test.ts" name="diff &gt; says nothing changed between a show and itself" time="0.010590804">
        </testcase>
        <testcase classname="tests/cli/diffHazard.test.ts" name="diff &gt; passes a revision that only moved cues" time="0.009699988">
        </testcase>
        <testcase classname="tests/cli/diffHazard.test.ts" name="diff &gt; fails a revision that needs rewiring" time="0.002980892">
        </testcase>
        <testcase classname="tests/cli/diffHazard.test.ts" name="diff &gt; needs an earlier script" time="0.000354171">
        </testcase>
        <testcase classname="tests/cli/diffHazard.test.ts" name="diff &gt; reports an earlier script it cannot read" time="0.000219766">
        </testcase>
        <testcase classname="tests/cli/diffHazard.test.ts" name="diff &gt; refuses when either side does not compile" time="0.002427293">
        </testcase>
        <testcase classname="tests/cli/diffHazard.test.ts" name="diff &gt; lists the pins to visit on request" time="0.001155957">
        </testcase>
        <testcase classname="tests/cli/diffHazard.test.ts" name="diff &gt; says no pin has to be touched for a move only change" time="0.00108281">
        </testcase>
        <testcase classname="tests/cli/diffHazard.test.ts" name="diff &gt; summarises by position on request" time="0.00144235">
        </testcase>
        <testcase classname="tests/cli/diffHazard.test.ts" name="hazard &gt; reports the net quantity and the division" time="0.001566996">
        </testcase>
        <testcase classname="tests/cli/diffHazard.test.ts" name="hazard &gt; lists the heaviest items" time="0.001290493">
        </testcase>
        <testcase classname="tests/cli/diffHazard.test.ts" name="hazard &gt; can be told not to list any" time="0.001007197">
        </testcase>
        <testcase classname="tests/cli/diffHazard.test.ts" name="hazard &gt; checks a store capacity" time="0.000696709">
        </testcase>
        <testcase classname="tests/cli/diffHazard.test.ts" name="hazard &gt; fails a store that is too small" time="0.001158402">
        </testcase>
        <testcase classname="tests/cli/diffHazard.test.ts" name="hazard &gt; fails a licence that does not cover the division" time="0.000619543">
        </testcase>
        <testcase classname="tests/cli/diffHazard.test.ts" name="hazard &gt; refuses a nonsense capacity or division list" time="0.002369605">
        </testcase>
    </testsuite>
    <testsuite name="tests/cli/distance.test.ts" timestamp="2026-09-04T04:07:18.667Z" hostname="bdc3c806c0c7" tests="17" failures="0" errors="0" skipped="0" time="0.026489613">
        <testcase classname="tests/cli/distance.test.ts" name="distance &gt; prints a table of every standard calibre" time="0.004440484">
        </testcase>
        <testcase classname="tests/cli/distance.test.ts" name="distance &gt; prints one row for a calibre it was given" time="0.001949238">
        </testcase>
        <testcase classname="tests/cli/distance.test.ts" name="distance &gt; reads a metric calibre too" time="0.000848256">
        </testcase>
        <testcase classname="tests/cli/distance.test.ts" name="distance &gt; refuses something that is not a calibre" time="0.000546635">
        </testcase>
        <testcase classname="tests/cli/distance.test.ts" name="distance &gt; shows the flight times as well as the distance" time="0.00047475">
        </testcase>
        <testcase classname="tests/cli/distance.test.ts" name="distance &gt; adds feet on request" time="0.001418735">
        </testcase>
        <testcase classname="tests/cli/distance.test.ts" name="distance &gt; uses another rule when asked" time="0.00045441">
        </testcase>
        <testcase classname="tests/cli/distance.test.ts" name="distance &gt; marks the bores that need a written justification" time="0.000877792">
        </testcase>
        <testcase classname="tests/cli/distance.test.ts" name="distance --available &gt; says what a field can take" time="0.002755625">
        </testcase>
        <testcase classname="tests/cli/distance.test.ts" name="distance --available &gt; says when a field can take nothing" time="0.001137552">
        </testcase>
        <testcase classname="tests/cli/distance.test.ts" name="distance --available &gt; allows more under the reduced rule" time="0.001867064">
        </testcase>
        <testcase classname="tests/cli/distance.test.ts" name="distance --available &gt; refuses a nonsense room figure" time="0.000248109">
        </testcase>
        <testcase classname="tests/cli/distance.test.ts" name="pickCalibre &gt; picks a bore for a field" time="0.001021234">
        </testcase>
        <testcase classname="tests/cli/distance.test.ts" name="pickCalibre &gt; picks nothing for no room" time="0.000771249">
        </testcase>
        <testcase classname="tests/cli/distance.test.ts" name="main &gt; prints help with no arguments and fails" time="0.001604216">
        </testcase>
        <testcase classname="tests/cli/distance.test.ts" name="main &gt; lists every command in help" time="0.000293866">
        </testcase>
        <testcase classname="tests/cli/distance.test.ts" name="main &gt; carries a version" time="0.0004756">
        </testcase>
    </testsuite>
    <testsuite name="tests/cli/label.test.ts" timestamp="2026-09-04T04:07:18.669Z" hostname="bdc3c806c0c7" tests="13" failures="0" errors="0" skipped="0" time="0.01468906">
        <testcase classname="tests/cli/label.test.ts" name="label &gt; prints the labelled script" time="0.004518271">
        </testcase>
        <testcase classname="tests/cli/label.test.ts" name="label &gt; rewrites in place and says how many it did" time="0.000798852">
        </testcase>
        <testcase classname="tests/cli/label.test.ts" name="label &gt; says so when there was nothing to do" time="0.000505467">
        </testcase>
        <testcase classname="tests/cli/label.test.ts" name="label &gt; passes the check on a labelled script" time="0.000492563">
        </testcase>
        <testcase classname="tests/cli/label.test.ts" name="label &gt; fails the check on a bare one" time="0.000446114">
        </testcase>
        <testcase classname="tests/cli/label.test.ts" name="label &gt; reports a label used twice" time="0.000527709">
        </testcase>
        <testcase classname="tests/cli/label.test.ts" name="label &gt; previews the cues as they would read" time="0.002533675">
        </testcase>
        <testcase classname="tests/cli/label.test.ts" name="label &gt; marks a cue that keeps its own label" time="0.000484367">
        </testcase>
        <testcase classname="tests/cli/label.test.ts" name="label &gt; needs a script" time="0.000208756">
        </testcase>
        <testcase classname="tests/cli/label.test.ts" name="label &gt; reports a script it cannot read" time="0.000252278">
        </testcase>
        <testcase classname="tests/cli/label.test.ts" name="label &gt; refuses a script that does not parse" time="0.00059176">
        </testcase>
        <testcase classname="tests/cli/label.test.ts" name="label &gt; produces a script that still parses and lints" time="0.001557377">
        </testcase>
        <testcase classname="tests/cli/label.test.ts" name="label &gt; makes lint report a label used twice" time="0.000501048">
        </testcase>
    </testsuite>
    <testsuite name="tests/cli/lint.test.ts" timestamp="2026-09-04T04:07:18.670Z" hostname="bdc3c806c0c7" tests="19" failures="0" errors="0" skipped="0" time="0.01674425">
        <testcase classname="tests/cli/lint.test.ts" name="lint &gt; passes a clean script" time="0.005444534">
        </testcase>
        <testcase classname="tests/cli/lint.test.ts" name="lint &gt; fails a script with warnings and names them" time="0.001045789">
        </testcase>
        <testcase classname="tests/cli/lint.test.ts" name="lint &gt; needs a script" time="0.000283105">
        </testcase>
        <testcase classname="tests/cli/lint.test.ts" name="lint &gt; reports a script it cannot read" time="0.000256164">
        </testcase>
        <testcase classname="tests/cli/lint.test.ts" name="lint &gt; fails a script that does not parse" time="0.000682863">
        </testcase>
        <testcase classname="tests/cli/lint.test.ts" name="lint &gt; takes its own thresholds" time="0.000858514">
        </testcase>
        <testcase classname="tests/cli/lint.test.ts" name="lint &gt; refuses a nonsense threshold" time="0.000268799">
        </testcase>
        <testcase classname="tests/cli/lint.test.ts" name="lint &gt; follows includes when asked" time="0.001275043">
        </testcase>
        <testcase classname="tests/cli/lint.test.ts" name="lint &gt; finds a duplicate group across files" time="0.000700355">
        </testcase>
        <testcase classname="tests/cli/lint.test.ts" name="lint &gt; fails when a followed include is missing" time="0.000431045">
        </testcase>
        <testcase classname="tests/cli/lint.test.ts" name="fmt &gt; prints the formatted script" time="0.000771771">
        </testcase>
        <testcase classname="tests/cli/lint.test.ts" name="fmt &gt; says a formatted script is already formatted" time="0.000419404">
        </testcase>
        <testcase classname="tests/cli/lint.test.ts" name="fmt &gt; fails the check on an unformatted script" time="0.000403043">
        </testcase>
        <testcase classname="tests/cli/lint.test.ts" name="fmt &gt; rewrites in place" time="0.000736043">
        </testcase>
        <testcase classname="tests/cli/lint.test.ts" name="fmt &gt; says so when a rewrite changed nothing" time="0.000402702">
        </testcase>
        <testcase classname="tests/cli/lint.test.ts" name="fmt &gt; takes an indent width and minute times" time="0.000344863">
        </testcase>
        <testcase classname="tests/cli/lint.test.ts" name="fmt &gt; refuses a nonsense indent" time="0.000225226">
        </testcase>
        <testcase classname="tests/cli/lint.test.ts" name="fmt &gt; refuses to format a script that does not parse" time="0.000330967">
        </testcase>
        <testcase classname="tests/cli/lint.test.ts" name="fmt &gt; needs a script" time="0.000201882">
        </testcase>
    </testsuite>
    <testsuite name="tests/cli/permitContinuity.test.ts" timestamp="2026-09-04T04:07:18.672Z" hostname="bdc3c806c0c7" tests="22" failures="0" errors="0" skipped="0" time="0.034463044">
        <testcase classname="tests/cli/permitContinuity.test.ts" name="permit &gt; writes the facts" time="0.012729151">
        </testcase>
        <testcase classname="tests/cli/permitContinuity.test.ts" name="permit &gt; refuses without an audience distance" time="0.000472655">
        </testcase>
        <testcase classname="tests/cli/permitContinuity.test.ts" name="permit &gt; takes the show and site names and the paperwork fields" time="0.001737409">
        </testcase>
        <testcase classname="tests/cli/permitContinuity.test.ts" name="permit &gt; falls back to the script name" time="0.000881538">
        </testcase>
        <testcase classname="tests/cli/permitContinuity.test.ts" name="permit &gt; says the show does not clear on a tight site" time="0.001120601">
        </testcase>
        <testcase classname="tests/cli/permitContinuity.test.ts" name="permit &gt; writes to a file" time="0.00149004">
        </testcase>
        <testcase classname="tests/cli/permitContinuity.test.ts" name="continuity &gt; passes a walk that matches the show" time="0.001682956">
        </testcase>
        <testcase classname="tests/cli/permitContinuity.test.ts" name="continuity &gt; needs a walk" time="0.000268979">
        </testcase>
        <testcase classname="tests/cli/permitContinuity.test.ts" name="continuity &gt; reports a walk it cannot read" time="0.000360431">
        </testcase>
        <testcase classname="tests/cli/permitContinuity.test.ts" name="continuity &gt; fails a walk with a dead cue and names the pin" time="0.000757653">
        </testcase>
        <testcase classname="tests/cli/permitContinuity.test.ts" name="continuity &gt; fails a walk with a stray lead" time="0.000677612">
        </testcase>
        <testcase classname="tests/cli/permitContinuity.test.ts" name="continuity &gt; stops on a walk that will not parse" time="0.00100397">
        </testcase>
        <testcase classname="tests/cli/permitContinuity.test.ts" name="continuity &gt; refuses to check a show that does not compile" time="0.000696498">
        </testcase>
        <testcase classname="tests/cli/permitContinuity.test.ts" name="continuity &gt; checks resistances on request" time="0.000891808">
        </testcase>
        <testcase classname="tests/cli/permitContinuity.test.ts" name="continuity &gt; lists the pins the walk never reached" time="0.000705535">
        </testcase>
        <testcase classname="tests/cli/permitContinuity.test.ts" name="continuity &gt; says so when the walk covered everything" time="0.000743888">
        </testcase>
        <testcase classname="tests/cli/permitContinuity.test.ts" name="explain &gt; explains a cue by number" time="0.001552548">
        </testcase>
        <testcase classname="tests/cli/permitContinuity.test.ts" name="explain &gt; explains a cue by pin" time="0.000753387">
        </testcase>
        <testcase classname="tests/cli/permitContinuity.test.ts" name="explain &gt; needs a cue to explain" time="0.000262918">
        </testcase>
        <testcase classname="tests/cli/permitContinuity.test.ts" name="explain &gt; says how many cues there are when it cannot find one" time="0.000569437">
        </testcase>
        <testcase classname="tests/cli/permitContinuity.test.ts" name="explain &gt; lists neighbours on request" time="0.000743177">
        </testcase>
        <testcase classname="tests/cli/permitContinuity.test.ts" name="explain &gt; refuses a nonsense window" time="0.002556759">
        </testcase>
    </testsuite>
    <testsuite name="tests/cli/planLayout.test.ts" timestamp="2026-09-04T04:07:18.674Z" hostname="bdc3c806c0c7" tests="24" failures="0" errors="0" skipped="0" time="0.080028801">
        <testcase classname="tests/cli/planLayout.test.ts" name="plan &gt; draws the site" time="0.017153865">
        </testcase>
        <testcase classname="tests/cli/planLayout.test.ts" name="plan &gt; needs an audience distance" time="0.000481192">
        </testcase>
        <testcase classname="tests/cli/planLayout.test.ts" name="plan &gt; takes a size" time="0.003814529">
        </testcase>
        <testcase classname="tests/cli/planLayout.test.ts" name="plan &gt; refuses a nonsense size" time="0.004863355">
        </testcase>
        <testcase classname="tests/cli/planLayout.test.ts" name="plan &gt; draws rings on request" time="0.002926108">
        </testcase>
        <testcase classname="tests/cli/planLayout.test.ts" name="layout &gt; gives the racks by position and bore" time="0.012476012">
        </testcase>
        <testcase classname="tests/cli/planLayout.test.ts" name="layout &gt; prints the tube order on request" time="0.002643603">
        </testcase>
        <testcase classname="tests/cli/planLayout.test.ts" name="layout &gt; names a position carrying two bores" time="0.002441791">
        </testcase>
        <testcase classname="tests/cli/planLayout.test.ts" name="layout &gt; warns when a position needs too many racks" time="0.002893155">
        </testcase>
        <testcase classname="tests/cli/planLayout.test.ts" name="layout &gt; refuses a nonsense rack cap" time="0.0023777">
        </testcase>
        <testcase classname="tests/cli/planLayout.test.ts" name="layout &gt; refuses a show that does not compile" time="0.001109069">
        </testcase>
        <testcase classname="tests/cli/planLayout.test.ts" name="rehearse &gt; writes a plan a watcher can follow" time="0.003215246">
        </testcase>
        <testcase classname="tests/cli/planLayout.test.ts" name="rehearse &gt; counts the watchers" time="0.002174214">
        </testcase>
        <testcase classname="tests/cli/planLayout.test.ts" name="rehearse &gt; takes its own window" time="0.008286262">
        </testcase>
        <testcase classname="tests/cli/planLayout.test.ts" name="rehearse &gt; writes to a file" time="0.001505178">
        </testcase>
        <testcase classname="tests/cli/planLayout.test.ts" name="rehearse &gt; refuses a show that does not compile" time="0.000481742">
        </testcase>
        <testcase classname="tests/cli/planLayout.test.ts" name="rehearse &gt; refuses a nonsense window" time="0.001312535">
        </testcase>
        <testcase classname="tests/cli/planLayout.test.ts" name="annotate &gt; writes the firing time and pins onto each cue" time="0.001454694">
        </testcase>
        <testcase classname="tests/cli/planLayout.test.ts" name="annotate &gt; can leave the pins out" time="0.002743713">
        </testcase>
        <testcase classname="tests/cli/planLayout.test.ts" name="annotate &gt; rewrites in place" time="0.000883843">
        </testcase>
        <testcase classname="tests/cli/planLayout.test.ts" name="annotate &gt; strips annotations back off" time="0.001101855">
        </testcase>
        <testcase classname="tests/cli/planLayout.test.ts" name="annotate &gt; needs a script" time="0.000221029">
        </testcase>
        <testcase classname="tests/cli/planLayout.test.ts" name="annotate &gt; refuses a show that does not compile" time="0.000441766">
        </testcase>
        <testcase classname="tests/cli/planLayout.test.ts" name="annotate &gt; refuses a nonsense pin cap" time="0.000659769">
        </testcase>
    </testsuite>
    <testsuite name="tests/cli/preview.test.ts" timestamp="2026-09-04T04:07:18.676Z" hostname="bdc3c806c0c7" tests="9" failures="0" errors="0" skipped="0" time="0.029250108">
        <testcase classname="tests/cli/preview.test.ts" name="preview &gt; prints both views by default" time="0.01199402">
        </testcase>
        <testcase classname="tests/cli/preview.test.ts" name="preview &gt; prints only the chart" time="0.002164657">
        </testcase>
        <testcase classname="tests/cli/preview.test.ts" name="preview &gt; prints only the storyboard" time="0.00215035">
        </testcase>
        <testcase classname="tests/cli/preview.test.ts" name="preview &gt; always ends with the density line" time="0.001876912">
        </testcase>
        <testcase classname="tests/cli/preview.test.ts" name="preview &gt; takes a slice size and a width" time="0.002462732">
        </testcase>
        <testcase classname="tests/cli/preview.test.ts" name="preview &gt; groups a ripple into one moment with a wide window" time="0.001244987">
        </testcase>
        <testcase classname="tests/cli/preview.test.ts" name="preview &gt; refuses a nonsense slice or width" time="0.003495085">
        </testcase>
        <testcase classname="tests/cli/preview.test.ts" name="preview &gt; still previews a show with errors" time="0.001202426">
        </testcase>
        <testcase classname="tests/cli/preview.test.ts" name="preview &gt; says so for an empty show" time="0.001295331">
        </testcase>
    </testsuite>
    <testsuite name="tests/cli/sheetInventory.test.ts" timestamp="2026-09-04T04:07:18.677Z" hostname="bdc3c806c0c7" tests="19" failures="0" errors="0" skipped="0" time="0.036088872">
        <testcase classname="tests/cli/sheetInventory.test.ts" name="sheet &gt; prints a cue sheet with a header block" time="0.010475194">
        </testcase>
        <testcase classname="tests/cli/sheetInventory.test.ts" name="sheet &gt; can leave the header out" time="0.001805396">
        </testcase>
        <testcase classname="tests/cli/sheetInventory.test.ts" name="sheet &gt; prints a wiring sheet with every pin" time="0.002111927">
        </testcase>
        <testcase classname="tests/cli/sheetInventory.test.ts" name="sheet &gt; prints one block per position" time="0.001206984">
        </testcase>
        <testcase classname="tests/cli/sheetInventory.test.ts" name="sheet &gt; says so when a position sheet has nothing on it" time="0.000881129">
        </testcase>
        <testcase classname="tests/cli/sheetInventory.test.ts" name="sheet &gt; writes to a file" time="0.000913148">
        </testcase>
        <testcase classname="tests/cli/sheetInventory.test.ts" name="sheet &gt; still prints a sheet from a show with errors" time="0.001110862">
        </testcase>
        <testcase classname="tests/cli/sheetInventory.test.ts" name="sheet &gt; can drop the break column" time="0.000757043">
        </testcase>
        <testcase classname="tests/cli/sheetInventory.test.ts" name="inventory &gt; counts what the show consumes without a book" time="0.002054248">
        </testcase>
        <testcase classname="tests/cli/sheetInventory.test.ts" name="inventory &gt; compares against the magazine and finds the shortfall" time="0.001791882">
        </testcase>
        <testcase classname="tests/cli/sheetInventory.test.ts" name="inventory &gt; says so when everything is in stock" time="0.000888341">
        </testcase>
        <testcase classname="tests/cli/sheetInventory.test.ts" name="inventory &gt; lists stock the show never touches on request" time="0.001440636">
        </testcase>
        <testcase classname="tests/cli/sheetInventory.test.ts" name="inventory &gt; reports a magazine book it cannot read" time="0.000559317">
        </testcase>
        <testcase classname="tests/cli/sheetInventory.test.ts" name="inventory &gt; stops on a magazine book that will not parse" time="0.00055968">
        </testcase>
        <testcase classname="tests/cli/sheetInventory.test.ts" name="inventory &gt; leaves the on hand column empty with no book" time="0.001055197">
        </testcase>
        <testcase classname="tests/cli/sheetInventory.test.ts" name="the command list &gt; holds the commands a show needs end to end" time="0.001106535">
        </testcase>
        <testcase classname="tests/cli/sheetInventory.test.ts" name="the command list &gt; gives every command a name, a summary and a usage line" time="0.001887142">
        </testcase>
        <testcase classname="tests/cli/sheetInventory.test.ts" name="the command list &gt; names every command in the overall help" time="0.000949026">
        </testcase>
        <testcase classname="tests/cli/sheetInventory.test.ts" name="the command list &gt; gives every command its own help screen" time="0.002321594">
        </testcase>
    </testsuite>
    <testsuite name="tests/core/codes.test.ts" timestamp="2026-09-04T04:07:18.678Z" hostname="bdc3c806c0c7" tests="17" failures="0" errors="0" skipped="0" time="0.02036388">
        <testcase classname="tests/core/codes.test.ts" name="the ranges &gt; do not overlap and run in order" time="0.001413395">
        </testcase>
        <testcase classname="tests/core/codes.test.ts" name="the ranges &gt; give every range an area and a meaning" time="0.000521336">
        </testcase>
        <testcase classname="tests/core/codes.test.ts" name="every code the source emits &gt; finds a good many of them" time="0.000180221">
        </testcase>
        <testcase classname="tests/core/codes.test.ts" name="every code the source emits &gt; sits inside a documented range" time="0.000797609">
        </testcase>
        <testcase classname="tests/core/codes.test.ts" name="every code the source emits &gt; has a code shaped like a code" time="0.004407402">
        </testcase>
        <testcase classname="tests/core/codes.test.ts" name="every code the source emits &gt; puts loading codes in the loading range" time="0.000312762">
        </testcase>
        <testcase classname="tests/core/codes.test.ts" name="the notes &gt; only note codes the source actually emits" time="0.005608815">
        </testcase>
        <testcase classname="tests/core/codes.test.ts" name="the notes &gt; say something worth saying" time="0.000659958">
        </testcase>
        <testcase classname="tests/core/codes.test.ts" name="lookup &gt; explains a code with a note" time="0.000621655">
        </testcase>
        <testcase classname="tests/core/codes.test.ts" name="lookup &gt; explains a code without one" time="0.0002167">
        </testcase>
        <testcase classname="tests/core/codes.test.ts" name="lookup &gt; takes a code in lower case" time="0.000159542">
        </testcase>
        <testcase classname="tests/core/codes.test.ts" name="lookup &gt; refuses something that is not a code" time="0.000266355">
        </testcase>
        <testcase classname="tests/core/codes.test.ts" name="lookup &gt; refuses a code outside every range" time="0.000366254">
        </testcase>
        <testcase classname="tests/core/codes.test.ts" name="the codes command &gt; lists the ranges by default" time="0.001328805">
        </testcase>
        <testcase classname="tests/core/codes.test.ts" name="the codes command &gt; explains a code" time="0.000437628">
        </testcase>
        <testcase classname="tests/core/codes.test.ts" name="the codes command &gt; refuses something that is not a code" time="0.000382635">
        </testcase>
        <testcase classname="tests/core/codes.test.ts" name="the codes command &gt; lists every noted code on request" time="0.000597771">
        </testcase>
    </testsuite>
    <testsuite name="tests/core/collect.test.ts" timestamp="2026-09-04T04:07:18.679Z" hostname="bdc3c806c0c7" tests="12" failures="0" errors="0" skipped="0" time="0.00715954">
        <testcase classname="tests/core/collect.test.ts" name="countBy &gt; tallies by the key" time="0.001260576">
        </testcase>
        <testcase classname="tests/core/collect.test.ts" name="countBy &gt; counts nothing for an empty list" time="0.00022176">
        </testcase>
        <testcase classname="tests/core/collect.test.ts" name="sumBy &gt; adds a value per key" time="0.000322841">
        </testcase>
        <testcase classname="tests/core/collect.test.ts" name="sumBy &gt; handles a value of zero" time="0.000238651">
        </testcase>
        <testcase classname="tests/core/collect.test.ts" name="groupBy &gt; collects items under their key" time="0.001180063">
        </testcase>
        <testcase classname="tests/core/collect.test.ts" name="groupBy &gt; keeps the order items arrived in" time="0.000224746">
        </testcase>
        <testcase classname="tests/core/collect.test.ts" name="sortedEntries &gt; orders by key rather than by insertion" time="0.000742315">
        </testcase>
        <testcase classname="tests/core/collect.test.ts" name="sortedEntries &gt; takes a comparator, so ids sort the way a person reads them" time="0.000440544">
        </testcase>
        <testcase classname="tests/core/collect.test.ts" name="rankedEntries &gt; puts the largest first" time="0.000269821">
        </testcase>
        <testcase classname="tests/core/collect.test.ts" name="rankedEntries &gt; breaks a tie by key" time="0.000251496">
        </testcase>
        <testcase classname="tests/core/collect.test.ts" name="distinct &gt; lists each value once, sorted" time="0.000209357">
        </testcase>
        <testcase classname="tests/core/collect.test.ts" name="distinct &gt; lists nothing for an empty input" time="0.000138011">
        </testcase>
    </testsuite>
    <testsuite name="tests/core/csv.test.ts" timestamp="2026-09-04T04:07:18.680Z" hostname="bdc3c806c0c7" tests="28" failures="0" errors="0" skipped="0" time="0.010635338">
        <testcase classname="tests/core/csv.test.ts" name="parseCsv &gt; splits plain rows" time="0.001617151">
        </testcase>
        <testcase classname="tests/core/csv.test.ts" name="parseCsv &gt; keeps the line number of each row" time="0.000477895">
        </testcase>
        <testcase classname="tests/core/csv.test.ts" name="parseCsv &gt; trims stray whitespace by default" time="0.000189578">
        </testcase>
        <testcase classname="tests/core/csv.test.ts" name="parseCsv &gt; can be told to keep whitespace" time="0.00017384">
        </testcase>
        <testcase classname="tests/core/csv.test.ts" name="parseCsv &gt; reads a quoted field with the delimiter inside" time="0.000153529">
        </testcase>
        <testcase classname="tests/core/csv.test.ts" name="parseCsv &gt; reads a doubled quote as one quote" time="0.000163038">
        </testcase>
        <testcase classname="tests/core/csv.test.ts" name="parseCsv &gt; keeps whitespace inside a quoted field" time="0.000386963">
        </testcase>
        <testcase classname="tests/core/csv.test.ts" name="parseCsv &gt; reads a newline inside a quoted field" time="0.000854847">
        </testcase>
        <testcase classname="tests/core/csv.test.ts" name="parseCsv &gt; swallows carriage returns" time="0.000194238">
        </testcase>
        <testcase classname="tests/core/csv.test.ts" name="parseCsv &gt; skips blank lines by default" time="0.000171044">
        </testcase>
        <testcase classname="tests/core/csv.test.ts" name="parseCsv &gt; numbers rows past a skipped blank correctly" time="0.000151267">
        </testcase>
        <testcase classname="tests/core/csv.test.ts" name="parseCsv &gt; can be told to keep blank lines" time="0.000202384">
        </testcase>
        <testcase classname="tests/core/csv.test.ts" name="parseCsv &gt; keeps a row of empty fields" time="0.000146276">
        </testcase>
        <testcase classname="tests/core/csv.test.ts" name="parseCsv &gt; handles a trailing newline" time="0.000160383">
        </testcase>
        <testcase classname="tests/core/csv.test.ts" name="parseCsv &gt; handles an empty file" time="0.000360993">
        </testcase>
        <testcase classname="tests/core/csv.test.ts" name="parseCsv &gt; takes another delimiter" time="0.000411599">
        </testcase>
        <testcase classname="tests/core/csv.test.ts" name="parseCsv &gt; refuses a delimiter that is not one character" time="0.001173922">
        </testcase>
        <testcase classname="tests/core/csv.test.ts" name="writeCsv &gt; writes plain fields bare" time="0.000183828">
        </testcase>
        <testcase classname="tests/core/csv.test.ts" name="writeCsv &gt; quotes a field holding the delimiter" time="0.000242149">
        </testcase>
        <testcase classname="tests/core/csv.test.ts" name="writeCsv &gt; doubles an embedded quote" time="0.000115167">
        </testcase>
        <testcase classname="tests/core/csv.test.ts" name="writeCsv &gt; quotes a field with a newline or padding" time="0.000127561">
        </testcase>
        <testcase classname="tests/core/csv.test.ts" name="writeCsv &gt; round trips through the parser" time="0.000167638">
        </testcase>
        <testcase classname="tests/core/csv.test.ts" name="readTable &gt; normalises headers" time="0.000283526">
        </testcase>
        <testcase classname="tests/core/csv.test.ts" name="readTable &gt; maps every record by header" time="0.000149484">
        </testcase>
        <testcase classname="tests/core/csv.test.ts" name="readTable &gt; keeps the source line of each record" time="0.000323813">
        </testcase>
        <testcase classname="tests/core/csv.test.ts" name="readTable &gt; fills a short row with empty strings" time="0.000173518">
        </testcase>
        <testcase classname="tests/core/csv.test.ts" name="readTable &gt; returns nothing for an empty file" time="0.000145926">
        </testcase>
        <testcase classname="tests/core/csv.test.ts" name="readTable &gt; round trips through tableToCsv" time="0.000281363">
        </testcase>
    </testsuite>
    <testsuite name="tests/core/diagnostic.test.ts" timestamp="2026-09-04T04:07:18.681Z" hostname="bdc3c806c0c7" tests="19" failures="0" errors="0" skipped="0" time="0.016338723">
        <testcase classname="tests/core/diagnostic.test.ts" name="constructors &gt; stamps the severity" time="0.004568175">
        </testcase>
        <testcase classname="tests/core/diagnostic.test.ts" name="constructors &gt; leaves optional fields off when not given" time="0.000637617">
        </testcase>
        <testcase classname="tests/core/diagnostic.test.ts" name="constructors &gt; keeps optional fields when given" time="0.001323584">
        </testcase>
        <testcase classname="tests/core/diagnostic.test.ts" name="constructors &gt; recognises an error" time="0.000376522">
        </testcase>
        <testcase classname="tests/core/diagnostic.test.ts" name="ordering &gt; sorts by file name first" time="0.000626726">
        </testcase>
        <testcase classname="tests/core/diagnostic.test.ts" name="ordering &gt; sorts by offset within a file" time="0.000624572">
        </testcase>
        <testcase classname="tests/core/diagnostic.test.ts" name="ordering &gt; puts an error before a warning at the same offset" time="0.000266375">
        </testcase>
        <testcase classname="tests/core/diagnostic.test.ts" name="ordering &gt; falls back to the code" time="0.00091951">
        </testcase>
        <testcase classname="tests/core/diagnostic.test.ts" name="ordering &gt; sinks a diagnostic with no span to the end" time="0.000584777">
        </testcase>
        <testcase classname="tests/core/diagnostic.test.ts" name="DiagnosticBag &gt; counts what it holds" time="0.000407491">
        </testcase>
        <testcase classname="tests/core/diagnostic.test.ts" name="DiagnosticBag &gt; is clean when it holds only warnings" time="0.000158259">
        </testcase>
        <testcase classname="tests/core/diagnostic.test.ts" name="DiagnosticBag &gt; takes a batch" time="0.000522879">
        </testcase>
        <testcase classname="tests/core/diagnostic.test.ts" name="DiagnosticBag &gt; keeps insertion order in all but sorts on request" time="0.000463878">
        </testcase>
        <testcase classname="tests/core/diagnostic.test.ts" name="DiagnosticBag &gt; filters by severity and code" time="0.001044618">
        </testcase>
        <testcase classname="tests/core/diagnostic.test.ts" name="formatting &gt; names the location and shows the source" time="0.000577123">
        </testcase>
        <testcase classname="tests/core/diagnostic.test.ts" name="formatting &gt; can leave the source out" time="0.000181825">
        </testcase>
        <testcase classname="tests/core/diagnostic.test.ts" name="formatting &gt; copes with no location at all" time="0.000178547">
        </testcase>
        <testcase classname="tests/core/diagnostic.test.ts" name="formatting &gt; renders a whole bag in sorted order" time="0.000376443">
        </testcase>
        <testcase classname="tests/core/diagnostic.test.ts" name="summarise &gt; uses singular and plural correctly" time="0.000308985">
        </testcase>
    </testsuite>
    <testsuite name="tests/core/graph.test.ts" timestamp="2026-09-04T04:07:18.682Z" hostname="bdc3c806c0c7" tests="22" failures="0" errors="0" skipped="0" time="0.012457718">
        <testcase classname="tests/core/graph.test.ts" name="buildAdjacency &gt; collects targets under each source" time="0.001618824">
        </testcase>
        <testcase classname="tests/core/graph.test.ts" name="buildAdjacency &gt; gives a target with no outgoing edges an empty list" time="0.000286984">
        </testcase>
        <testcase classname="tests/core/graph.test.ts" name="buildAdjacency &gt; lists every node once" time="0.000288005">
        </testcase>
        <testcase classname="tests/core/graph.test.ts" name="buildAdjacency &gt; handles no edges at all" time="0.000256306">
        </testcase>
        <testcase classname="tests/core/graph.test.ts" name="topologicalOrder &gt; puts a source before everything it reaches" time="0.002172351">
        </testcase>
        <testcase classname="tests/core/graph.test.ts" name="topologicalOrder &gt; breaks ties alphabetically so the order is stable" time="0.000305438">
        </testcase>
        <testcase classname="tests/core/graph.test.ts" name="topologicalOrder &gt; orders an empty graph" time="0.000245314">
        </testcase>
        <testcase classname="tests/core/graph.test.ts" name="topologicalOrder &gt; gives up on a cycle" time="0.000234654">
        </testcase>
        <testcase classname="tests/core/graph.test.ts" name="findCycle &gt; finds nothing in a clean graph" time="0.000512009">
        </testcase>
        <testcase classname="tests/core/graph.test.ts" name="findCycle &gt; names the loop with the start repeated" time="0.000268658">
        </testcase>
        <testcase classname="tests/core/graph.test.ts" name="findCycle &gt; finds a self loop" time="0.0001639">
        </testcase>
        <testcase classname="tests/core/graph.test.ts" name="findCycle &gt; finds a cycle that hangs off a clean branch" time="0.000196393">
        </testcase>
        <testcase classname="tests/core/graph.test.ts" name="reachableFrom &gt; walks the whole chain" time="0.000189629">
        </testcase>
        <testcase classname="tests/core/graph.test.ts" name="reachableFrom &gt; does not include the start" time="0.000122402">
        </testcase>
        <testcase classname="tests/core/graph.test.ts" name="reachableFrom &gt; finds nothing from a leaf" time="0.000128563">
        </testcase>
        <testcase classname="tests/core/graph.test.ts" name="reachableFrom &gt; does not loop forever on a cycle" time="0.000200108">
        </testcase>
        <testcase classname="tests/core/graph.test.ts" name="reachableFrom &gt; finds nothing from a node that is not there" time="0.000111681">
        </testcase>
        <testcase classname="tests/core/graph.test.ts" name="roots and leaves &gt; finds the file nothing includes" time="0.000897278">
        </testcase>
        <testcase classname="tests/core/graph.test.ts" name="roots and leaves &gt; finds the files that include nothing" time="0.001047503">
        </testcase>
        <testcase classname="tests/core/graph.test.ts" name="roots and leaves &gt; has no roots in a pure cycle" time="0.000520054">
        </testcase>
        <testcase classname="tests/core/graph.test.ts" name="reverse &gt; turns every edge around" time="0.000336847">
        </testcase>
        <testcase classname="tests/core/graph.test.ts" name="reverse &gt; sorts the incoming edges" time="0.000183697">
        </testcase>
    </testsuite>
    <testsuite name="tests/core/ids.test.ts" timestamp="2026-09-04T04:07:18.683Z" hostname="bdc3c806c0c7" tests="25" failures="0" errors="0" skipped="0" time="0.016158943">
        <testcase classname="tests/core/ids.test.ts" name="checkId &gt; accepts a dotted lowercase name" time="0.001882512">
        </testcase>
        <testcase classname="tests/core/ids.test.ts" name="checkId &gt; rejects an empty name" time="0.000878594">
        </testcase>
        <testcase classname="tests/core/ids.test.ts" name="checkId &gt; rejects uppercase and says why" time="0.000445734">
        </testcase>
        <testcase classname="tests/core/ids.test.ts" name="checkId &gt; rejects an empty segment" time="0.000439592">
        </testcase>
        <testcase classname="tests/core/ids.test.ts" name="checkId &gt; rejects a space or a slash" time="0.000310529">
        </testcase>
        <testcase classname="tests/core/ids.test.ts" name="checkId &gt; rejects a segment starting with a hyphen" time="0.000247118">
        </testcase>
        <testcase classname="tests/core/ids.test.ts" name="checkId &gt; rejects a name that is far too long" time="0.000236477">
        </testcase>
        <testcase classname="tests/core/ids.test.ts" name="checkId &gt; agrees with isValidId" time="0.000279077">
        </testcase>
        <testcase classname="tests/core/ids.test.ts" name="constructors &gt; brand a valid name" time="0.000904482">
        </testcase>
        <testcase classname="tests/core/ids.test.ts" name="constructors &gt; throw with the kind of name in the message" time="0.002244058">
        </testcase>
        <testcase classname="tests/core/ids.test.ts" name="structure &gt; splits into segments" time="0.000864816">
        </testcase>
        <testcase classname="tests/core/ids.test.ts" name="structure &gt; reads the namespace and the leaf" time="0.00030714">
        </testcase>
        <testcase classname="tests/core/ids.test.ts" name="structure &gt; has no namespace for a bare name" time="0.000198517">
        </testcase>
        <testcase classname="tests/core/ids.test.ts" name="structure &gt; counts depth" time="0.000232289">
        </testcase>
        <testcase classname="tests/core/ids.test.ts" name="isUnder &gt; matches on a segment boundary" time="0.000651843">
        </testcase>
        <testcase classname="tests/core/ids.test.ts" name="isUnder &gt; does not match a partial segment" time="0.000174231">
        </testcase>
        <testcase classname="tests/core/ids.test.ts" name="isUnder &gt; does not match a longer prefix" time="0.000174049">
        </testcase>
        <testcase classname="tests/core/ids.test.ts" name="compareIds &gt; orders numeric segments numerically" time="0.000617409">
        </testcase>
        <testcase classname="tests/core/ids.test.ts" name="compareIds &gt; orders text segments alphabetically" time="0.000185101">
        </testcase>
        <testcase classname="tests/core/ids.test.ts" name="compareIds &gt; puts a shorter name before its own extension" time="0.000170262">
        </testcase>
        <testcase classname="tests/core/ids.test.ts" name="compareIds &gt; says equal names are equal" time="0.000292604">
        </testcase>
        <testcase classname="tests/core/ids.test.ts" name="compareIds &gt; does not compare a number against a word numerically" time="0.000199338">
        </testcase>
        <testcase classname="tests/core/ids.test.ts" name="compareIds &gt; sorts a catalog the way a person reads it" time="0.000283036">
        </testcase>
        <testcase classname="tests/core/ids.test.ts" name="joinId &gt; joins parts with dots" time="0.000213734">
        </testcase>
        <testcase classname="tests/core/ids.test.ts" name="joinId &gt; drops empty parts rather than leaving a double dot" time="0.000203825">
        </testcase>
    </testsuite>
    <testsuite name="tests/core/interval.test.ts" timestamp="2026-09-04T04:07:18.685Z" hostname="bdc3c806c0c7" tests="29" failures="0" errors="0" skipped="0" time="0.011675657">
        <testcase classname="tests/core/interval.test.ts" name="construction &gt; holds a start and an end" time="0.001290273">
        </testcase>
        <testcase classname="tests/core/interval.test.ts" name="construction &gt; builds from a duration" time="0.000270793">
        </testcase>
        <testcase classname="tests/core/interval.test.ts" name="construction &gt; allows an empty window" time="0.000235717">
        </testcase>
        <testcase classname="tests/core/interval.test.ts" name="construction &gt; refuses a backwards window" time="0.000954106">
        </testcase>
        <testcase classname="tests/core/interval.test.ts" name="membership &gt; is half open" time="0.000326529">
        </testcase>
        <testcase classname="tests/core/interval.test.ts" name="membership &gt; treats touching windows as not overlapping" time="0.000256185">
        </testcase>
        <testcase classname="tests/core/interval.test.ts" name="membership &gt; finds the shared part" time="0.000946341">
        </testcase>
        <testcase classname="tests/core/interval.test.ts" name="membership &gt; builds the hull over a gap" time="0.000214206">
        </testcase>
        <testcase classname="tests/core/interval.test.ts" name="shifting and ordering &gt; shifts both ends" time="0.000226919">
        </testcase>
        <testcase classname="tests/core/interval.test.ts" name="shifting and ordering &gt; orders by start then end" time="0.000373157">
        </testcase>
        <testcase classname="tests/core/interval.test.ts" name="shifting and ordering &gt; sorts without touching the input" time="0.000252257">
        </testcase>
        <testcase classname="tests/core/interval.test.ts" name="merge &gt; joins overlapping windows" time="0.000278848">
        </testcase>
        <testcase classname="tests/core/interval.test.ts" name="merge &gt; joins touching windows into one run" time="0.000204978">
        </testcase>
        <testcase classname="tests/core/interval.test.ts" name="merge &gt; keeps separate windows apart" time="0.000186923">
        </testcase>
        <testcase classname="tests/core/interval.test.ts" name="merge &gt; swallows a window inside another" time="0.000181955">
        </testcase>
        <testcase classname="tests/core/interval.test.ts" name="merge &gt; drops empty windows" time="0.000192844">
        </testcase>
        <testcase classname="tests/core/interval.test.ts" name="merge &gt; handles nothing at all" time="0.000155725">
        </testcase>
        <testcase classname="tests/core/interval.test.ts" name="coverage and gaps &gt; counts overlapping time once" time="0.000234455">
        </testcase>
        <testcase classname="tests/core/interval.test.ts" name="coverage and gaps &gt; adds separate windows" time="0.000157509">
        </testcase>
        <testcase classname="tests/core/interval.test.ts" name="coverage and gaps &gt; finds the quiet stretches" time="0.000212893">
        </testcase>
        <testcase classname="tests/core/interval.test.ts" name="coverage and gaps &gt; reports no gaps for one run" time="0.000154962">
        </testcase>
        <testcase classname="tests/core/interval.test.ts" name="peakOverlap &gt; finds how many are live at once and when" time="0.000314045">
        </testcase>
        <testcase classname="tests/core/interval.test.ts" name="peakOverlap &gt; does not count a window that has just ended" time="0.000188066">
        </testcase>
        <testcase classname="tests/core/interval.test.ts" name="peakOverlap &gt; returns zero for nothing" time="0.000698251">
        </testcase>
        <testcase classname="tests/core/interval.test.ts" name="peakOverlap &gt; ignores empty windows" time="0.000249723">
        </testcase>
        <testcase classname="tests/core/interval.test.ts" name="overlappingPairs &gt; names both indexes of each clash" time="0.000300389">
        </testcase>
        <testcase classname="tests/core/interval.test.ts" name="overlappingPairs &gt; keeps the indexes of the original list" time="0.000311189">
        </testcase>
        <testcase classname="tests/core/interval.test.ts" name="overlappingPairs &gt; finds several clashes" time="0.000208904">
        </testcase>
        <testcase classname="tests/core/interval.test.ts" name="overlappingPairs &gt; finds nothing in a clean run" time="0.000164681">
        </testcase>
    </testsuite>
    <testsuite name="tests/core/numeric.test.ts" timestamp="2026-09-04T04:07:18.687Z" hostname="bdc3c806c0c7" tests="27" failures="0" errors="0" skipped="0" time="0.018866446">
        <testcase classname="tests/core/numeric.test.ts" name="clamp and lerp &gt; clamps into the range" time="0.001364352">
        </testcase>
        <testcase classname="tests/core/numeric.test.ts" name="clamp and lerp &gt; refuses backwards bounds" time="0.000995304">
        </testcase>
        <testcase classname="tests/core/numeric.test.ts" name="clamp and lerp &gt; interpolates" time="0.000246676">
        </testcase>
        <testcase classname="tests/core/numeric.test.ts" name="clamp and lerp &gt; inverts, clamped" time="0.000215388">
        </testcase>
        <testcase classname="tests/core/numeric.test.ts" name="rounding &gt; snaps to a step" time="0.000299767">
        </testcase>
        <testcase classname="tests/core/numeric.test.ts" name="rounding &gt; floors and ceils to a step" time="0.000721054">
        </testcase>
        <testcase classname="tests/core/numeric.test.ts" name="rounding &gt; does not leave float dust behind" time="0.000184429">
        </testcase>
        <testcase classname="tests/core/numeric.test.ts" name="rounding &gt; refuses a step of zero or less" time="0.000725684">
        </testcase>
        <testcase classname="tests/core/numeric.test.ts" name="rounding &gt; compares with a tolerance" time="0.000411989">
        </testcase>
        <testcase classname="tests/core/numeric.test.ts" name="aggregates &gt; sums and averages" time="0.000263007">
        </testcase>
        <testcase classname="tests/core/numeric.test.ts" name="aggregates &gt; gives zero for an empty list rather than NaN" time="0.000310057">
        </testcase>
        <testcase classname="tests/core/numeric.test.ts" name="aggregates &gt; finds the median of an even and an odd list" time="0.000151387">
        </testcase>
        <testcase classname="tests/core/numeric.test.ts" name="aggregates &gt; interpolates a percentile" time="0.000216771">
        </testcase>
        <testcase classname="tests/core/numeric.test.ts" name="aggregates &gt; clamps a percentile fraction" time="0.000174981">
        </testcase>
        <testcase classname="tests/core/numeric.test.ts" name="aggregates &gt; does not care about input order" time="0.000147829">
        </testcase>
        <testcase classname="tests/core/numeric.test.ts" name="aggregates &gt; uses the sample variance" time="0.000325146">
        </testcase>
        <testcase classname="tests/core/numeric.test.ts" name="aggregates &gt; finds extremes and reports nothing for an empty list" time="0.000255343">
        </testcase>
        <testcase classname="tests/core/numeric.test.ts" name="isMonotonic &gt; accepts a rising or level run" time="0.004118265">
        </testcase>
        <testcase classname="tests/core/numeric.test.ts" name="isMonotonic &gt; rejects a step backwards" time="0.000186452">
        </testcase>
        <testcase classname="tests/core/numeric.test.ts" name="histogram &gt; splits the range into even buckets" time="0.001171819">
        </testcase>
        <testcase classname="tests/core/numeric.test.ts" name="histogram &gt; puts the maximum in the last bucket" time="0.000216991">
        </testcase>
        <testcase classname="tests/core/numeric.test.ts" name="histogram &gt; copes with every value being the same" time="0.000209366">
        </testcase>
        <testcase classname="tests/core/numeric.test.ts" name="histogram &gt; returns nothing for no data" time="0.000764067">
        </testcase>
        <testcase classname="tests/core/numeric.test.ts" name="histogram &gt; refuses a nonsense bucket count" time="0.000959726">
        </testcase>
        <testcase classname="tests/core/numeric.test.ts" name="bucketBy &gt; counts into fixed width slices from zero" time="0.000261145">
        </testcase>
        <testcase classname="tests/core/numeric.test.ts" name="bucketBy &gt; leaves an empty slice out rather than at zero" time="0.000152167">
        </testcase>
        <testcase classname="tests/core/numeric.test.ts" name="bucketBy &gt; refuses a width of zero" time="0.000254942">
        </testcase>
    </testsuite>
    <testsuite name="tests/core/result.test.ts" timestamp="2026-09-04T04:07:18.689Z" hostname="bdc3c806c0c7" tests="26" failures="0" errors="0" skipped="0" time="0.010785883">
        <testcase classname="tests/core/result.test.ts" name="construction &gt; carries a value" time="0.001297175">
        </testcase>
        <testcase classname="tests/core/result.test.ts" name="construction &gt; carries every error it was given" time="0.000749379">
        </testcase>
        <testcase classname="tests/core/result.test.ts" name="construction &gt; refuses an Err with nothing in it" time="0.001030059">
        </testcase>
        <testcase classname="tests/core/result.test.ts" name="construction &gt; narrows with the guards" time="0.000277956">
        </testcase>
        <testcase classname="tests/core/result.test.ts" name="mapping &gt; maps a value and leaves an error alone" time="0.000311489">
        </testcase>
        <testcase classname="tests/core/result.test.ts" name="mapping &gt; maps errors" time="0.000262506">
        </testcase>
        <testcase classname="tests/core/result.test.ts" name="mapping &gt; does not touch the value when mapping errors" time="0.000307972">
        </testcase>
        <testcase classname="tests/core/result.test.ts" name="mapping &gt; chains" time="0.000324484">
        </testcase>
        <testcase classname="tests/core/result.test.ts" name="unwrapping &gt; falls back" time="0.000205199">
        </testcase>
        <testcase classname="tests/core/result.test.ts" name="unwrapping &gt; throws with every error joined" time="0.000613982">
        </testcase>
        <testcase classname="tests/core/result.test.ts" name="unwrapping &gt; describes an Error object" time="0.000249433">
        </testcase>
        <testcase classname="tests/core/result.test.ts" name="unwrapping &gt; describes a diagnostic shaped object" time="0.000209447">
        </testcase>
        <testcase classname="tests/core/result.test.ts" name="unwrapping &gt; falls back to JSON for anything else" time="0.000202373">
        </testcase>
        <testcase classname="tests/core/result.test.ts" name="unwrapping &gt; returns the value when there is one" time="0.000162948">
        </testcase>
        <testcase classname="tests/core/result.test.ts" name="collecting &gt; gathers values in order" time="0.000300218">
        </testcase>
        <testcase classname="tests/core/result.test.ts" name="collecting &gt; gathers every error rather than the first" time="0.000174731">
        </testcase>
        <testcase classname="tests/core/result.test.ts" name="collecting &gt; collects an empty list into an empty value" time="0.000123844">
        </testcase>
        <testcase classname="tests/core/result.test.ts" name="collecting &gt; traverses with the index" time="0.00017937">
        </testcase>
        <testcase classname="tests/core/result.test.ts" name="collecting &gt; traverses and reports every failure" time="0.00031172">
        </testcase>
        <testcase classname="tests/core/result.test.ts" name="partition &gt; keeps what worked alongside what did not" time="0.00021154">
        </testcase>
        <testcase classname="tests/core/result.test.ts" name="partition &gt; handles an all good list" time="0.000146327">
        </testcase>
        <testcase classname="tests/core/result.test.ts" name="both &gt; pairs two values" time="0.000198847">
        </testcase>
        <testcase classname="tests/core/result.test.ts" name="both &gt; keeps both sides&apos; errors" time="0.000260652">
        </testcase>
        <testcase classname="tests/core/result.test.ts" name="both &gt; keeps one side&apos;s errors when the other is fine" time="0.000163699">
        </testcase>
        <testcase classname="tests/core/result.test.ts" name="attempt &gt; catches a throw" time="0.000215648">
        </testcase>
        <testcase classname="tests/core/result.test.ts" name="attempt &gt; passes a value through" time="0.000113665">
        </testcase>
    </testsuite>
    <testsuite name="tests/core/rng.test.ts" timestamp="2026-09-04T04:07:18.691Z" hostname="bdc3c806c0c7" tests="29" failures="0" errors="0" skipped="0" time="0.073458826">
        <testcase classname="tests/core/rng.test.ts" name="hashString &gt; is stable" time="0.001467817">
        </testcase>
        <testcase classname="tests/core/rng.test.ts" name="hashString &gt; separates similar labels" time="0.000801618">
        </testcase>
        <testcase classname="tests/core/rng.test.ts" name="hashString &gt; returns an unsigned 32 bit value" time="0.000605707">
        </testcase>
        <testcase classname="tests/core/rng.test.ts" name="hashString &gt; hashes the empty string to the offset basis" time="0.000756772">
        </testcase>
        <testcase classname="tests/core/rng.test.ts" name="determinism &gt; gives the same sequence for the same numeric seed" time="0.001026072">
        </testcase>
        <testcase classname="tests/core/rng.test.ts" name="determinism &gt; gives the same sequence for the same string seed" time="0.000301071">
        </testcase>
        <testcase classname="tests/core/rng.test.ts" name="determinism &gt; gives different sequences for different seeds" time="0.000324234">
        </testcase>
        <testcase classname="tests/core/rng.test.ts" name="determinism &gt; does not sit still on a zero seed" time="0.000284288">
        </testcase>
        <testcase classname="tests/core/rng.test.ts" name="determinism &gt; refuses a seed that is not finite" time="0.001541798">
        </testcase>
        <testcase classname="tests/core/rng.test.ts" name="ranges &gt; keeps floats in the unit range" time="0.02787711">
        </testcase>
        <testcase classname="tests/core/rng.test.ts" name="ranges &gt; keeps integers inside inclusive bounds" time="0.02176416">
        </testcase>
        <testcase classname="tests/core/rng.test.ts" name="ranges &gt; handles a single value range" time="0.00024242">
        </testcase>
        <testcase classname="tests/core/rng.test.ts" name="ranges &gt; refuses backwards or fractional bounds" time="0.000490929">
        </testcase>
        <testcase classname="tests/core/rng.test.ts" name="ranges &gt; keeps jitter inside the amount" time="0.004379088">
        </testcase>
        <testcase classname="tests/core/rng.test.ts" name="ranges &gt; gives zero jitter for zero amount" time="0.000155886">
        </testcase>
        <testcase classname="tests/core/rng.test.ts" name="ranges &gt; refuses negative jitter" time="0.000345283">
        </testcase>
        <testcase classname="tests/core/rng.test.ts" name="ranges &gt; never fires an impossible chance and always fires a certain one" time="0.002632292">
        </testcase>
        <testcase classname="tests/core/rng.test.ts" name="collections &gt; picks something from the list" time="0.003117921">
        </testcase>
        <testcase classname="tests/core/rng.test.ts" name="collections &gt; refuses to pick from nothing" time="0.000266043">
        </testcase>
        <testcase classname="tests/core/rng.test.ts" name="collections &gt; shuffles without touching the input" time="0.000252298">
        </testcase>
        <testcase classname="tests/core/rng.test.ts" name="collections &gt; actually moves things" time="0.000212572">
        </testcase>
        <testcase classname="tests/core/rng.test.ts" name="collections &gt; samples distinct items" time="0.000429955">
        </testcase>
        <testcase classname="tests/core/rng.test.ts" name="collections &gt; caps a sample at the list length" time="0.000211681">
        </testcase>
        <testcase classname="tests/core/rng.test.ts" name="forking &gt; gives unrelated streams for different labels" time="0.000162828">
        </testcase>
        <testcase classname="tests/core/rng.test.ts" name="forking &gt; gives the same child for the same label" time="0.000307273">
        </testcase>
        <testcase classname="tests/core/rng.test.ts" name="forking &gt; does not advance the parent" time="0.000105399">
        </testcase>
        <testcase classname="tests/core/rng.test.ts" name="save and restore &gt; replays from a snapshot" time="0.000172046">
        </testcase>
        <testcase classname="tests/core/rng.test.ts" name="save and restore &gt; nudges a restored zero state off its fixed point" time="0.000117303">
        </testcase>
        <testcase classname="tests/core/rng.test.ts" name="showRng &gt; is keyed to the show name" time="0.000190952">
        </testcase>
    </testsuite>
    <testsuite name="tests/core/span.test.ts" timestamp="2026-09-04T04:07:18.692Z" hostname="bdc3c806c0c7" tests="26" failures="0" errors="0" skipped="0" time="0.012648317">
        <testcase classname="tests/core/span.test.ts" name="span &gt; holds a start and an end" time="0.001475081">
        </testcase>
        <testcase classname="tests/core/span.test.ts" name="span &gt; allows a zero width span" time="0.00019035">
        </testcase>
        <testcase classname="tests/core/span.test.ts" name="span &gt; refuses a backwards span" time="0.00105129">
        </testcase>
        <testcase classname="tests/core/span.test.ts" name="span &gt; refuses a negative start" time="0.000279259">
        </testcase>
        <testcase classname="tests/core/span.test.ts" name="span &gt; refuses fractional offsets" time="0.000246117">
        </testcase>
        <testcase classname="tests/core/span.test.ts" name="span &gt; joins two spans into the range that covers both" time="0.000735822">
        </testcase>
        <testcase classname="tests/core/span.test.ts" name="span &gt; tests containment with an exclusive end" time="0.000242419">
        </testcase>
        <testcase classname="tests/core/span.test.ts" name="SourceFile positions &gt; counts lines" time="0.000179049">
        </testcase>
        <testcase classname="tests/core/span.test.ts" name="SourceFile positions &gt; puts offset zero on line one column one" time="0.000295799">
        </testcase>
        <testcase classname="tests/core/span.test.ts" name="SourceFile positions &gt; finds a position on a later line" time="0.000194277">
        </testcase>
        <testcase classname="tests/core/span.test.ts" name="SourceFile positions &gt; puts the first character of a line on column one" time="0.000500036">
        </testcase>
        <testcase classname="tests/core/span.test.ts" name="SourceFile positions &gt; clamps past the end of the file" time="0.000163419">
        </testcase>
        <testcase classname="tests/core/span.test.ts" name="SourceFile positions &gt; clamps a negative offset" time="0.000133112">
        </testcase>
        <testcase classname="tests/core/span.test.ts" name="SourceFile positions &gt; round trips line and column back to an offset" time="0.000209827">
        </testcase>
        <testcase classname="tests/core/span.test.ts" name="SourceFile positions &gt; clamps a column past the end of its line" time="0.000109998">
        </testcase>
        <testcase classname="tests/core/span.test.ts" name="SourceFile positions &gt; clamps a line past the end of the file" time="0.000132711">
        </testcase>
        <testcase classname="tests/core/span.test.ts" name="SourceFile text &gt; returns a line without its terminator" time="0.000181413">
        </testcase>
        <testcase classname="tests/core/span.test.ts" name="SourceFile text &gt; returns nothing for a line that is not there" time="0.000123133">
        </testcase>
        <testcase classname="tests/core/span.test.ts" name="SourceFile text &gt; slices a span" time="0.000296261">
        </testcase>
        <testcase classname="tests/core/span.test.ts" name="SourceFile text &gt; handles carriage returns" time="0.00019525">
        </testcase>
        <testcase classname="tests/core/span.test.ts" name="SourceFile text &gt; handles an empty file" time="0.000268108">
        </testcase>
        <testcase classname="tests/core/span.test.ts" name="snippet &gt; underlines the span on its own line" time="0.000986496">
        </testcase>
        <testcase classname="tests/core/span.test.ts" name="snippet &gt; stops a multi line span at the end of its first line" time="0.000552495">
        </testcase>
        <testcase classname="tests/core/span.test.ts" name="snippet &gt; truncates a very long line" time="0.00046018">
        </testcase>
        <testcase classname="tests/core/span.test.ts" name="snippet &gt; marks a zero width span with one caret" time="0.000155674">
        </testcase>
        <testcase classname="tests/core/span.test.ts" name="formatLocation &gt; names the file, line and column" time="0.000159241">
        </testcase>
    </testsuite>
    <testsuite name="tests/core/text.test.ts" timestamp="2026-09-04T04:07:18.693Z" hostname="bdc3c806c0c7" tests="34" failures="0" errors="0" skipped="0" time="0.015620352">
        <testcase classname="tests/core/text.test.ts" name="pad &gt; pads left aligned to the right" time="0.001921967">
        </testcase>
        <testcase classname="tests/core/text.test.ts" name="pad &gt; pads right aligned to the left" time="0.000282364">
        </testcase>
        <testcase classname="tests/core/text.test.ts" name="pad &gt; splits the difference when centred" time="0.000208303">
        </testcase>
        <testcase classname="tests/core/text.test.ts" name="pad &gt; leaves an over long value alone" time="0.000257096">
        </testcase>
        <testcase classname="tests/core/text.test.ts" name="truncate &gt; leaves a short value alone" time="0.000159642">
        </testcase>
        <testcase classname="tests/core/text.test.ts" name="truncate &gt; cuts with an ellipsis" time="0.000154523">
        </testcase>
        <testcase classname="tests/core/text.test.ts" name="truncate &gt; does not add an ellipsis when there is no room" time="0.000299917">
        </testcase>
        <testcase classname="tests/core/text.test.ts" name="renderTable &gt; sizes every column to its widest cell" time="0.000471963">
        </testcase>
        <testcase classname="tests/core/text.test.ts" name="renderTable &gt; right aligns the header of a right aligned column too" time="0.000347858">
        </testcase>
        <testcase classname="tests/core/text.test.ts" name="renderTable &gt; right aligns what it was told to" time="0.000207553">
        </testcase>
        <testcase classname="tests/core/text.test.ts" name="renderTable &gt; draws a rule under the header" time="0.00014775">
        </testcase>
        <testcase classname="tests/core/text.test.ts" name="renderTable &gt; can leave the rule out" time="0.000917136">
        </testcase>
        <testcase classname="tests/core/text.test.ts" name="renderTable &gt; takes a custom separator and indent" time="0.000185391">
        </testcase>
        <testcase classname="tests/core/text.test.ts" name="renderTable &gt; fills a short row with empty cells" time="0.000292082">
        </testcase>
        <testcase classname="tests/core/text.test.ts" name="renderTable &gt; truncates a column that asked for it" time="0.00019501">
        </testcase>
        <testcase classname="tests/core/text.test.ts" name="renderTable &gt; strips trailing space from every line" time="0.000303254">
        </testcase>
        <testcase classname="tests/core/text.test.ts" name="renderTable &gt; renders headers alone when there are no rows" time="0.000223583">
        </testcase>
        <testcase classname="tests/core/text.test.ts" name="wrap &gt; breaks on word boundaries" time="0.00098866">
        </testcase>
        <testcase classname="tests/core/text.test.ts" name="wrap &gt; keeps an over long word on its own line" time="0.000203215">
        </testcase>
        <testcase classname="tests/core/text.test.ts" name="wrap &gt; collapses runs of whitespace" time="0.000180511">
        </testcase>
        <testcase classname="tests/core/text.test.ts" name="wrap &gt; returns one empty line for empty text" time="0.000140076">
        </testcase>
        <testcase classname="tests/core/text.test.ts" name="wrap &gt; gives up on a nonsense width" time="0.000199327">
        </testcase>
        <testcase classname="tests/core/text.test.ts" name="indentLines &gt; prefixes every non empty line" time="0.000154852">
        </testcase>
        <testcase classname="tests/core/text.test.ts" name="plural &gt; uses the singular for one" time="0.000208675">
        </testcase>
        <testcase classname="tests/core/text.test.ts" name="plural &gt; takes an irregular plural" time="0.000109337">
        </testcase>
        <testcase classname="tests/core/text.test.ts" name="listPhrase &gt; joins with a final and" time="0.000222902">
        </testcase>
        <testcase classname="tests/core/text.test.ts" name="fixed &gt; keeps the requested places" time="0.000162388">
        </testcase>
        <testcase classname="tests/core/text.test.ts" name="fixed &gt; never prints negative zero" time="0.000732596">
        </testcase>
        <testcase classname="tests/core/text.test.ts" name="keyValueTable &gt; uses what and value by default" time="0.00091426">
        </testcase>
        <testcase classname="tests/core/text.test.ts" name="keyValueTable &gt; takes its own headers" time="0.000256015">
        </testcase>
        <testcase classname="tests/core/text.test.ts" name="keyValueTable &gt; renders headers alone for no rows" time="0.000389989">
        </testcase>
        <testcase classname="tests/core/text.test.ts" name="countTable &gt; right aligns the count" time="0.000316679">
        </testcase>
        <testcase classname="tests/core/text.test.ts" name="countTable &gt; takes its own headers" time="0.000130797">
        </testcase>
        <testcase classname="tests/core/text.test.ts" name="countTable &gt; renders headers alone for no entries" time="0.000263037">
        </testcase>
    </testsuite>
    <testsuite name="tests/core/timecode.test.ts" timestamp="2026-09-04T04:07:18.695Z" hostname="bdc3c806c0c7" tests="32" failures="0" errors="0" skipped="0" time="0.019150664">
        <testcase classname="tests/core/timecode.test.ts" name="parseShowTime &gt; reads bare seconds" time="0.007395977">
        </testcase>
        <testcase classname="tests/core/timecode.test.ts" name="parseShowTime &gt; reads seconds with a fraction" time="0.000386381">
        </testcase>
        <testcase classname="tests/core/timecode.test.ts" name="parseShowTime &gt; reads minutes and seconds" time="0.000198706">
        </testcase>
        <testcase classname="tests/core/timecode.test.ts" name="parseShowTime &gt; reads minutes past sixty" time="0.000161936">
        </testcase>
        <testcase classname="tests/core/timecode.test.ts" name="parseShowTime &gt; reads a millisecond suffix" time="0.000199908">
        </testcase>
        <testcase classname="tests/core/timecode.test.ts" name="parseShowTime &gt; does not read a millisecond suffix as minutes" time="0.000674116">
        </testcase>
        <testcase classname="tests/core/timecode.test.ts" name="parseShowTime &gt; reads the compound form" time="0.000327279">
        </testcase>
        <testcase classname="tests/core/timecode.test.ts" name="parseShowTime &gt; trims" time="0.000155795">
        </testcase>
        <testcase classname="tests/core/timecode.test.ts" name="parseShowTime &gt; refuses nonsense rather than returning zero" time="0.000752103">
        </testcase>
        <testcase classname="tests/core/timecode.test.ts" name="formatShowTime &gt; prints minutes, seconds and milliseconds" time="0.00080302">
        </testcase>
        <testcase classname="tests/core/timecode.test.ts" name="formatShowTime &gt; prints a negative time with a sign" time="0.000147349">
        </testcase>
        <testcase classname="tests/core/timecode.test.ts" name="formatShowTime &gt; round trips" time="0.000160874">
        </testcase>
        <testcase classname="tests/core/timecode.test.ts" name="parseTimecode &gt; reads a non drop frame code" time="0.000366414">
        </testcase>
        <testcase classname="tests/core/timecode.test.ts" name="parseTimecode &gt; reads a drop frame code with a semicolon" time="0.000215107">
        </testcase>
        <testcase classname="tests/core/timecode.test.ts" name="parseTimecode &gt; refuses a semicolon on a non drop format" time="0.000104939">
        </testcase>
        <testcase classname="tests/core/timecode.test.ts" name="parseTimecode &gt; refuses a frame number the rate cannot hold" time="0.000320185">
        </testcase>
        <testcase classname="tests/core/timecode.test.ts" name="parseTimecode &gt; refuses malformed input" time="0.000120058">
        </testcase>
        <testcase classname="tests/core/timecode.test.ts" name="formatTimecode &gt; pads every field" time="0.000339262">
        </testcase>
        <testcase classname="tests/core/timecode.test.ts" name="formatTimecode &gt; uses a semicolon for drop frame" time="0.000115158">
        </testcase>
        <testcase classname="tests/core/timecode.test.ts" name="frame arithmetic &gt; counts frames from the start of the day" time="0.000156286">
        </testcase>
        <testcase classname="tests/core/timecode.test.ts" name="frame arithmetic &gt; round trips a non drop code through frames" time="0.000498454">
        </testcase>
        <testcase classname="tests/core/timecode.test.ts" name="frame arithmetic &gt; skips the dropped frame numbers" time="0.000167968">
        </testcase>
        <testcase classname="tests/core/timecode.test.ts" name="frame arithmetic &gt; keeps the tenth minute whole" time="0.0001109">
        </testcase>
        <testcase classname="tests/core/timecode.test.ts" name="frame arithmetic &gt; round trips a drop frame code" time="0.000264">
        </testcase>
        <testcase classname="tests/core/timecode.test.ts" name="frame arithmetic &gt; clamps a negative frame count" time="0.00010547">
        </testcase>
        <testcase classname="tests/core/timecode.test.ts" name="milliseconds &gt; converts a code to milliseconds" time="0.00021725">
        </testcase>
        <testcase classname="tests/core/timecode.test.ts" name="milliseconds &gt; keeps a drop frame hour within a few frames of wall time" time="0.00024338">
        </testcase>
        <testcase classname="tests/core/timecode.test.ts" name="milliseconds &gt; shows what an hour of undropped frames would cost" time="0.000145085">
        </testcase>
        <testcase classname="tests/core/timecode.test.ts" name="milliseconds &gt; round trips milliseconds through a code" time="0.000621046">
        </testcase>
        <testcase classname="tests/core/timecode.test.ts" name="quantiseToFrame &gt; snaps to the nearest frame at 25" time="0.000386963">
        </testcase>
        <testcase classname="tests/core/timecode.test.ts" name="quantiseToFrame &gt; leaves a value already on a frame alone" time="0.0002274">
        </testcase>
        <testcase classname="tests/core/timecode.test.ts" name="quantiseToFrame &gt; reports the frame length" time="0.000281262">
        </testcase>
    </testsuite>
    <testsuite name="tests/core/units.test.ts" timestamp="2026-09-04T04:07:18.697Z" hostname="bdc3c806c0c7" tests="21" failures="0" errors="0" skipped="0" time="0.014992395">
        <testcase classname="tests/core/units.test.ts" name="constructors &gt; keeps the number it was given" time="0.002384763">
        </testcase>
        <testcase classname="tests/core/units.test.ts" name="constructors &gt; rejects a negative length" time="0.000816556">
        </testcase>
        <testcase classname="tests/core/units.test.ts" name="constructors &gt; rejects a negative current or resistance" time="0.000433942">
        </testcase>
        <testcase classname="tests/core/units.test.ts" name="constructors &gt; rejects anything that is not finite" time="0.001501242">
        </testcase>
        <testcase classname="tests/core/units.test.ts" name="constructors &gt; allows a negative millisecond value" time="0.000207673">
        </testcase>
        <testcase classname="tests/core/units.test.ts" name="constructors &gt; names the unit in the message" time="0.00065501">
        </testcase>
        <testcase classname="tests/core/units.test.ts" name="imperial conversions &gt; converts inches to millimetres" time="0.000398805">
        </testcase>
        <testcase classname="tests/core/units.test.ts" name="imperial conversions &gt; round trips a caliber" time="0.00021093">
        </testcase>
        <testcase classname="tests/core/units.test.ts" name="imperial conversions &gt; converts feet to metres" time="0.000220777">
        </testcase>
        <testcase classname="tests/core/units.test.ts" name="imperial conversions &gt; round trips a distance" time="0.000767953">
        </testcase>
        <testcase classname="tests/core/units.test.ts" name="time &gt; converts seconds to milliseconds" time="0.000262576">
        </testcase>
        <testcase classname="tests/core/units.test.ts" name="time &gt; adds and subtracts" time="0.000235065">
        </testcase>
        <testcase classname="tests/core/units.test.ts" name="time &gt; scales" time="0.000208596">
        </testcase>
        <testcase classname="tests/core/units.test.ts" name="time &gt; rejects a scale factor that is not finite" time="0.000303033">
        </testcase>
        <testcase classname="tests/core/units.test.ts" name="time &gt; picks the largest and smallest" time="0.000322">
        </testcase>
        <testcase classname="tests/core/units.test.ts" name="time &gt; refuses an empty comparison" time="0.000761633">
        </testcase>
        <testcase classname="tests/core/units.test.ts" name="aggregates &gt; adds lengths and currents" time="0.000252258">
        </testcase>
        <testcase classname="tests/core/units.test.ts" name="nominal calibers &gt; snaps a converted inch size onto the mortar size" time="0.000733679">
        </testcase>
        <testcase classname="tests/core/units.test.ts" name="nominal calibers &gt; snaps a value that already sits on a size to itself" time="0.000197844">
        </testcase>
        <testcase classname="tests/core/units.test.ts" name="nominal calibers &gt; clamps below the smallest and above the largest" time="0.000171434">
        </testcase>
        <testcase classname="tests/core/units.test.ts" name="nominal calibers &gt; lists the sizes in ascending order" time="0.000990584">
        </testcase>
    </testsuite>
    <testsuite name="tests/export/explain.test.ts" timestamp="2026-09-04T04:07:18.698Z" hostname="bdc3c806c0c7" tests="19" failures="0" errors="0" skipped="0" time="0.010285777">
        <testcase classname="tests/export/explain.test.ts" name="findEvent &gt; finds a cue by its number on the sheet" time="0.000928238">
        </testcase>
        <testcase classname="tests/export/explain.test.ts" name="findEvent &gt; finds a cue by its pin" time="0.000458498">
        </testcase>
        <testcase classname="tests/export/explain.test.ts" name="findEvent &gt; finds a cue by its label" time="0.000163019">
        </testcase>
        <testcase classname="tests/export/explain.test.ts" name="findEvent &gt; finds nothing for a cue that is not there" time="0.000251897">
        </testcase>
        <testcase classname="tests/export/explain.test.ts" name="explainEvent &gt; names the cue, effect, position and pin" time="0.000242129">
        </testcase>
        <testcase classname="tests/export/explain.test.ts" name="explainEvent &gt; walks the timing from the break back to the panel" time="0.000461884">
        </testcase>
        <testcase classname="tests/export/explain.test.ts" name="explainEvent &gt; quotes the timecode of the ignition" time="0.000264049">
        </testcase>
        <testcase classname="tests/export/explain.test.ts" name="explainEvent &gt; gives the envelope, separation and hazard class" time="0.000162567">
        </testcase>
        <testcase classname="tests/export/explain.test.ts" name="explainEvent &gt; gives the module and its limits when it has a rig" time="0.000336918">
        </testcase>
        <testcase classname="tests/export/explain.test.ts" name="explainEvent &gt; leaves the rig block out with no rig" time="0.000468697">
        </testcase>
        <testcase classname="tests/export/explain.test.ts" name="explainEvent &gt; says so when a cue has no label" time="0.000371945">
        </testcase>
        <testcase classname="tests/export/explain.test.ts" name="explainEvent &gt; takes another separation rule" time="0.000663116">
        </testcase>
        <testcase classname="tests/export/explain.test.ts" name="explainEvent &gt; skips the climb line for an effect that does not climb" time="0.000789043">
        </testcase>
        <testcase classname="tests/export/explain.test.ts" name="neighbours &gt; finds what fires close to a cue" time="0.000235466">
        </testcase>
        <testcase classname="tests/export/explain.test.ts" name="neighbours &gt; does not count the cue itself" time="0.001054325">
        </testcase>
        <testcase classname="tests/export/explain.test.ts" name="neighbours &gt; finds nothing for a cue on its own" time="0.000640673">
        </testcase>
        <testcase classname="tests/export/explain.test.ts" name="neighbours &gt; widens with the window" time="0.000493665">
        </testcase>
        <testcase classname="tests/export/explain.test.ts" name="neighbours &gt; says so in the table when nothing is near" time="0.000315036">
        </testcase>
        <testcase classname="tests/export/explain.test.ts" name="neighbours &gt; lists neighbours with their pins" time="0.00018457">
        </testcase>
    </testsuite>
    <testsuite name="tests/export/firingTable.test.ts" timestamp="2026-09-04T04:07:18.699Z" hostname="bdc3c806c0c7" tests="19" failures="0" errors="0" skipped="0" time="0.016719292">
        <testcase classname="tests/export/firingTable.test.ts" name="rows &gt; numbers cues from one" time="0.001627271">
        </testcase>
        <testcase classname="tests/export/firingTable.test.ts" name="rows &gt; writes the ignition time, not the cue time" time="0.000285119">
        </testcase>
        <testcase classname="tests/export/firingTable.test.ts" name="rows &gt; writes the effect, the position and the label" time="0.000229504">
        </testcase>
        <testcase classname="tests/export/firingTable.test.ts" name="rows &gt; leaves the note empty when there is no label" time="0.000158761">
        </testcase>
        <testcase classname="tests/export/firingTable.test.ts" name="address styles &gt; writes a dotted address by default" time="0.000163259">
        </testcase>
        <testcase classname="tests/export/firingTable.test.ts" name="address styles &gt; writes a flat index counting from one" time="0.000222571">
        </testcase>
        <testcase classname="tests/export/firingTable.test.ts" name="address styles &gt; writes a module and pin pair" time="0.000177355">
        </testcase>
        <testcase classname="tests/export/firingTable.test.ts" name="time styles &gt; writes raw milliseconds" time="0.000167637">
        </testcase>
        <testcase classname="tests/export/firingTable.test.ts" name="time styles &gt; writes timecode" time="0.00057096">
        </testcase>
        <testcase classname="tests/export/firingTable.test.ts" name="csv &gt; writes a header by default" time="0.001222624">
        </testcase>
        <testcase classname="tests/export/firingTable.test.ts" name="csv &gt; can leave the header out" time="0.000318353">
        </testcase>
        <testcase classname="tests/export/firingTable.test.ts" name="csv &gt; quotes a label with a comma in it" time="0.000460551">
        </testcase>
        <testcase classname="tests/export/firingTable.test.ts" name="csv &gt; round trips through the csv reader" time="0.000263549">
        </testcase>
        <testcase classname="tests/export/firingTable.test.ts" name="csv &gt; writes just a header for an empty show" time="0.000537047">
        </testcase>
        <testcase classname="tests/export/firingTable.test.ts" name="rig checks &gt; finds a uniform pin count" time="0.00025371">
        </testcase>
        <testcase classname="tests/export/firingTable.test.ts" name="rig checks &gt; finds none on a mixed rig" time="0.007361231">
        </testcase>
        <testcase classname="tests/export/firingTable.test.ts" name="rig checks &gt; allows the dotted style on any rig" time="0.000239373">
        </testcase>
        <testcase classname="tests/export/firingTable.test.ts" name="rig checks &gt; refuses a flat address on a mixed rig and says why" time="0.000241688">
        </testcase>
        <testcase classname="tests/export/firingTable.test.ts" name="rig checks &gt; counts the rows for a firmware limit" time="0.000257557">
        </testcase>
    </testsuite>
    <testsuite name="tests/export/json.test.ts" timestamp="2026-09-04T04:07:18.701Z" hostname="bdc3c806c0c7" tests="21" failures="0" errors="0" skipped="0" time="0.012655682">
        <testcase classname="tests/export/json.test.ts" name="toJsonShow &gt; carries a version" time="0.001173612">
        </testcase>
        <testcase classname="tests/export/json.test.ts" name="toJsonShow &gt; carries the frame format" time="0.000529272">
        </testcase>
        <testcase classname="tests/export/json.test.ts" name="toJsonShow &gt; numbers cues from one" time="0.000602029">
        </testcase>
        <testcase classname="tests/export/json.test.ts" name="toJsonShow &gt; writes times as whole milliseconds" time="0.000345875">
        </testcase>
        <testcase classname="tests/export/json.test.ts" name="toJsonShow &gt; writes the address three ways for three kinds of consumer" time="0.000179259">
        </testcase>
        <testcase classname="tests/export/json.test.ts" name="toJsonShow &gt; describes the effect for a person reading the file" time="0.000156907">
        </testcase>
        <testcase classname="tests/export/json.test.ts" name="toJsonShow &gt; keeps a label and leaves it off when there is none" time="0.00014772">
        </testcase>
        <testcase classname="tests/export/json.test.ts" name="toJsonShow &gt; writes the occupancy window as a pair" time="0.000558627">
        </testcase>
        <testcase classname="tests/export/json.test.ts" name="toJsonShow &gt; summarises the show" time="0.000399626">
        </testcase>
        <testcase classname="tests/export/json.test.ts" name="toJsonShow &gt; leaves the rig out unless it was given one" time="0.001946394">
        </testcase>
        <testcase classname="tests/export/json.test.ts" name="toJsonShow &gt; names the show something rather than nothing" time="0.000579949">
        </testcase>
        <testcase classname="tests/export/json.test.ts" name="writeShowJson and readShowJson &gt; round trips" time="0.000611087">
        </testcase>
        <testcase classname="tests/export/json.test.ts" name="writeShowJson and readShowJson &gt; writes compact json on request" time="0.00027437">
        </testcase>
        <testcase classname="tests/export/json.test.ts" name="writeShowJson and readShowJson &gt; refuses text that is not json" time="0.000235686">
        </testcase>
        <testcase classname="tests/export/json.test.ts" name="writeShowJson and readShowJson &gt; refuses json that is not a show" time="0.000212322">
        </testcase>
        <testcase classname="tests/export/json.test.ts" name="writeShowJson and readShowJson &gt; refuses a version it does not know" time="0.000333762">
        </testcase>
        <testcase classname="tests/export/json.test.ts" name="writeShowJson and readShowJson &gt; accepts a show with no cues" time="0.00028554">
        </testcase>
        <testcase classname="tests/export/json.test.ts" name="consumer helpers &gt; describes a show in one line" time="0.000342097">
        </testcase>
        <testcase classname="tests/export/json.test.ts" name="consumer helpers &gt; finds the cues inside a window" time="0.00051801">
        </testcase>
        <testcase classname="tests/export/json.test.ts" name="consumer helpers &gt; writes plain lines for a consumer that cannot parse json" time="0.000695808">
        </testcase>
        <testcase classname="tests/export/json.test.ts" name="isQuantised &gt; tells a quantised schedule from a raw one" time="0.000205258">
        </testcase>
    </testsuite>
    <testsuite name="tests/export/pack.test.ts" timestamp="2026-09-04T04:07:18.702Z" hostname="bdc3c806c0c7" tests="16" failures="0" errors="0" skipped="0" time="0.032819895">
        <testcase classname="tests/export/pack.test.ts" name="packSections &gt; starts with the summary" time="0.001860181">
        </testcase>
        <testcase classname="tests/export/pack.test.ts" name="packSections &gt; holds the paper a crew carries" time="0.00109386">
        </testcase>
        <testcase classname="tests/export/pack.test.ts" name="packSections &gt; leaves the permit out without a site" time="0.000429503">
        </testcase>
        <testcase classname="tests/export/pack.test.ts" name="packSections &gt; adds the permit when it has a site and details" time="0.003137317">
        </testcase>
        <testcase classname="tests/export/pack.test.ts" name="packSections &gt; adds the layout when it has the assignments" time="0.000399396">
        </testcase>
        <testcase classname="tests/export/pack.test.ts" name="packSections &gt; can leave sections out" time="0.001674579">
        </testcase>
        <testcase classname="tests/export/pack.test.ts" name="packSections &gt; lists every title it can produce" time="0.001108719">
        </testcase>
        <testcase classname="tests/export/pack.test.ts" name="showPack &gt; rules off every section" time="0.001324818">
        </testcase>
        <testcase classname="tests/export/pack.test.ts" name="showPack &gt; takes its numbers from one compile" time="0.001922579">
        </testcase>
        <testcase classname="tests/export/pack.test.ts" name="the pack command &gt; writes the whole thing" time="0.006154517">
        </testcase>
        <testcase classname="tests/export/pack.test.ts" name="the pack command &gt; lists the sections and stops" time="0.000469989">
        </testcase>
        <testcase classname="tests/export/pack.test.ts" name="the pack command &gt; leaves sections out" time="0.00264231">
        </testcase>
        <testcase classname="tests/export/pack.test.ts" name="the pack command &gt; refuses a section it does not know" time="0.00148465">
        </testcase>
        <testcase classname="tests/export/pack.test.ts" name="the pack command &gt; adds the permit when given an audience distance" time="0.00359249">
        </testcase>
        <testcase classname="tests/export/pack.test.ts" name="the pack command &gt; writes to a file" time="0.002269175">
        </testcase>
        <testcase classname="tests/export/pack.test.ts" name="the pack command &gt; refuses a show that does not compile" time="0.001128235">
        </testcase>
    </testsuite>
    <testsuite name="tests/export/permit.test.ts" timestamp="2026-09-04T04:07:18.704Z" hostname="bdc3c806c0c7" tests="22" failures="0" errors="0" skipped="0" time="0.009863778">
        <testcase classname="tests/export/permit.test.ts" name="permitFacts &gt; counts the shots and the positions" time="0.001122164">
        </testcase>
        <testcase classname="tests/export/permit.test.ts" name="permitFacts &gt; finds the largest bore, ignoring the ground piece" time="0.000220237">
        </testcase>
        <testcase classname="tests/export/permit.test.ts" name="permitFacts &gt; quotes the separation the largest effect needs" time="0.000270652">
        </testcase>
        <testcase classname="tests/export/permit.test.ts" name="permitFacts &gt; quotes the tightest separation the site offers" time="0.000142921">
        </testcase>
        <testcase classname="tests/export/permit.test.ts" name="permitFacts &gt; counts each effect" time="0.000356915">
        </testcase>
        <testcase classname="tests/export/permit.test.ts" name="permitFacts &gt; carries the details through" time="0.000179439">
        </testcase>
        <testcase classname="tests/export/permit.test.ts" name="permitFacts &gt; reports a show with no cues without dividing by nothing" time="0.000430044">
        </testcase>
        <testcase classname="tests/export/permit.test.ts" name="permitClears &gt; clears on a site with room" time="0.000344913">
        </testcase>
        <testcase classname="tests/export/permit.test.ts" name="permitClears &gt; does not clear on a tight site" time="0.000262798">
        </testcase>
        <testcase classname="tests/export/permit.test.ts" name="permitClears &gt; clears under the reduced rule where the full one fails" time="0.001647789">
        </testcase>
        <testcase classname="tests/export/permit.test.ts" name="permitClears &gt; clears a show with no cues" time="0.000223163">
        </testcase>
        <testcase classname="tests/export/permit.test.ts" name="permitSummary &gt; names the show, site, date, operator and licence" time="0.000524201">
        </testcase>
        <testcase classname="tests/export/permit.test.ts" name="permitSummary &gt; quotes both metres and feet" time="0.000138543">
        </testcase>
        <testcase classname="tests/export/permit.test.ts" name="permitSummary &gt; says whether it clears" time="0.000130476">
        </testcase>
        <testcase classname="tests/export/permit.test.ts" name="permitSummary &gt; leaves out the optional lines that were not given" time="0.000457345">
        </testcase>
        <testcase classname="tests/export/permit.test.ts" name="permitShotList &gt; gives a row per effect with its count" time="0.000164642">
        </testcase>
        <testcase classname="tests/export/permit.test.ts" name="permitShotList &gt; puts the largest bore first" time="0.000125247">
        </testcase>
        <testcase classname="tests/export/permit.test.ts" name="permitShotList &gt; marks a ground piece as having no bore" time="0.000091022">
        </testcase>
        <testcase classname="tests/export/permit.test.ts" name="permitShotList &gt; quotes a separation for every row" time="0.000261957">
        </testcase>
        <testcase classname="tests/export/permit.test.ts" name="permitTiming &gt; quotes the first and last ignition" time="0.000279589">
        </testcase>
        <testcase classname="tests/export/permit.test.ts" name="permitTiming &gt; says so for an empty show" time="0.000315538">
        </testcase>
        <testcase classname="tests/export/permit.test.ts" name="permitDocument &gt; puts the whole thing together" time="0.00034333">
        </testcase>
    </testsuite>
    <testsuite name="tests/export/sheets.test.ts" timestamp="2026-09-04T04:07:18.706Z" hostname="bdc3c806c0c7" tests="20" failures="0" errors="0" skipped="0" time="0.009602554">
        <testcase classname="tests/export/sheets.test.ts" name="cueSheet &gt; puts the cues in firing order" time="0.001417082">
        </testcase>
        <testcase classname="tests/export/sheets.test.ts" name="cueSheet &gt; prints both the ignition and the break time" time="0.000381863">
        </testcase>
        <testcase classname="tests/export/sheets.test.ts" name="cueSheet &gt; describes the effect the way a person reads it" time="0.00022715">
        </testcase>
        <testcase classname="tests/export/sheets.test.ts" name="cueSheet &gt; prints the label" time="0.000234734">
        </testcase>
        <testcase classname="tests/export/sheets.test.ts" name="cueSheet &gt; can drop the break column" time="0.001008078">
        </testcase>
        <testcase classname="tests/export/sheets.test.ts" name="cueSheet &gt; takes a title" time="0.000279199">
        </testcase>
        <testcase classname="tests/export/sheets.test.ts" name="cueSheet &gt; prints headers alone for an empty show" time="0.000580128">
        </testcase>
        <testcase classname="tests/export/sheets.test.ts" name="wiringSheet &gt; gives every module a block" time="0.000209177">
        </testcase>
        <testcase classname="tests/export/sheets.test.ts" name="wiringSheet &gt; counts what is used on each module" time="0.000231498">
        </testcase>
        <testcase classname="tests/export/sheets.test.ts" name="wiringSheet &gt; lists every pin, used or not" time="0.000198997">
        </testcase>
        <testcase classname="tests/export/sheets.test.ts" name="wiringSheet &gt; prints the lead label a crew reads out" time="0.000105741">
        </testcase>
        <testcase classname="tests/export/sheets.test.ts" name="wiringSheet &gt; leaves an unused pin&apos;s columns empty" time="0.000124205">
        </testcase>
        <testcase classname="tests/export/sheets.test.ts" name="wiringSheet &gt; takes a title" time="0.000246758">
        </testcase>
        <testcase classname="tests/export/sheets.test.ts" name="sheetHeader &gt; counts the cues and quotes the times" time="0.000601347">
        </testcase>
        <testcase classname="tests/export/sheets.test.ts" name="sheetHeader &gt; says when a show needs pre roll" time="0.000283166">
        </testcase>
        <testcase classname="tests/export/sheets.test.ts" name="sheetHeader &gt; does not mention pre roll when there is none" time="0.000182144">
        </testcase>
        <testcase classname="tests/export/sheets.test.ts" name="sheetHeader &gt; says so for an empty show" time="0.000141729">
        </testcase>
        <testcase classname="tests/export/sheets.test.ts" name="positionSheets &gt; gives one sheet per position" time="0.000877702">
        </testcase>
        <testcase classname="tests/export/sheets.test.ts" name="positionSheets &gt; puts only that position&apos;s cues on its sheet" time="0.000219666">
        </testcase>
        <testcase classname="tests/export/sheets.test.ts" name="positionSheets &gt; gives nothing for an empty show" time="0.000203224">
        </testcase>
    </testsuite>
    <testsuite name="tests/export/siteplan.test.ts" timestamp="2026-09-04T04:07:18.707Z" hostname="bdc3c806c0c7" tests="14" failures="0" errors="0" skipped="0" time="0.015490457">
        <testcase classname="tests/export/siteplan.test.ts" name="sitePlan &gt; draws a letter for every position" time="0.001314888">
        </testcase>
        <testcase classname="tests/export/siteplan.test.ts" name="sitePlan &gt; draws the audience line and the hard boundary" time="0.000254382">
        </testcase>
        <testcase classname="tests/export/siteplan.test.ts" name="sitePlan &gt; carries a key and a scale" time="0.00026461">
        </testcase>
        <testcase classname="tests/export/siteplan.test.ts" name="sitePlan &gt; puts north at the top" time="0.000255844">
        </testcase>
        <testcase classname="tests/export/siteplan.test.ts" name="sitePlan &gt; puts east on the right" time="0.000260353">
        </testcase>
        <testcase classname="tests/export/siteplan.test.ts" name="sitePlan &gt; takes a width and a height" time="0.000436386">
        </testcase>
        <testcase classname="tests/export/siteplan.test.ts" name="sitePlan &gt; clamps a nonsense size rather than throwing" time="0.005084543">
        </testcase>
        <testcase classname="tests/export/siteplan.test.ts" name="sitePlan &gt; draws separation rings when asked and given a show" time="0.003589733">
        </testcase>
        <testcase classname="tests/export/siteplan.test.ts" name="sitePlan &gt; draws no rings without a show" time="0.00026915">
        </testcase>
        <testcase classname="tests/export/siteplan.test.ts" name="sitePlan &gt; draws no rings unless asked" time="0.000608843">
        </testcase>
        <testcase classname="tests/export/siteplan.test.ts" name="sitePlan &gt; copes with an empty rig" time="0.000230887">
        </testcase>
        <testcase classname="tests/export/siteplan.test.ts" name="sitePlan &gt; copes with a rig and a site sharing one point" time="0.000327931">
        </testcase>
        <testcase classname="tests/export/siteplan.test.ts" name="firingPositionsUsed &gt; names only the positions a show fires from" time="0.001203677">
        </testcase>
        <testcase classname="tests/export/siteplan.test.ts" name="firingPositionsUsed &gt; names nothing for an empty show" time="0.000199697">
        </testcase>
    </testsuite>
    <testsuite name="tests/rig/allocate.test.ts" timestamp="2026-09-04T04:07:18.708Z" hostname="bdc3c806c0c7" tests="16" failures="0" errors="0" skipped="0" time="0.018924947">
        <testcase classname="tests/rig/allocate.test.ts" name="simple allocation &gt; gives the first shot the first pin" time="0.004245385">
        </testcase>
        <testcase classname="tests/rig/allocate.test.ts" name="simple allocation &gt; never gives two shots the same pin" time="0.000932765">
        </testcase>
        <testcase classname="tests/rig/allocate.test.ts" name="simple allocation &gt; assigns every shot" time="0.001295941">
        </testcase>
        <testcase classname="tests/rig/allocate.test.ts" name="spreading across modules &gt; puts consecutive shots of a ripple on different modules" time="0.001150497">
        </testcase>
        <testcase classname="tests/rig/allocate.test.ts" name="spreading across modules &gt; packs one module at a time when asked to" time="0.000587913">
        </testcase>
        <testcase classname="tests/rig/allocate.test.ts" name="spreading across modules &gt; falls back to a full module&apos;s neighbours when one fills" time="0.0015371">
        </testcase>
        <testcase classname="tests/rig/allocate.test.ts" name="fixed pins &gt; honours a pin the script named" time="0.00067187">
        </testcase>
        <testcase classname="tests/rig/allocate.test.ts" name="fixed pins &gt; does not let an earlier auto shot steal a later fixed pin" time="0.001821618">
        </testcase>
        <testcase classname="tests/rig/allocate.test.ts" name="running out &gt; reports a position with no module" time="0.000709213">
        </testcase>
        <testcase classname="tests/rig/allocate.test.ts" name="running out &gt; reports a position that runs out of pins, once" time="0.001165767">
        </testcase>
        <testcase classname="tests/rig/allocate.test.ts" name="running out &gt; says what to do about it" time="0.000514994">
        </testcase>
        <testcase classname="tests/rig/allocate.test.ts" name="orderings &gt; sorts by pin for the wiring sheet" time="0.000377905">
        </testcase>
        <testcase classname="tests/rig/allocate.test.ts" name="orderings &gt; sorts by time for the panel" time="0.000307031">
        </testcase>
        <testcase classname="tests/rig/allocate.test.ts" name="reports &gt; counts the load on each module" time="0.00054391">
        </testcase>
        <testcase classname="tests/rig/allocate.test.ts" name="reports &gt; lists the pins nothing is wired to" time="0.000403934">
        </testcase>
        <testcase classname="tests/rig/allocate.test.ts" name="reports &gt; describes the allocation in pin order" time="0.000361234">
        </testcase>
    </testsuite>
    <testsuite name="tests/rig/circuit.test.ts" timestamp="2026-09-04T04:07:18.708Z" hostname="bdc3c806c0c7" tests="24" failures="0" errors="0" skipped="0" time="0.008995014">
        <testcase classname="tests/rig/circuit.test.ts" name="match specs &gt; finds one by name, ignoring case" time="0.001177959">
        </testcase>
        <testcase classname="tests/rig/circuit.test.ts" name="match specs &gt; always puts all fire above no fire" time="0.00048635">
        </testcase>
        <testcase classname="tests/rig/circuit.test.ts" name="leadResistance &gt; counts both legs of the run" time="0.000258218">
        </testcase>
        <testcase classname="tests/rig/circuit.test.ts" name="leadResistance &gt; takes a different wire gauge" time="0.000187384">
        </testcase>
        <testcase classname="tests/rig/circuit.test.ts" name="leadResistance &gt; is nothing for no lead at all" time="0.000175302">
        </testcase>
        <testcase classname="tests/rig/circuit.test.ts" name="leadResistance &gt; refuses a negative length" time="0.000802418">
        </testcase>
        <testcase classname="tests/rig/circuit.test.ts" name="circuitResistance &gt; adds the matches and the lead" time="0.00023705">
        </testcase>
        <testcase classname="tests/rig/circuit.test.ts" name="circuitResistance &gt; is just the lead when nothing is wired on" time="0.00018002">
        </testcase>
        <testcase classname="tests/rig/circuit.test.ts" name="firingCurrent &gt; is voltage over resistance" time="0.000210068">
        </testcase>
        <testcase classname="tests/rig/circuit.test.ts" name="firingCurrent &gt; falls as matches are added in series" time="0.000230386">
        </testcase>
        <testcase classname="tests/rig/circuit.test.ts" name="firingCurrent &gt; refuses a dead short" time="0.000266444">
        </testcase>
        <testcase classname="tests/rig/circuit.test.ts" name="verdictFor &gt; fires a single match comfortably" time="0.000175071">
        </testcase>
        <testcase classname="tests/rig/circuit.test.ts" name="verdictFor &gt; fires a reasonable series chain" time="0.000141929">
        </testcase>
        <testcase classname="tests/rig/circuit.test.ts" name="verdictFor &gt; calls out the band between no fire and all fire" time="0.000170392">
        </testcase>
        <testcase classname="tests/rig/circuit.test.ts" name="verdictFor &gt; refuses a circuit that cannot light anything" time="0.00015304">
        </testcase>
        <testcase classname="tests/rig/circuit.test.ts" name="maxSeriesMatches &gt; says how many will still all fire" time="0.00038048">
        </testcase>
        <testcase classname="tests/rig/circuit.test.ts" name="maxSeriesMatches &gt; allows fewer on a longer lead" time="0.000165604">
        </testcase>
        <testcase classname="tests/rig/circuit.test.ts" name="maxSeriesMatches &gt; allows more at a higher voltage" time="0.000143603">
        </testcase>
        <testcase classname="tests/rig/circuit.test.ts" name="maxSeriesMatches &gt; never goes below zero" time="0.000149403">
        </testcase>
        <testcase classname="tests/rig/circuit.test.ts" name="parallel branches &gt; splits evenly between equal branches" time="0.000233602">
        </testcase>
        <testcase classname="tests/rig/circuit.test.ts" name="parallel branches &gt; gives the lower resistance branch the larger share" time="0.000305047">
        </testcase>
        <testcase classname="tests/rig/circuit.test.ts" name="parallel branches &gt; measures how uneven the split is" time="0.000268998">
        </testcase>
        <testcase classname="tests/rig/circuit.test.ts" name="parallel branches &gt; refuses a branch with no resistance" time="0.000263939">
        </testcase>
        <testcase classname="tests/rig/circuit.test.ts" name="describeCircuit &gt; reads as one line on a continuity sheet" time="0.000223162">
        </testcase>
    </testsuite>
    <testsuite name="tests/rig/continuity.test.ts" timestamp="2026-09-04T04:07:18.710Z" hostname="bdc3c806c0c7" tests="25" failures="0" errors="0" skipped="0" time="0.01900556">
        <testcase classname="tests/rig/continuity.test.ts" name="parseContinuity &gt; reads a plain dump" time="0.003324552">
        </testcase>
        <testcase classname="tests/rig/continuity.test.ts" name="parseContinuity &gt; takes any of the pin column spellings" time="0.000870609">
        </testcase>
        <testcase classname="tests/rig/continuity.test.ts" name="parseContinuity &gt; takes any of the state column spellings" time="0.002193713">
        </testcase>
        <testcase classname="tests/rig/continuity.test.ts" name="parseContinuity &gt; reads every spelling of a reading" time="0.002824636">
        </testcase>
        <testcase classname="tests/rig/continuity.test.ts" name="parseContinuity &gt; reads a resistance when the dump has one" time="0.000255383">
        </testcase>
        <testcase classname="tests/rig/continuity.test.ts" name="parseContinuity &gt; leaves the resistance off when it is blank or nonsense" time="0.000189468">
        </testcase>
        <testcase classname="tests/rig/continuity.test.ts" name="parseContinuity &gt; refuses a dump with no usable columns" time="0.000352106">
        </testcase>
        <testcase classname="tests/rig/continuity.test.ts" name="parseContinuity &gt; refuses a row with an unreadable pin" time="0.000235646">
        </testcase>
        <testcase classname="tests/rig/continuity.test.ts" name="parseContinuity &gt; refuses a row with a state it does not know" time="0.000199957">
        </testcase>
        <testcase classname="tests/rig/continuity.test.ts" name="parseContinuity &gt; keeps reading after a bad row" time="0.000192725">
        </testcase>
        <testcase classname="tests/rig/continuity.test.ts" name="reconcile &gt; finds nothing wrong with a matching walk" time="0.000648758">
        </testcase>
        <testcase classname="tests/rig/continuity.test.ts" name="reconcile &gt; finds a cue that will not go" time="0.000366253">
        </testcase>
        <testcase classname="tests/rig/continuity.test.ts" name="reconcile &gt; finds a lead on a pin nothing fires" time="0.000210989">
        </testcase>
        <testcase classname="tests/rig/continuity.test.ts" name="reconcile &gt; does not call an unused open pin stray" time="0.000272174">
        </testcase>
        <testcase classname="tests/rig/continuity.test.ts" name="reconcile &gt; finds a short whether the show uses the pin or not" time="0.000234675">
        </testcase>
        <testcase classname="tests/rig/continuity.test.ts" name="reconcile &gt; finds a pin the walk never reached" time="0.001356888">
        </testcase>
        <testcase classname="tests/rig/continuity.test.ts" name="reconcile &gt; sorts each list by pin" time="0.000294808">
        </testcase>
        <testcase classname="tests/rig/continuity.test.ts" name="checkReconciliation &gt; says nothing about a clean walk" time="0.000191271">
        </testcase>
        <testcase classname="tests/rig/continuity.test.ts" name="checkReconciliation &gt; errors on a dead cue, a short and a stray lead" time="0.000566382">
        </testcase>
        <testcase classname="tests/rig/continuity.test.ts" name="checkReconciliation &gt; explains why a stray lead matters" time="0.000127691">
        </testcase>
        <testcase classname="tests/rig/continuity.test.ts" name="resistances &gt; accepts a reading close to what the circuit should give" time="0.000377094">
        </testcase>
        <testcase classname="tests/rig/continuity.test.ts" name="resistances &gt; rejects a reading well off" time="0.000171705">
        </testcase>
        <testcase classname="tests/rig/continuity.test.ts" name="resistances &gt; warns about a joint that reads high" time="0.000461213">
        </testcase>
        <testcase classname="tests/rig/continuity.test.ts" name="resistances &gt; ignores a row with no resistance or an open pin" time="0.000289168">
        </testcase>
        <testcase classname="tests/rig/continuity.test.ts" name="unwalkedPins &gt; names the pins the walk never covered" time="0.000960147">
        </testcase>
    </testsuite>
    <testsuite name="tests/rig/layout.test.ts" timestamp="2026-09-04T04:07:18.711Z" hostname="bdc3c806c0c7" tests="19" failures="0" errors="0" skipped="0" time="0.022495254">
        <testcase classname="tests/rig/layout.test.ts" name="tubesPerRack &gt; fits fewer tubes as the bore grows" time="0.00085098">
        </testcase>
        <testcase classname="tests/rig/layout.test.ts" name="tubesPerRack &gt; gives a ground piece a rack of one" time="0.000179951">
        </testcase>
        <testcase classname="tests/rig/layout.test.ts" name="rackNeeds &gt; counts the racks a run of tubes needs" time="0.000884374">
        </testcase>
        <testcase classname="tests/rig/layout.test.ts" name="rackNeeds &gt; keeps bores apart at one position" time="0.008652867">
        </testcase>
        <testcase classname="tests/rig/layout.test.ts" name="rackNeeds &gt; keeps positions apart" time="0.001837839">
        </testcase>
        <testcase classname="tests/rig/layout.test.ts" name="rackNeeds &gt; lists the pins in wiring order" time="0.000735662">
        </testcase>
        <testcase classname="tests/rig/layout.test.ts" name="rackNeeds &gt; treats a ground piece as having no bore" time="0.000370853">
        </testcase>
        <testcase classname="tests/rig/layout.test.ts" name="rackNeeds &gt; gives nothing for a show with no cues" time="0.000150595">
        </testcase>
        <testcase classname="tests/rig/layout.test.ts" name="rackTotals and tubeOrder &gt; totals racks by bore across the show" time="0.000892108">
        </testcase>
        <testcase classname="tests/rig/layout.test.ts" name="rackTotals and tubeOrder &gt; leaves ground pieces out of the rack order" time="0.000209777">
        </testcase>
        <testcase classname="tests/rig/layout.test.ts" name="rackTotals and tubeOrder &gt; counts tubes for the hire order" time="0.000271655">
        </testcase>
        <testcase classname="tests/rig/layout.test.ts" name="checkLayout &gt; notes a bore with a lot of spare tubes" time="0.000944618">
        </testcase>
        <testcase classname="tests/rig/layout.test.ts" name="checkLayout &gt; says nothing when the racks are nearly full" time="0.001186054">
        </testcase>
        <testcase classname="tests/rig/layout.test.ts" name="checkLayout &gt; warns when a position needs more racks than a crew stands" time="0.000767664">
        </testcase>
        <testcase classname="tests/rig/layout.test.ts" name="checkLayout &gt; takes its own cap" time="0.000486931">
        </testcase>
        <testcase classname="tests/rig/layout.test.ts" name="mixedBorePositions &gt; finds a position carrying two bores" time="0.000398224">
        </testcase>
        <testcase classname="tests/rig/layout.test.ts" name="mixedBorePositions &gt; finds none where each position carries one bore" time="0.000310187">
        </testcase>
        <testcase classname="tests/rig/layout.test.ts" name="reports &gt; describes the layout with the pin range" time="0.000666862">
        </testcase>
        <testcase classname="tests/rig/layout.test.ts" name="reports &gt; names the positions nothing fires from" time="0.000567534">
        </testcase>
    </testsuite>
    <testsuite name="tests/rig/module.test.ts" timestamp="2026-09-04T04:07:18.712Z" hostname="bdc3c806c0c7" tests="19" failures="0" errors="0" skipped="0" time="0.010453414">
        <testcase classname="tests/rig/module.test.ts" name="models &gt; finds a model by name, ignoring case" time="0.001245478">
        </testcase>
        <testcase classname="tests/rig/module.test.ts" name="models &gt; gives nothing for a model it does not know" time="0.00026919">
        </testcase>
        <testcase classname="tests/rig/module.test.ts" name="models &gt; never claims more simultaneous outputs than it has pins" time="0.00065522">
        </testcase>
        <testcase classname="tests/rig/module.test.ts" name="models &gt; gives every model a firing pulse and a current" time="0.000455061">
        </testcase>
        <testcase classname="tests/rig/module.test.ts" name="firingModule &gt; holds its number, model and position" time="0.0001798">
        </testcase>
        <testcase classname="tests/rig/module.test.ts" name="firingModule &gt; leaves the note off when there is none" time="0.000537827">
        </testcase>
        <testcase classname="tests/rig/module.test.ts" name="firingModule &gt; refuses a module number of zero" time="0.001353051">
        </testcase>
        <testcase classname="tests/rig/module.test.ts" name="pins &gt; lists every pin on the module" time="0.001617861">
        </testcase>
        <testcase classname="tests/rig/module.test.ts" name="pins &gt; claims the pins it holds and no others" time="0.00021691">
        </testcase>
        <testcase classname="tests/rig/module.test.ts" name="perPinCurrent &gt; shares the firing current across the simultaneous limit" time="0.000261726">
        </testcase>
        <testcase classname="tests/rig/module.test.ts" name="perPinCurrent &gt; gives a lower per pin draw on a module that fires everything" time="0.000169701">
        </testcase>
        <testcase classname="tests/rig/module.test.ts" name="usageOf &gt; counts what is taken on this module only" time="0.000269931">
        </testcase>
        <testcase classname="tests/rig/module.test.ts" name="usageOf &gt; counts a repeated address once" time="0.000213525">
        </testcase>
        <testcase classname="tests/rig/module.test.ts" name="usageOf &gt; reports a whole module free when nothing is taken" time="0.000161917">
        </testcase>
        <testcase classname="tests/rig/module.test.ts" name="firstFreePin &gt; starts at pin one" time="0.000195309">
        </testcase>
        <testcase classname="tests/rig/module.test.ts" name="firstFreePin &gt; skips what is taken" time="0.000320878">
        </testcase>
        <testcase classname="tests/rig/module.test.ts" name="firstFreePin &gt; gives nothing when the module is full" time="0.000136137">
        </testcase>
        <testcase classname="tests/rig/module.test.ts" name="firstFreePin &gt; ignores pins taken on another module" time="0.000138072">
        </testcase>
        <testcase classname="tests/rig/module.test.ts" name="describeModule &gt; reads as one line on a rig sheet" time="0.000217011">
        </testcase>
    </testsuite>
    <testsuite name="tests/rig/parse.test.ts" timestamp="2026-09-04T04:07:18.713Z" hostname="bdc3c806c0c7" tests="26" failures="0" errors="0" skipped="0" time="0.009814354">
        <testcase classname="tests/rig/parse.test.ts" name="a clean sheet &gt; raises nothing" time="0.001071417">
        </testcase>
        <testcase classname="tests/rig/parse.test.ts" name="a clean sheet &gt; builds the positions with their coordinates" time="0.000346846">
        </testcase>
        <testcase classname="tests/rig/parse.test.ts" name="a clean sheet &gt; keeps the trailing words as a note" time="0.000194609">
        </testcase>
        <testcase classname="tests/rig/parse.test.ts" name="a clean sheet &gt; leaves the note off when there is none" time="0.000125648">
        </testcase>
        <testcase classname="tests/rig/parse.test.ts" name="a clean sheet &gt; builds the modules on their models" time="0.000365092">
        </testcase>
        <testcase classname="tests/rig/parse.test.ts" name="a clean sheet &gt; reads the settings" time="0.000220738">
        </testcase>
        <testcase classname="tests/rig/parse.test.ts" name="a clean sheet &gt; ignores comments and blank lines" time="0.000127402">
        </testcase>
        <testcase classname="tests/rig/parse.test.ts" name="defaults &gt; uses a standard match at 24 volts on 25 metres" time="0.000256175">
        </testcase>
        <testcase classname="tests/rig/parse.test.ts" name="defaults &gt; builds an empty rig from an empty file" time="0.000334553">
        </testcase>
        <testcase classname="tests/rig/parse.test.ts" name="position problems &gt; refuses an unusable name" time="0.000882711">
        </testcase>
        <testcase classname="tests/rig/parse.test.ts" name="position problems &gt; refuses a missing at" time="0.000260453">
        </testcase>
        <testcase classname="tests/rig/parse.test.ts" name="position problems &gt; refuses coordinates that are not numbers" time="0.001046861">
        </testcase>
        <testcase classname="tests/rig/parse.test.ts" name="position problems &gt; refuses a missing coordinate" time="0.000227982">
        </testcase>
        <testcase classname="tests/rig/parse.test.ts" name="module problems &gt; refuses a case number that is not a whole number" time="0.000300689">
        </testcase>
        <testcase classname="tests/rig/parse.test.ts" name="module problems &gt; refuses an unknown model and names it" time="0.000202664">
        </testcase>
        <testcase classname="tests/rig/parse.test.ts" name="module problems &gt; refuses a missing at" time="0.00022182">
        </testcase>
        <testcase classname="tests/rig/parse.test.ts" name="module problems &gt; refuses an unusable position name" time="0.000188827">
        </testcase>
        <testcase classname="tests/rig/parse.test.ts" name="module problems &gt; warns when a case number is used twice" time="0.000254573">
        </testcase>
        <testcase classname="tests/rig/parse.test.ts" name="module problems &gt; errors when a module stands at a position that is never defined" time="0.000141217">
        </testcase>
        <testcase classname="tests/rig/parse.test.ts" name="setting problems &gt; refuses an unknown match" time="0.000197895">
        </testcase>
        <testcase classname="tests/rig/parse.test.ts" name="setting problems &gt; refuses a voltage of zero or less" time="0.000410366">
        </testcase>
        <testcase classname="tests/rig/parse.test.ts" name="setting problems &gt; refuses a negative lead" time="0.000151097">
        </testcase>
        <testcase classname="tests/rig/parse.test.ts" name="setting problems &gt; accepts a lead of zero" time="0.00010039">
        </testcase>
        <testcase classname="tests/rig/parse.test.ts" name="unknown statements &gt; names the keyword and lists the real ones" time="0.000171605">
        </testcase>
        <testcase classname="tests/rig/parse.test.ts" name="unknown statements &gt; points at the line it came from" time="0.000203215">
        </testcase>
        <testcase classname="tests/rig/parse.test.ts" name="unknown statements &gt; keeps reading after a bad line" time="0.000129435">
        </testcase>
    </testsuite>
    <testsuite name="tests/rig/pin.test.ts" timestamp="2026-09-04T04:07:18.714Z" hostname="bdc3c806c0c7" tests="23" failures="0" errors="0" skipped="0" time="0.012392323">
        <testcase classname="tests/rig/pin.test.ts" name="pinAddress &gt; holds a module and a pin" time="0.001443141">
        </testcase>
        <testcase classname="tests/rig/pin.test.ts" name="pinAddress &gt; refuses a pin of zero, since the terminals start at one" time="0.001082579">
        </testcase>
        <testcase classname="tests/rig/pin.test.ts" name="pinAddress &gt; refuses a fractional address" time="0.000296823">
        </testcase>
        <testcase classname="tests/rig/pin.test.ts" name="parsePin &gt; reads every spelling a crew uses" time="0.000987078">
        </testcase>
        <testcase classname="tests/rig/pin.test.ts" name="parsePin &gt; ignores case and surrounding space" time="0.000300128">
        </testcase>
        <testcase classname="tests/rig/pin.test.ts" name="parsePin &gt; refuses nonsense" time="0.000283537">
        </testcase>
        <testcase classname="tests/rig/pin.test.ts" name="formatting &gt; pads so a sorted list lines up" time="0.000221589">
        </testcase>
        <testcase classname="tests/rig/pin.test.ts" name="formatting &gt; labels a lead the way it is read out" time="0.000183196">
        </testcase>
        <testcase classname="tests/rig/pin.test.ts" name="formatting &gt; round trips through the parser" time="0.000658135">
        </testcase>
        <testcase classname="tests/rig/pin.test.ts" name="comparison &gt; says two of the same address are the same" time="0.000291161">
        </testcase>
        <testcase classname="tests/rig/pin.test.ts" name="comparison &gt; orders by module then pin" time="0.000331818">
        </testcase>
        <testcase classname="tests/rig/pin.test.ts" name="comparison &gt; sorts without touching the input" time="0.00024786">
        </testcase>
        <testcase classname="tests/rig/pin.test.ts" name="comparison &gt; keys uniquely" time="0.000228142">
        </testcase>
        <testcase classname="tests/rig/pin.test.ts" name="pinRange &gt; walks a run inside one module" time="0.000427799">
        </testcase>
        <testcase classname="tests/rig/pin.test.ts" name="pinRange &gt; crosses a module boundary" time="0.000233141">
        </testcase>
        <testcase classname="tests/rig/pin.test.ts" name="pinRange &gt; walks backwards when the ends are reversed" time="0.000196432">
        </testcase>
        <testcase classname="tests/rig/pin.test.ts" name="pinRange &gt; gives one address when both ends are the same" time="0.000881969">
        </testcase>
        <testcase classname="tests/rig/pin.test.ts" name="pinRange &gt; refuses a pin past the end of a module" time="0.000458097">
        </testcase>
        <testcase classname="tests/rig/pin.test.ts" name="pinRange &gt; refuses a module with no pins" time="0.000393074">
        </testcase>
        <testcase classname="tests/rig/pin.test.ts" name="pinRange &gt; lists a whole module" time="0.000240064">
        </testcase>
        <testcase classname="tests/rig/pin.test.ts" name="flat indexing &gt; counts from zero across the rig" time="0.00032767">
        </testcase>
        <testcase classname="tests/rig/pin.test.ts" name="flat indexing &gt; round trips" time="0.000233972">
        </testcase>
        <testcase classname="tests/rig/pin.test.ts" name="flat indexing &gt; refuses a negative or fractional index" time="0.000448099">
        </testcase>
    </testsuite>
    <testsuite name="tests/rig/redundancy.test.ts" timestamp="2026-09-04T04:07:18.715Z" hostname="bdc3c806c0c7" tests="32" failures="0" errors="0" skipped="0" time="0.055367048">
        <testcase classname="tests/rig/redundancy.test.ts" name="shouldDouble &gt; doubles a large shell by default" time="0.004950589">
        </testcase>
        <testcase classname="tests/rig/redundancy.test.ts" name="shouldDouble &gt; leaves a small one alone" time="0.000817627">
        </testcase>
        <testcase classname="tests/rig/redundancy.test.ts" name="shouldDouble &gt; takes another bore threshold" time="0.000606417">
        </testcase>
        <testcase classname="tests/rig/redundancy.test.ts" name="shouldDouble &gt; doubles an effect named outright" time="0.000467024">
        </testcase>
        <testcase classname="tests/rig/redundancy.test.ts" name="shouldDouble &gt; doubles a cue by its label" time="0.000650922">
        </testcase>
        <testcase classname="tests/rig/redundancy.test.ts" name="shouldDouble &gt; lets never win over the other rules" time="0.000612149">
        </testcase>
        <testcase classname="tests/rig/redundancy.test.ts" name="planRedundancy &gt; gives a large shell a second pin" time="0.000932995">
        </testcase>
        <testcase classname="tests/rig/redundancy.test.ts" name="planRedundancy &gt; leaves a small shell with one" time="0.000697761">
        </testcase>
        <testcase classname="tests/rig/redundancy.test.ts" name="planRedundancy &gt; prefers a different module for the backup" time="0.001752557">
        </testcase>
        <testcase classname="tests/rig/redundancy.test.ts" name="planRedundancy &gt; falls back to the same module when there is only one" time="0.001844461">
        </testcase>
        <testcase classname="tests/rig/redundancy.test.ts" name="planRedundancy &gt; never gives two cues the same backup pin" time="0.001069925">
        </testcase>
        <testcase classname="tests/rig/redundancy.test.ts" name="planRedundancy &gt; says when there is nowhere left to put a backup" time="0.001362158">
        </testcase>
        <testcase classname="tests/rig/redundancy.test.ts" name="planRedundancy &gt; plans nothing for a show with no cues" time="0.000284869">
        </testcase>
        <testcase classname="tests/rig/redundancy.test.ts" name="checkRedundancy &gt; says nothing about a fully protected show" time="0.00068723">
        </testcase>
        <testcase classname="tests/rig/redundancy.test.ts" name="checkRedundancy &gt; warns about a cue it could not protect" time="0.001384461">
        </testcase>
        <testcase classname="tests/rig/redundancy.test.ts" name="checkRedundancy &gt; notes a backup sharing a module with its primary" time="0.000466132">
        </testcase>
        <testcase classname="tests/rig/redundancy.test.ts" name="cost &gt; counts the extra pins and where they go" time="0.000620705">
        </testcase>
        <testcase classname="tests/rig/redundancy.test.ts" name="cost &gt; costs nothing when nothing is doubled" time="0.000363929">
        </testcase>
        <testcase classname="tests/rig/redundancy.test.ts" name="reports &gt; lists the doubled cues" time="0.001280503">
        </testcase>
        <testcase classname="tests/rig/redundancy.test.ts" name="reports &gt; marks a backup on the same module" time="0.000376143">
        </testcase>
        <testcase classname="tests/rig/redundancy.test.ts" name="reports &gt; says so when nothing is doubled" time="0.000483164">
        </testcase>
        <testcase classname="tests/rig/redundancy.test.ts" name="reports &gt; names the effects the default rule would double" time="0.000585368">
        </testcase>
        <testcase classname="tests/rig/redundancy.test.ts" name="reports &gt; agrees with carriesWeight on a shell" time="0.000563316">
        </testcase>
        <testcase classname="tests/rig/redundancy.test.ts" name="the double command &gt; plans a backup for the large shell only" time="0.008211812">
        </testcase>
        <testcase classname="tests/rig/redundancy.test.ts" name="the double command &gt; takes another bore threshold" time="0.001580732">
        </testcase>
        <testcase classname="tests/rig/redundancy.test.ts" name="the double command &gt; doubles by label" time="0.00124201">
        </testcase>
        <testcase classname="tests/rig/redundancy.test.ts" name="the double command &gt; leaves an effect alone when told to" time="0.001050317">
        </testcase>
        <testcase classname="tests/rig/redundancy.test.ts" name="the double command &gt; lists the candidates and stops" time="0.001709156">
        </testcase>
        <testcase classname="tests/rig/redundancy.test.ts" name="the double command &gt; says so when the rule would catch nothing" time="0.001311692">
        </testcase>
        <testcase classname="tests/rig/redundancy.test.ts" name="the double command &gt; refuses a show that does not compile" time="0.001135179">
        </testcase>
        <testcase classname="tests/rig/redundancy.test.ts" name="the double command &gt; refuses a nonsense bore" time="0.000936542">
        </testcase>
        <testcase classname="tests/rig/redundancy.test.ts" name="the double command &gt; appears in the pack" time="0.012162608">
        </testcase>
    </testsuite>
    <testsuite name="tests/rig/rig.test.ts" timestamp="2026-09-04T04:07:18.716Z" hostname="bdc3c806c0c7" tests="27" failures="0" errors="0" skipped="0" time="0.023894923">
        <testcase classname="tests/rig/rig.test.ts" name="firingPosition &gt; holds coordinates and an optional note" time="0.00127893">
        </testcase>
        <testcase classname="tests/rig/rig.test.ts" name="firingPosition &gt; refuses a coordinate that is not finite" time="0.000926433">
        </testcase>
        <testcase classname="tests/rig/rig.test.ts" name="firingPosition &gt; measures the distance between two positions" time="0.000460632">
        </testcase>
        <testcase classname="tests/rig/rig.test.ts" name="shape &gt; counts modules, positions and pins" time="0.000291743">
        </testcase>
        <testcase classname="tests/rig/rig.test.ts" name="shape &gt; lists modules by case number" time="0.000586931">
        </testcase>
        <testcase classname="tests/rig/rig.test.ts" name="shape &gt; lists positions in reading order" time="0.000261324">
        </testcase>
        <testcase classname="tests/rig/rig.test.ts" name="shape &gt; replaces a module with the same case number" time="0.000309827">
        </testcase>
        <testcase classname="tests/rig/rig.test.ts" name="shape &gt; lists the models actually in use" time="0.007204946">
        </testcase>
        <testcase classname="tests/rig/rig.test.ts" name="lookup &gt; finds a module and a position by name" time="0.000193165">
        </testcase>
        <testcase classname="tests/rig/rig.test.ts" name="lookup &gt; gives nothing for what it does not hold" time="0.000922355">
        </testcase>
        <testcase classname="tests/rig/rig.test.ts" name="lookup &gt; groups modules by position" time="0.000434141">
        </testcase>
        <testcase classname="tests/rig/rig.test.ts" name="pins &gt; owns an address that lands on a real module" time="0.000425225">
        </testcase>
        <testcase classname="tests/rig/rig.test.ts" name="pins &gt; disowns an address past the end of a module" time="0.000256464">
        </testcase>
        <testcase classname="tests/rig/rig.test.ts" name="pins &gt; says which position a pin is at" time="0.000228742">
        </testcase>
        <testcase classname="tests/rig/rig.test.ts" name="pins &gt; lists every pin in the rig in order" time="0.001437941">
        </testcase>
        <testcase classname="tests/rig/rig.test.ts" name="pins &gt; lists the pins at one position" time="0.000451946">
        </testcase>
        <testcase classname="tests/rig/rig.test.ts" name="wiring problems &gt; names a position a module claims that does not exist" time="0.000435453">
        </testcase>
        <testcase classname="tests/rig/rig.test.ts" name="wiring problems &gt; names a position with nothing standing at it" time="0.000249823">
        </testcase>
        <testcase classname="tests/rig/rig.test.ts" name="wiring problems &gt; finds no problems in a clean rig" time="0.000180753">
        </testcase>
        <testcase classname="tests/rig/rig.test.ts" name="free pins &gt; starts at the lowest module and pin" time="0.000324925">
        </testcase>
        <testcase classname="tests/rig/rig.test.ts" name="free pins &gt; moves on to the next module when one fills" time="0.000448949">
        </testcase>
        <testcase classname="tests/rig/rig.test.ts" name="free pins &gt; gives nothing when the whole rig is full" time="0.000294427">
        </testcase>
        <testcase classname="tests/rig/rig.test.ts" name="free pins &gt; can be held to one position" time="0.000499596">
        </testcase>
        <testcase classname="tests/rig/rig.test.ts" name="free pins &gt; counts what is left" time="0.000332789">
        </testcase>
        <testcase classname="tests/rig/rig.test.ts" name="free pins &gt; does not count an address the rig does not own" time="0.000182275">
        </testcase>
        <testcase classname="tests/rig/rig.test.ts" name="reports &gt; describes the rig by position" time="0.000312381">
        </testcase>
        <testcase classname="tests/rig/rig.test.ts" name="reports &gt; summarises usage per module" time="0.000298715">
        </testcase>
    </testsuite>
    <testsuite name="tests/rig/wiring.test.ts" timestamp="2026-09-04T04:07:18.718Z" hostname="bdc3c806c0c7" tests="24" failures="0" errors="0" skipped="0" time="0.025895589">
        <testcase classname="tests/rig/wiring.test.ts" name="runLength &gt; adds slack for the route and for both ends" time="0.001298548">
        </testcase>
        <testcase classname="tests/rig/wiring.test.ts" name="runLength &gt; walks along the rack for a mortar further down it" time="0.000390098">
        </testcase>
        <testcase classname="tests/rig/wiring.test.ts" name="runLength &gt; treats a negative index as the first tube" time="0.000184589">
        </testcase>
        <testcase classname="tests/rig/wiring.test.ts" name="runLength &gt; never gives a run of nothing" time="0.000127672">
        </testcase>
        <testcase classname="tests/rig/wiring.test.ts" name="runsFor &gt; gives a run per cue" time="0.003753855">
        </testcase>
        <testcase classname="tests/rig/wiring.test.ts" name="runsFor &gt; gives a short run when the module is at the position" time="0.000329412">
        </testcase>
        <testcase classname="tests/rig/wiring.test.ts" name="runsFor &gt; gives a longer run to each tube further down the rack" time="0.000858154">
        </testcase>
        <testcase classname="tests/rig/wiring.test.ts" name="runsFor &gt; counts the rack position separately at each position" time="0.000372544">
        </testcase>
        <testcase classname="tests/rig/wiring.test.ts" name="runsFor &gt; computes the resistance of both legs" time="0.000838898">
        </testcase>
        <testcase classname="tests/rig/wiring.test.ts" name="runsFor &gt; takes another wire gauge" time="0.000519764">
        </testcase>
        <testcase classname="tests/rig/wiring.test.ts" name="wiringReport &gt; counts both legs in the total" time="0.000728509">
        </testcase>
        <testcase classname="tests/rig/wiring.test.ts" name="wiringReport &gt; finds the longest run" time="0.001542419">
        </testcase>
        <testcase classname="tests/rig/wiring.test.ts" name="wiringReport &gt; reports nothing for a show with no cues" time="0.000788533">
        </testcase>
        <testcase classname="tests/rig/wiring.test.ts" name="checkWiring &gt; passes a short run" time="0.000403423">
        </testcase>
        <testcase classname="tests/rig/wiring.test.ts" name="checkWiring &gt; fails a run too long for the match to fire over" time="0.000939418">
        </testcase>
        <testcase classname="tests/rig/wiring.test.ts" name="checkWiring &gt; names the pin so a crew knows which lead to shorten" time="0.00046467">
        </testcase>
        <testcase classname="tests/rig/wiring.test.ts" name="checkWiring &gt; warns about a run that sits between no fire and all fire" time="0.000405487">
        </testcase>
        <testcase classname="tests/rig/wiring.test.ts" name="checkWiring &gt; passes the same run at a higher voltage" time="0.000572864">
        </testcase>
        <testcase classname="tests/rig/wiring.test.ts" name="checkWiring &gt; fails sooner with several matches in series" time="0.000241127">
        </testcase>
        <testcase classname="tests/rig/wiring.test.ts" name="maxRunMetres &gt; says how far a match will fire" time="0.000170953">
        </testcase>
        <testcase classname="tests/rig/wiring.test.ts" name="maxRunMetres &gt; goes further at a higher voltage and shorter with more matches" time="0.000981588">
        </testcase>
        <testcase classname="tests/rig/wiring.test.ts" name="maxRunMetres &gt; gives nothing when the matches alone use the whole budget" time="0.000250774">
        </testcase>
        <testcase classname="tests/rig/wiring.test.ts" name="reports &gt; describes the wiring in one line" time="0.000435184">
        </testcase>
        <testcase classname="tests/rig/wiring.test.ts" name="reports &gt; totals cable by position" time="0.007288393">
        </testcase>
    </testsuite>
    <testsuite name="tests/safety/crowd.test.ts" timestamp="2026-09-04T04:07:18.720Z" hostname="bdc3c806c0c7" tests="32" failures="0" errors="0" skipped="0" time="0.019461883">
        <testcase classname="tests/safety/crowd.test.ts" name="areaOf and capacityFor &gt; multiplies frontage by depth" time="0.00142676">
        </testcase>
        <testcase classname="tests/safety/crowd.test.ts" name="areaOf and capacityFor &gt; holds more people at a higher density" time="0.000419544">
        </testcase>
        <testcase classname="tests/safety/crowd.test.ts" name="areaOf and capacityFor &gt; rounds down rather than up" time="0.000262697">
        </testcase>
        <testcase classname="tests/safety/crowd.test.ts" name="areaOf and capacityFor &gt; holds nobody in no space" time="0.000220036">
        </testcase>
        <testcase classname="tests/safety/crowd.test.ts" name="areaOf and capacityFor &gt; orders the densities sensibly" time="0.000491481">
        </testcase>
        <testcase classname="tests/safety/crowd.test.ts" name="frontageOf &gt; measures a straight line" time="0.000287264">
        </testcase>
        <testcase classname="tests/safety/crowd.test.ts" name="frontageOf &gt; adds the segments of a polyline" time="0.000922926">
        </testcase>
        <testcase classname="tests/safety/crowd.test.ts" name="crowdVerdict &gt; reports capacity, headroom and density" time="0.000526005">
        </testcase>
        <testcase classname="tests/safety/crowd.test.ts" name="crowdVerdict &gt; goes negative on headroom when the field is too small" time="0.000488524">
        </testcase>
        <testcase classname="tests/safety/crowd.test.ts" name="crowdVerdict &gt; reports a clearance time when it knows the exits" time="0.000232541">
        </testcase>
        <testcase classname="tests/safety/crowd.test.ts" name="crowdVerdict &gt; leaves the clearance off without exits" time="0.000718911">
        </testcase>
        <testcase classname="tests/safety/crowd.test.ts" name="crowdVerdict &gt; takes another exit rate" time="0.000177906">
        </testcase>
        <testcase classname="tests/safety/crowd.test.ts" name="checkCrowd &gt; passes a comfortable plan" time="0.000804002">
        </testcase>
        <testcase classname="tests/safety/crowd.test.ts" name="checkCrowd &gt; fails a field that cannot hold the crowd" time="0.000488314">
        </testcase>
        <testcase classname="tests/safety/crowd.test.ts" name="checkCrowd &gt; warns when the field is nearly full" time="0.001512001">
        </testcase>
        <testcase classname="tests/safety/crowd.test.ts" name="checkCrowd &gt; fails a density past what is a viewing area" time="0.000223503">
        </testcase>
        <testcase classname="tests/safety/crowd.test.ts" name="checkCrowd &gt; warns when no exits are given" time="0.000285691">
        </testcase>
        <testcase classname="tests/safety/crowd.test.ts" name="checkCrowd &gt; warns about a clearance that takes too long" time="0.000338721">
        </testcase>
        <testcase classname="tests/safety/crowd.test.ts" name="depthNeeded &gt; says how far back the area has to run" time="0.000245485">
        </testcase>
        <testcase classname="tests/safety/crowd.test.ts" name="depthNeeded &gt; needs less depth at a higher density" time="0.000196372">
        </testcase>
        <testcase classname="tests/safety/crowd.test.ts" name="depthNeeded &gt; cannot fit anybody behind no frontage" time="0.000299888">
        </testcase>
        <testcase classname="tests/safety/crowd.test.ts" name="insideViewingArea &gt; puts a point close to the line inside" time="0.000259852">
        </testcase>
        <testcase classname="tests/safety/crowd.test.ts" name="insideViewingArea &gt; puts a point beyond the depth outside" time="0.000301811">
        </testcase>
        <testcase classname="tests/safety/crowd.test.ts" name="insideViewingArea &gt; measures to the nearest segment of a polyline" time="0.000192515">
        </testcase>
        <testcase classname="tests/safety/crowd.test.ts" name="describeCrowd &gt; reads as a table with the density spelled out" time="0.000653607">
        </testcase>
        <testcase classname="tests/safety/crowd.test.ts" name="describeCrowd &gt; leaves the clearance row out without exits" time="0.000346946">
        </testcase>
        <testcase classname="tests/safety/crowd.test.ts" name="the crowd command &gt; reports capacity for a field" time="0.001544163">
        </testcase>
        <testcase classname="tests/safety/crowd.test.ts" name="the crowd command &gt; fails a field that cannot hold the crowd" time="0.001485882">
        </testcase>
        <testcase classname="tests/safety/crowd.test.ts" name="the crowd command &gt; says how deep the area needs to be" time="0.000363628">
        </testcase>
        <testcase classname="tests/safety/crowd.test.ts" name="the crowd command &gt; needs a frontage and a headcount" time="0.000286042">
        </testcase>
        <testcase classname="tests/safety/crowd.test.ts" name="the crowd command &gt; needs a depth unless it is being asked for one" time="0.000289227">
        </testcase>
        <testcase classname="tests/safety/crowd.test.ts" name="the crowd command &gt; refuses a density it does not know" time="0.000436817">
        </testcase>
    </testsuite>
    <testsuite name="tests/safety/distance.test.ts" timestamp="2026-09-04T04:07:18.721Z" hostname="bdc3c806c0c7" tests="20" failures="0" errors="0" skipped="0" time="0.010598618">
        <testcase classname="tests/safety/distance.test.ts" name="nfpa 1123 &gt; gives seventy feet per inch of bore" time="0.001485672">
        </testcase>
        <testcase classname="tests/safety/distance.test.ts" name="nfpa 1123 &gt; rounds a metric bore up to the next half inch" time="0.000389297">
        </testcase>
        <testcase classname="tests/safety/distance.test.ts" name="nfpa 1123 &gt; puts a six inch shell further out than most people guess" time="0.000273989">
        </testcase>
        <testcase classname="tests/safety/distance.test.ts" name="nfpa 1123 &gt; rises with bore" time="0.00033245">
        </testcase>
        <testcase classname="tests/safety/distance.test.ts" name="the other rules &gt; halves the distance under the reduced rule" time="0.000171775">
        </testcase>
        <testcase classname="tests/safety/distance.test.ts" name="the other rules &gt; uses a banded table for the european rule" time="0.000408933">
        </testcase>
        <testcase classname="tests/safety/distance.test.ts" name="the other rules &gt; does not give the same answer as the american rule" time="0.00021732">
        </testcase>
        <testcase classname="tests/safety/distance.test.ts" name="the other rules &gt; holds the top band for anything past the table" time="0.000138301">
        </testcase>
        <testcase classname="tests/safety/distance.test.ts" name="per effect &gt; uses the bore for a shell" time="0.000285931">
        </testcase>
        <testcase classname="tests/safety/distance.test.ts" name="per effect &gt; gives a mine less than its bore would ask for" time="0.000220027">
        </testcase>
        <testcase classname="tests/safety/distance.test.ts" name="per effect &gt; never puts anything closer than twenty five metres" time="0.00021628">
        </testcase>
        <testcase classname="tests/safety/distance.test.ts" name="per effect &gt; lets a wide mine ask for more than a narrow one" time="0.000169661">
        </testcase>
        <testcase classname="tests/safety/distance.test.ts" name="per effect &gt; takes the worst effect in a show" time="0.000262908">
        </testcase>
        <testcase classname="tests/safety/distance.test.ts" name="per effect &gt; asks for nothing when there is nothing to fire" time="0.000176975">
        </testcase>
        <testcase classname="tests/safety/distance.test.ts" name="largestCalibreFor &gt; finds the biggest bore a field can take" time="0.00126306">
        </testcase>
        <testcase classname="tests/safety/distance.test.ts" name="largestCalibreFor &gt; is one millimetre short of allowing a bore it cannot fit" time="0.00082932">
        </testcase>
        <testcase classname="tests/safety/distance.test.ts" name="largestCalibreFor &gt; allows a bigger bore under the reduced rule" time="0.000905023">
        </testcase>
        <testcase classname="tests/safety/distance.test.ts" name="largestCalibreFor &gt; allows nothing on a field with no room" time="0.000603182">
        </testcase>
        <testcase classname="tests/safety/distance.test.ts" name="reporting &gt; quotes both metres and feet and the rule" time="0.000296982">
        </testcase>
        <testcase classname="tests/safety/distance.test.ts" name="reporting &gt; flags the bores that need a written justification" time="0.000389958">
        </testcase>
    </testsuite>
    <testsuite name="tests/safety/noise.test.ts" timestamp="2026-09-04T04:07:18.723Z" hostname="bdc3c806c0c7" tests="28" failures="0" errors="0" skipped="0" time="0.017260678">
        <testcase classname="tests/safety/noise.test.ts" name="levelAtTenFor &gt; gets louder with the bore" time="0.001149316">
        </testcase>
        <testcase classname="tests/safety/noise.test.ts" name="levelAtTenFor &gt; makes a salute the loudest thing on the field" time="0.000291271">
        </testcase>
        <testcase classname="tests/safety/noise.test.ts" name="levelAtTenFor &gt; keeps a ground piece well below a shell" time="0.000422018">
        </testcase>
        <testcase classname="tests/safety/noise.test.ts" name="levelAt &gt; is the reference level at ten metres" time="0.000271233">
        </testcase>
        <testcase classname="tests/safety/noise.test.ts" name="levelAt &gt; drops six decibels for every doubling" time="0.000207632">
        </testcase>
        <testcase classname="tests/safety/noise.test.ts" name="levelAt &gt; does not divide by zero at the source" time="0.000256095">
        </testcase>
        <testcase classname="tests/safety/noise.test.ts" name="combineLevels &gt; adds three decibels for two equal sources" time="0.000235445">
        </testcase>
        <testcase classname="tests/safety/noise.test.ts" name="combineLevels &gt; barely moves for one much quieter source" time="0.000141257">
        </testcase>
        <testcase classname="tests/safety/noise.test.ts" name="combineLevels &gt; is nothing for no sources" time="0.000136157">
        </testcase>
        <testcase classname="tests/safety/noise.test.ts" name="noiseFindings &gt; measures each effect from its own position" time="0.002361048">
        </testcase>
        <testcase classname="tests/safety/noise.test.ts" name="noiseFindings &gt; orders findings loudest first" time="0.000629892">
        </testcase>
        <testcase classname="tests/safety/noise.test.ts" name="noiseFindings &gt; reports one finding per effect and position" time="0.001293328">
        </testcase>
        <testcase classname="tests/safety/noise.test.ts" name="noiseFindings &gt; finds nothing in an empty show" time="0.000832646">
        </testcase>
        <testcase classname="tests/safety/noise.test.ts" name="peakLevel &gt; is louder for several shells at once than for one" time="0.001052312">
        </testcase>
        <testcase classname="tests/safety/noise.test.ts" name="peakLevel &gt; does not add shells that are seconds apart" time="0.000652084">
        </testcase>
        <testcase classname="tests/safety/noise.test.ts" name="peakLevel &gt; is zero for an empty show" time="0.000306721">
        </testcase>
        <testcase classname="tests/safety/noise.test.ts" name="checkNoise &gt; says nothing when no limit is set" time="0.000196331">
        </testcase>
        <testcase classname="tests/safety/noise.test.ts" name="checkNoise &gt; fails a show over the limit" time="0.000525885">
        </testcase>
        <testcase classname="tests/safety/noise.test.ts" name="checkNoise &gt; warns when a show is close to the limit" time="0.000434212">
        </testcase>
        <testcase classname="tests/safety/noise.test.ts" name="checkNoise &gt; passes a show well inside the limit" time="0.000145995">
        </testcase>
        <testcase classname="tests/safety/noise.test.ts" name="checkNoise &gt; names the individual effects that break the limit" time="0.000213624">
        </testcase>
        <testcase classname="tests/safety/noise.test.ts" name="planning helpers &gt; finds the largest bore that stays quiet enough" time="0.000576721">
        </testcase>
        <testcase classname="tests/safety/noise.test.ts" name="planning helpers &gt; finds nothing when even the smallest is too loud" time="0.000373727">
        </testcase>
        <testcase classname="tests/safety/noise.test.ts" name="planning helpers &gt; says whether a show fits before a curfew" time="0.000394136">
        </testcase>
        <testcase classname="tests/safety/noise.test.ts" name="planning helpers &gt; clamps a licence figure into something a meter reads" time="0.000405547">
        </testcase>
        <testcase classname="tests/safety/noise.test.ts" name="reports &gt; describes the noise in one line" time="0.000391912">
        </testcase>
        <testcase classname="tests/safety/noise.test.ts" name="reports &gt; says so for an empty show" time="0.000351976">
        </testcase>
        <testcase classname="tests/safety/noise.test.ts" name="reports &gt; names the moment of the loudest effect" time="0.000915534">
        </testcase>
    </testsuite>
    <testsuite name="tests/safety/rules.test.ts" timestamp="2026-09-04T04:07:18.724Z" hostname="bdc3c806c0c7" tests="22" failures="0" errors="0" skipped="0" time="0.018611795">
        <testcase classname="tests/safety/rules.test.ts" name="separation &gt; passes a three inch anywhere on this field" time="0.004251968">
        </testcase>
        <testcase classname="tests/safety/rules.test.ts" name="separation &gt; fails a six inch from a position that is too close" time="0.001398777">
        </testcase>
        <testcase classname="tests/safety/rules.test.ts" name="separation &gt; quotes what it wanted and what it had" time="0.000357105">
        </testcase>
        <testcase classname="tests/safety/rules.test.ts" name="separation &gt; reports one finding per position and effect, not per shot" time="0.000790826">
        </testcase>
        <testcase classname="tests/safety/rules.test.ts" name="separation &gt; passes the same shell from a position with room" time="0.000335815">
        </testcase>
        <testcase classname="tests/safety/rules.test.ts" name="separation &gt; passes everything under the reduced rule" time="0.000355432">
        </testcase>
        <testcase classname="tests/safety/rules.test.ts" name="separation &gt; orders findings worst first" time="0.000993892">
        </testcase>
        <testcase classname="tests/safety/rules.test.ts" name="airspace &gt; says nothing when no ceiling is set" time="0.00046508">
        </testcase>
        <testcase classname="tests/safety/rules.test.ts" name="airspace &gt; fails a shell that reaches through the ceiling" time="0.00178008">
        </testcase>
        <testcase classname="tests/safety/rules.test.ts" name="airspace &gt; passes a shell that stays under it" time="0.000561242">
        </testcase>
        <testcase classname="tests/safety/rules.test.ts" name="airspace &gt; reports each effect once however often it fires" time="0.000441535">
        </testcase>
        <testcase classname="tests/safety/rules.test.ts" name="fallout &gt; fails when the disc crosses a hard boundary" time="0.00049183">
        </testcase>
        <testcase classname="tests/safety/rules.test.ts" name="fallout &gt; passes a small effect that stays inside" time="0.000238892">
        </testcase>
        <testcase classname="tests/safety/rules.test.ts" name="fallout &gt; pushes the disc further with wind behind it" time="0.000410106">
        </testcase>
        <testcase classname="tests/safety/rules.test.ts" name="checkSafety &gt; passes a clean show" time="0.000593163">
        </testcase>
        <testcase classname="tests/safety/rules.test.ts" name="checkSafety &gt; collects every kind of failure at once" time="0.000593593">
        </testcase>
        <testcase classname="tests/safety/rules.test.ts" name="checkSafety &gt; stops everything at the wind hold" time="0.0004865">
        </testcase>
        <testcase classname="tests/safety/rules.test.ts" name="checkSafety &gt; reports no wind verdict when no wind was given" time="0.000320537">
        </testcase>
        <testcase classname="tests/safety/rules.test.ts" name="tightestMargin &gt; is positive on a comfortable show" time="0.00030172">
        </testcase>
        <testcase classname="tests/safety/rules.test.ts" name="tightestMargin &gt; goes negative when a position is too close" time="0.000679947">
        </testcase>
        <testcase classname="tests/safety/rules.test.ts" name="tightestMargin &gt; is zero for an empty show" time="0.000188758">
        </testcase>
        <testcase classname="tests/safety/rules.test.ts" name="siteSummary &gt; names the nearest boundary to each position" time="0.000535162">
        </testcase>
    </testsuite>
    <testsuite name="tests/safety/site.test.ts" timestamp="2026-09-04T04:07:18.726Z" hostname="bdc3c806c0c7" tests="19" failures="0" errors="0" skipped="0" time="0.009084092">
        <testcase classname="tests/safety/site.test.ts" name="point and boundary &gt; refuses a coordinate that is not finite" time="0.001870851">
        </testcase>
        <testcase classname="tests/safety/site.test.ts" name="point and boundary &gt; refuses a boundary with one point" time="0.00039603">
        </testcase>
        <testcase classname="tests/safety/site.test.ts" name="point and boundary &gt; marks a hard boundary" time="0.000270661">
        </testcase>
        <testcase classname="tests/safety/site.test.ts" name="distanceToSegment &gt; measures the perpendicular where it lands on the segment" time="0.000257748">
        </testcase>
        <testcase classname="tests/safety/site.test.ts" name="distanceToSegment &gt; measures to an endpoint where the perpendicular misses" time="0.000146667">
        </testcase>
        <testcase classname="tests/safety/site.test.ts" name="distanceToSegment &gt; handles a segment of no length" time="0.000204757">
        </testcase>
        <testcase classname="tests/safety/site.test.ts" name="distanceToSegment &gt; is zero on the segment itself" time="0.000144052">
        </testcase>
        <testcase classname="tests/safety/site.test.ts" name="distanceToBoundary &gt; measures square onto a slanted segment, not to its nearest corner" time="0.000312541">
        </testcase>
        <testcase classname="tests/safety/site.test.ts" name="distanceToBoundary &gt; measures a straight line" time="0.000158529">
        </testcase>
        <testcase classname="tests/safety/site.test.ts" name="distanceToBoundary &gt; measures from a point past the end of the line" time="0.000157258">
        </testcase>
        <testcase classname="tests/safety/site.test.ts" name="positions &gt; reads a position as a point" time="0.00062887">
        </testcase>
        <testcase classname="tests/safety/site.test.ts" name="positions &gt; measures a position to the audience" time="0.000207342">
        </testcase>
        <testcase classname="tests/safety/site.test.ts" name="clearances &gt; lists every boundary closest first" time="0.00100388">
        </testcase>
        <testcase classname="tests/safety/site.test.ts" name="clearances &gt; marks which are hard" time="0.000391471">
        </testcase>
        <testcase classname="tests/safety/site.test.ts" name="clearances &gt; finds the tightest clearance on the whole site" time="0.000449469">
        </testcase>
        <testcase classname="tests/safety/site.test.ts" name="clearances &gt; finds nothing when there are no positions" time="0.000174791">
        </testcase>
        <testcase classname="tests/safety/site.test.ts" name="falloutClears &gt; names a hard boundary the fallout would cross" time="0.000240715">
        </testcase>
        <testcase classname="tests/safety/site.test.ts" name="falloutClears &gt; names nothing when the disc stays inside" time="0.000177285">
        </testcase>
        <testcase classname="tests/safety/site.test.ts" name="falloutClears &gt; ignores the spectator line, which the separation rule covers" time="0.000287965">
        </testcase>
    </testsuite>
    <testsuite name="tests/safety/wind.test.ts" timestamp="2026-09-04T04:07:18.727Z" hostname="bdc3c806c0c7" tests="26" failures="0" errors="0" skipped="0" time="0.012725043">
        <testcase classname="tests/safety/wind.test.ts" name="wind &gt; normalises the direction into a compass bearing" time="0.0012523">
        </testcase>
        <testcase classname="tests/safety/wind.test.ts" name="wind &gt; refuses a direction that is not a number" time="0.001405691">
        </testcase>
        <testcase classname="tests/safety/wind.test.ts" name="descent &gt; takes eighteen seconds to come down from a six inch break" time="0.000227721">
        </testcase>
        <testcase classname="tests/safety/wind.test.ts" name="descent &gt; brings a dud down much faster" time="0.000276233">
        </testcase>
        <testcase classname="tests/safety/wind.test.ts" name="descent &gt; refuses a descent rate of zero" time="0.000337288">
        </testcase>
        <testcase classname="tests/safety/wind.test.ts" name="drift &gt; moves debris further than most people expect" time="0.000263538">
        </testcase>
        <testcase classname="tests/safety/wind.test.ts" name="drift &gt; scales with wind speed and with height" time="0.000250775">
        </testcase>
        <testcase classname="tests/safety/wind.test.ts" name="drift &gt; moves nothing in still air" time="0.000187846">
        </testcase>
        <testcase classname="tests/safety/wind.test.ts" name="drift &gt; moves a dud less, because it is down sooner" time="0.000387173">
        </testcase>
        <testcase classname="tests/safety/wind.test.ts" name="driftedCentre &gt; moves east when the wind blows east" time="0.00046535">
        </testcase>
        <testcase classname="tests/safety/wind.test.ts" name="driftedCentre &gt; moves north when the wind blows north" time="0.000181193">
        </testcase>
        <testcase classname="tests/safety/wind.test.ts" name="driftedCentre &gt; leaves the centre alone in still air" time="0.000800995">
        </testcase>
        <testcase classname="tests/safety/wind.test.ts" name="inflatedRadius &gt; grows the disc by the drift" time="0.00019523">
        </testcase>
        <testcase classname="tests/safety/wind.test.ts" name="verdicts &gt; is clear in a light breeze" time="0.000479196">
        </testcase>
        <testcase classname="tests/safety/wind.test.ts" name="verdicts &gt; is caution in the band" time="0.000251586">
        </testcase>
        <testcase classname="tests/safety/wind.test.ts" name="verdicts &gt; holds at the hold speed" time="0.000658226">
        </testcase>
        <testcase classname="tests/safety/wind.test.ts" name="maxHeightFor &gt; says how high the crew can still break" time="0.000429493">
        </testcase>
        <testcase classname="tests/safety/wind.test.ts" name="maxHeightFor &gt; allows anything in still air" time="0.000183217">
        </testcase>
        <testcase classname="tests/safety/wind.test.ts" name="checkWind &gt; stops the show over the hold speed" time="0.001080495">
        </testcase>
        <testcase classname="tests/safety/wind.test.ts" name="checkWind &gt; warns inside the caution band" time="0.000228653">
        </testcase>
        <testcase classname="tests/safety/wind.test.ts" name="checkWind &gt; errors when the drift is past the room available" time="0.00020579">
        </testcase>
        <testcase classname="tests/safety/wind.test.ts" name="checkWind &gt; warns when the drift is close to the room available" time="0.00019025">
        </testcase>
        <testcase classname="tests/safety/wind.test.ts" name="checkWind &gt; says nothing on a still evening with room to spare" time="0.000134264">
        </testcase>
        <testcase classname="tests/safety/wind.test.ts" name="reporting &gt; names the compass point" time="0.000166936">
        </testcase>
        <testcase classname="tests/safety/wind.test.ts" name="reporting &gt; reads as one line" time="0.000134235">
        </testcase>
        <testcase classname="tests/safety/wind.test.ts" name="reporting &gt; clamps a nonsense gust reading" time="0.000143611">
        </testcase>
    </testsuite>
    <testsuite name="tests/script/annotate.test.ts" timestamp="2026-09-04T04:07:18.728Z" hostname="bdc3c806c0c7" tests="15" failures="0" errors="0" skipped="0" time="0.016533851">
        <testcase classname="tests/script/annotate.test.ts" name="annotateScript &gt; puts the firing time on each cue line" time="0.005544924">
        </testcase>
        <testcase classname="tests/script/annotate.test.ts" name="annotateScript &gt; puts the pins on the line too" time="0.000516859">
        </testcase>
        <testcase classname="tests/script/annotate.test.ts" name="annotateScript &gt; leaves blank lines and headers alone" time="0.0005863">
        </testcase>
        <testcase classname="tests/script/annotate.test.ts" name="annotateScript &gt; summarises a long run rather than listing every pin" time="0.001391203">
        </testcase>
        <testcase classname="tests/script/annotate.test.ts" name="annotateScript &gt; takes its own run length before summarising" time="0.000558617">
        </testcase>
        <testcase classname="tests/script/annotate.test.ts" name="annotateScript &gt; can leave the pins out" time="0.000618731">
        </testcase>
        <testcase classname="tests/script/annotate.test.ts" name="annotateScript &gt; is stable, so annotating twice gives the same text" time="0.001048796">
        </testcase>
        <testcase classname="tests/script/annotate.test.ts" name="annotateScript &gt; annotates a group body where it is written" time="0.000611417">
        </testcase>
        <testcase classname="tests/script/annotate.test.ts" name="annotateScript &gt; leaves a script with no cues untouched" time="0.000297835">
        </testcase>
        <testcase classname="tests/script/annotate.test.ts" name="stripAnnotations &gt; takes the comments back off" time="0.000388485">
        </testcase>
        <testcase classname="tests/script/annotate.test.ts" name="stripAnnotations &gt; leaves an ordinary comment alone" time="0.00015347">
        </testcase>
        <testcase classname="tests/script/annotate.test.ts" name="stripAnnotations &gt; does nothing to a source with no annotations" time="0.00012616">
        </testcase>
        <testcase classname="tests/script/annotate.test.ts" name="isAnnotated &gt; recognises an annotated script" time="0.000376964">
        </testcase>
        <testcase classname="tests/script/annotate.test.ts" name="counting &gt; says how many lines carry an answer" time="0.00043355">
        </testcase>
        <testcase classname="tests/script/annotate.test.ts" name="counting &gt; lists the statements that could carry one" time="0.002392959">
        </testcase>
    </testsuite>
    <testsuite name="tests/script/ast.test.ts" timestamp="2026-09-04T04:07:18.729Z" hostname="bdc3c806c0c7" tests="19" failures="0" errors="0" skipped="0" time="0.008420427">
        <testcase classname="tests/script/ast.test.ts" name="classification &gt; recognises every cue statement" time="0.00152707">
        </testcase>
        <testcase classname="tests/script/ast.test.ts" name="classification &gt; does not treat a header or a group as a cue" time="0.000272405">
        </testcase>
        <testcase classname="tests/script/ast.test.ts" name="classification &gt; separates statements that put shots up from play" time="0.000241286">
        </testcase>
        <testcase classname="tests/script/ast.test.ts" name="shotsIn &gt; counts one for a fire" time="0.00021139">
        </testcase>
        <testcase classname="tests/script/ast.test.ts" name="shotsIn &gt; counts the run of a ripple and a fan" time="0.000227912">
        </testcase>
        <testcase classname="tests/script/ast.test.ts" name="shotsIn &gt; counts a chase over its positions and passes" time="0.000180122">
        </testcase>
        <testcase classname="tests/script/ast.test.ts" name="shotsIn &gt; counts nothing for a play or a group header" time="0.000173969">
        </testcase>
        <testcase classname="tests/script/ast.test.ts" name="names &gt; reads the effect a statement fires" time="0.000641926">
        </testcase>
        <testcase classname="tests/script/ast.test.ts" name="names &gt; reads the positions a statement uses" time="0.000406419">
        </testcase>
        <testcase classname="tests/script/ast.test.ts" name="names &gt; copies a chase&apos;s positions rather than aliasing them" time="0.000888241">
        </testcase>
        <testcase classname="tests/script/ast.test.ts" name="walk &gt; visits every statement and every group body" time="0.000269119">
        </testcase>
        <testcase classname="tests/script/ast.test.ts" name="walk &gt; visits nothing for an empty script" time="0.000138513">
        </testcase>
        <testcase classname="tests/script/ast.test.ts" name="groups &gt; lists the groups" time="0.000231057">
        </testcase>
        <testcase classname="tests/script/ast.test.ts" name="groups &gt; finds a group by name" time="0.000240886">
        </testcase>
        <testcase classname="tests/script/ast.test.ts" name="totalShots &gt; counts top level statements" time="0.000172607">
        </testcase>
        <testcase classname="tests/script/ast.test.ts" name="totalShots &gt; counts a group only where it is played" time="0.000318683">
        </testcase>
        <testcase classname="tests/script/ast.test.ts" name="totalShots &gt; counts a group twice when it is played twice" time="0.000134504">
        </testcase>
        <testcase classname="tests/script/ast.test.ts" name="totalShots &gt; counts nothing for a play of a group that is not there" time="0.000167968">
        </testcase>
        <testcase classname="tests/script/ast.test.ts" name="totalShots &gt; counts nothing in an empty script" time="0.000118925">
        </testcase>
    </testsuite>
    <testsuite name="tests/script/expand.test.ts" timestamp="2026-09-04T04:07:18.730Z" hostname="bdc3c806c0c7" tests="24" failures="0" errors="0" skipped="0" time="0.017427683">
        <testcase classname="tests/script/expand.test.ts" name="fire &gt; makes one shot" time="0.004839599">
        </testcase>
        <testcase classname="tests/script/expand.test.ts" name="fire &gt; carries a fixed pin, a height and a label through" time="0.000857513">
        </testcase>
        <testcase classname="tests/script/expand.test.ts" name="fire &gt; keeps the span it came from" time="0.000330746">
        </testcase>
        <testcase classname="tests/script/expand.test.ts" name="ripple &gt; lays shots out at an even interval from the cue time" time="0.000752424">
        </testcase>
        <testcase classname="tests/script/expand.test.ts" name="ripple &gt; numbers the shots in order" time="0.000490138">
        </testcase>
        <testcase classname="tests/script/expand.test.ts" name="ripple &gt; puts every shot on auto pin" time="0.000520596">
        </testcase>
        <testcase classname="tests/script/expand.test.ts" name="ripple &gt; applies jitter inside the amount asked for" time="0.001026372">
        </testcase>
        <testcase classname="tests/script/expand.test.ts" name="ripple &gt; gives the same jitter for the same seed" time="0.000443489">
        </testcase>
        <testcase classname="tests/script/expand.test.ts" name="ripple &gt; gives different jitter for a different seed" time="0.000508813">
        </testcase>
        <testcase classname="tests/script/expand.test.ts" name="ripple &gt; does not let one macro&apos;s edit move another&apos;s jitter" time="0.000599826">
        </testcase>
        <testcase classname="tests/script/expand.test.ts" name="fan &gt; centres the run on the cue time" time="0.000230106">
        </testcase>
        <testcase classname="tests/script/expand.test.ts" name="fan &gt; puts a single shot fan exactly on the beat" time="0.000179549">
        </testcase>
        <testcase classname="tests/script/expand.test.ts" name="fan &gt; spans exactly the spread it was given" time="0.000284128">
        </testcase>
        <testcase classname="tests/script/expand.test.ts" name="chase &gt; runs across the positions in order" time="0.000392042">
        </testcase>
        <testcase classname="tests/script/expand.test.ts" name="chase &gt; wraps round for a second pass" time="0.00048104">
        </testcase>
        <testcase classname="tests/script/expand.test.ts" name="groups &gt; offsets the body by the play time" time="0.000346246">
        </testcase>
        <testcase classname="tests/script/expand.test.ts" name="groups &gt; does not emit the group where it is defined" time="0.000172877">
        </testcase>
        <testcase classname="tests/script/expand.test.ts" name="groups &gt; expands a macro inside a group" time="0.000232721">
        </testcase>
        <testcase classname="tests/script/expand.test.ts" name="groups &gt; refuses a play of a group that is not there" time="0.000535414">
        </testcase>
        <testcase classname="tests/script/expand.test.ts" name="groups &gt; refuses a group that plays itself" time="0.000277035">
        </testcase>
        <testcase classname="tests/script/expand.test.ts" name="ordering and caps &gt; sorts the whole show by time" time="0.000175161">
        </testcase>
        <testcase classname="tests/script/expand.test.ts" name="ordering and caps &gt; refuses a macro that would produce more than the cap" time="0.000233161">
        </testcase>
        <testcase classname="tests/script/expand.test.ts" name="ordering and caps &gt; takes a raised cap" time="0.001150257">
        </testcase>
        <testcase classname="tests/script/expand.test.ts" name="ordering and caps &gt; skips the headers" time="0.000293415">
        </testcase>
    </testsuite>
    <testsuite name="tests/script/format.test.ts" timestamp="2026-09-04T04:07:18.732Z" hostname="bdc3c806c0c7" tests="21" failures="0" errors="0" skipped="0" time="0.01502192">
        <testcase classname="tests/script/format.test.ts" name="cue lines &gt; writes a plain fire" time="0.003066183">
        </testcase>
        <testcase classname="tests/script/format.test.ts" name="cue lines &gt; writes a whole second with one decimal place" time="0.000705084">
        </testcase>
        <testcase classname="tests/script/format.test.ts" name="cue lines &gt; writes a minute form time when asked" time="0.000429313">
        </testcase>
        <testcase classname="tests/script/format.test.ts" name="cue lines &gt; writes a minute form time as seconds by default" time="0.000261185">
        </testcase>
        <testcase classname="tests/script/format.test.ts" name="cue lines &gt; writes the clauses in a fixed order" time="0.00067114">
        </testcase>
        <testcase classname="tests/script/format.test.ts" name="cue lines &gt; quotes a label that needs it" time="0.00054959">
        </testcase>
        <testcase classname="tests/script/format.test.ts" name="cue lines &gt; writes a ripple with a whole second gap in seconds" time="0.000331608">
        </testcase>
        <testcase classname="tests/script/format.test.ts" name="cue lines &gt; writes a sub second gap in milliseconds" time="0.000224084">
        </testcase>
        <testcase classname="tests/script/format.test.ts" name="cue lines &gt; writes a fan with its spread and jitter" time="0.000592703">
        </testcase>
        <testcase classname="tests/script/format.test.ts" name="cue lines &gt; writes a chase and only names passes when it is not one" time="0.00065463">
        </testcase>
        <testcase classname="tests/script/format.test.ts" name="cue lines &gt; writes a play" time="0.000492102">
        </testcase>
        <testcase classname="tests/script/format.test.ts" name="headers and groups &gt; writes each header on its own line" time="0.00037465">
        </testcase>
        <testcase classname="tests/script/format.test.ts" name="headers and groups &gt; writes an include with quotes" time="0.000151688">
        </testcase>
        <testcase classname="tests/script/format.test.ts" name="headers and groups &gt; indents a group body" time="0.000307483">
        </testcase>
        <testcase classname="tests/script/format.test.ts" name="headers and groups &gt; takes another indent width" time="0.000387002">
        </testcase>
        <testcase classname="tests/script/format.test.ts" name="headers and groups &gt; puts a blank line between the headers and the cues" time="0.000335405">
        </testcase>
        <testcase classname="tests/script/format.test.ts" name="headers and groups &gt; puts a blank line round a group" time="0.001054997">
        </testcase>
        <testcase classname="tests/script/format.test.ts" name="headers and groups &gt; writes nothing for an empty script" time="0.000128173">
        </testcase>
        <testcase classname="tests/script/format.test.ts" name="round trips &gt; is stable, so formatting twice changes nothing" time="0.000844398">
        </testcase>
        <testcase classname="tests/script/format.test.ts" name="round trips &gt; survives a parse after formatting" time="0.000931914">
        </testcase>
        <testcase classname="tests/script/format.test.ts" name="round trips &gt; collapses two spellings of the same show onto one text" time="0.000268348">
        </testcase>
    </testsuite>
    <testsuite name="tests/script/include.test.ts" timestamp="2026-09-04T04:07:18.735Z" hostname="bdc3c806c0c7" tests="17" failures="0" errors="0" skipped="0" time="0.018514039">
        <testcase classname="tests/script/include.test.ts" name="resolveInclude &gt; resolves against the including file&apos;s folder" time="0.004262717">
        </testcase>
        <testcase classname="tests/script/include.test.ts" name="resolveInclude &gt; walks up with a double dot" time="0.000376382">
        </testcase>
        <testcase classname="tests/script/include.test.ts" name="resolveInclude &gt; ignores a single dot" time="0.00021112">
        </testcase>
        <testcase classname="tests/script/include.test.ts" name="resolveInclude &gt; keeps an absolute path as it is" time="0.000220267">
        </testcase>
        <testcase classname="tests/script/include.test.ts" name="resolveInclude &gt; resolves from a file at the top level" time="0.000225006">
        </testcase>
        <testcase classname="tests/script/include.test.ts" name="loadScript &gt; pulls the statements of both files together" time="0.003958833">
        </testcase>
        <testcase classname="tests/script/include.test.ts" name="loadScript &gt; lists every file it read" time="0.000577494">
        </testcase>
        <testcase classname="tests/script/include.test.ts" name="loadScript &gt; drops the include statement itself" time="0.000406009">
        </testcase>
        <testcase classname="tests/script/include.test.ts" name="loadScript &gt; names the entry file as the source" time="0.00071816">
        </testcase>
        <testcase classname="tests/script/include.test.ts" name="loadScript &gt; reports a file it cannot read and says who asked for it" time="0.000597842">
        </testcase>
        <testcase classname="tests/script/include.test.ts" name="loadScript &gt; reports a missing entry file with no help line" time="0.001187778">
        </testcase>
        <testcase classname="tests/script/include.test.ts" name="loadScript &gt; reads a file included twice only once" time="0.000615505">
        </testcase>
        <testcase classname="tests/script/include.test.ts" name="loadScript &gt; reports a loop with the whole path round it" time="0.000558918">
        </testcase>
        <testcase classname="tests/script/include.test.ts" name="loadScript &gt; does not hang on a loop" time="0.000715514">
        </testcase>
        <testcase classname="tests/script/include.test.ts" name="loadScript &gt; passes a parse error in an included file through" time="0.000477584">
        </testcase>
        <testcase classname="tests/script/include.test.ts" name="duplicateGroups &gt; finds two groups with the same name" time="0.000856882">
        </testcase>
        <testcase classname="tests/script/include.test.ts" name="duplicateGroups &gt; finds none when the names differ" time="0.000371913">
        </testcase>
    </testsuite>
    <testsuite name="tests/script/lint.test.ts" timestamp="2026-09-04T04:07:18.736Z" hostname="bdc3c806c0c7" tests="22" failures="0" errors="0" skipped="0" time="0.020416871">
        <testcase classname="tests/script/lint.test.ts" name="a clean script &gt; raises nothing" time="0.006873268">
        </testcase>
        <testcase classname="tests/script/lint.test.ts" name="groups &gt; warns about a group nothing plays" time="0.001156149">
        </testcase>
        <testcase classname="tests/script/lint.test.ts" name="groups &gt; says nothing about a group that is played" time="0.000627828">
        </testcase>
        <testcase classname="tests/script/lint.test.ts" name="groups &gt; warns about an empty group" time="0.000638809">
        </testcase>
        <testcase classname="tests/script/lint.test.ts" name="groups &gt; counts a play from inside another group" time="0.000411428">
        </testcase>
        <testcase classname="tests/script/lint.test.ts" name="intervals &gt; warns about a ripple tighter than a frame or two" time="0.000714251">
        </testcase>
        <testcase classname="tests/script/lint.test.ts" name="intervals &gt; warns about a chase just as tightly" time="0.000495808">
        </testcase>
        <testcase classname="tests/script/lint.test.ts" name="intervals &gt; takes its own threshold" time="0.001180244">
        </testcase>
        <testcase classname="tests/script/lint.test.ts" name="intervals &gt; warns about a fan with no spread" time="0.000555672">
        </testcase>
        <testcase classname="tests/script/lint.test.ts" name="intervals &gt; notes a very long run" time="0.000909952">
        </testcase>
        <testcase classname="tests/script/lint.test.ts" name="collisions &gt; warns about two cues from one position on one instant" time="0.000335474">
        </testcase>
        <testcase classname="tests/script/lint.test.ts" name="collisions &gt; says nothing when the positions differ" time="0.000387223">
        </testcase>
        <testcase classname="tests/script/lint.test.ts" name="collisions &gt; says nothing when the times differ" time="0.000255274">
        </testcase>
        <testcase classname="tests/script/lint.test.ts" name="collisions &gt; reports a third cue on the same instant only once more" time="0.000608692">
        </testcase>
        <testcase classname="tests/script/lint.test.ts" name="quiet stretches &gt; notes a long gap in the script" time="0.000218604">
        </testcase>
        <testcase classname="tests/script/lint.test.ts" name="quiet stretches &gt; takes its own threshold" time="0.000325947">
        </testcase>
        <testcase classname="tests/script/lint.test.ts" name="quiet stretches &gt; does not care what order the cues were written in" time="0.00033297">
        </testcase>
        <testcase classname="tests/script/lint.test.ts" name="headers &gt; warns about a script with no show name" time="0.000237048">
        </testcase>
        <testcase classname="tests/script/lint.test.ts" name="headers &gt; warns about two seeds or two frame rates" time="0.000513292">
        </testcase>
        <testcase classname="tests/script/lint.test.ts" name="headers &gt; says nothing about one of each" time="0.000403954">
        </testcase>
        <testcase classname="tests/script/lint.test.ts" name="lintClean &gt; is false when anything was raised" time="0.000261596">
        </testcase>
        <testcase classname="tests/script/lint.test.ts" name="lintClean &gt; ignores notes, which are not warnings" time="0.000296401">
        </testcase>
    </testsuite>
    <testsuite name="tests/script/parser.test.ts" timestamp="2026-09-04T04:07:18.737Z" hostname="bdc3c806c0c7" tests="38" failures="0" errors="0" skipped="0" time="0.017667276">
        <testcase classname="tests/script/parser.test.ts" name="headers &gt; reads a show name" time="0.002609448">
        </testcase>
        <testcase classname="tests/script/parser.test.ts" name="headers &gt; reads a seed" time="0.000571822">
        </testcase>
        <testcase classname="tests/script/parser.test.ts" name="headers &gt; reads a frame rate and the drop flag" time="0.000778874">
        </testcase>
        <testcase classname="tests/script/parser.test.ts" name="headers &gt; refuses a frame rate nothing plays at" time="0.001004902">
        </testcase>
        <testcase classname="tests/script/parser.test.ts" name="headers &gt; reads an include" time="0.000333049">
        </testcase>
        <testcase classname="tests/script/parser.test.ts" name="headers &gt; refuses a header with nothing after it" time="0.000836594">
        </testcase>
        <testcase classname="tests/script/parser.test.ts" name="fire &gt; reads a plain cue" time="0.000952603">
        </testcase>
        <testcase classname="tests/script/parser.test.ts" name="fire &gt; reads a minute form time" time="0.000257187">
        </testcase>
        <testcase classname="tests/script/parser.test.ts" name="fire &gt; takes a fixed pin" time="0.000558787">
        </testcase>
        <testcase classname="tests/script/parser.test.ts" name="fire &gt; takes a lowered break and a label" time="0.000292584">
        </testcase>
        <testcase classname="tests/script/parser.test.ts" name="fire &gt; takes the clauses in any order" time="0.000478084">
        </testcase>
        <testcase classname="tests/script/parser.test.ts" name="fire &gt; takes a quoted label" time="0.000227781">
        </testcase>
        <testcase classname="tests/script/parser.test.ts" name="fire &gt; leaves optional clauses off when they are not given" time="0.00016912">
        </testcase>
        <testcase classname="tests/script/parser.test.ts" name="fire &gt; refuses a missing from" time="0.000299446">
        </testcase>
        <testcase classname="tests/script/parser.test.ts" name="fire &gt; refuses a time that is not a time" time="0.000257859">
        </testcase>
        <testcase classname="tests/script/parser.test.ts" name="fire &gt; refuses a bad pin address" time="0.000405948">
        </testcase>
        <testcase classname="tests/script/parser.test.ts" name="fire &gt; refuses an unknown clause and lists the real ones" time="0.000245083">
        </testcase>
        <testcase classname="tests/script/parser.test.ts" name="ripple and fan &gt; reads a ripple" time="0.000291904">
        </testcase>
        <testcase classname="tests/script/parser.test.ts" name="ripple and fan &gt; reads a fan with jitter" time="0.000225176">
        </testcase>
        <testcase classname="tests/script/parser.test.ts" name="ripple and fan &gt; refuses a count of zero" time="0.000175712">
        </testcase>
        <testcase classname="tests/script/parser.test.ts" name="ripple and fan &gt; refuses a missing of" time="0.000357035">
        </testcase>
        <testcase classname="tests/script/parser.test.ts" name="ripple and fan &gt; refuses a ripple with no every" time="0.000374308">
        </testcase>
        <testcase classname="tests/script/parser.test.ts" name="chase &gt; reads the positions it runs across" time="0.000208745">
        </testcase>
        <testcase classname="tests/script/parser.test.ts" name="chase &gt; takes a pass count" time="0.000279219">
        </testcase>
        <testcase classname="tests/script/parser.test.ts" name="chase &gt; refuses a chase across one position" time="0.000254091">
        </testcase>
        <testcase classname="tests/script/parser.test.ts" name="groups &gt; collects the body into the group" time="0.000328231">
        </testcase>
        <testcase classname="tests/script/parser.test.ts" name="groups &gt; keeps the play outside the group" time="0.000199307">
        </testcase>
        <testcase classname="tests/script/parser.test.ts" name="groups &gt; refuses an end with nothing open" time="0.000174911">
        </testcase>
        <testcase classname="tests/script/parser.test.ts" name="groups &gt; refuses a group inside a group" time="0.000444109">
        </testcase>
        <testcase classname="tests/script/parser.test.ts" name="groups &gt; refuses a group that is never closed" time="0.000511809">
        </testcase>
        <testcase classname="tests/script/parser.test.ts" name="groups &gt; refuses a header inside a group" time="0.000268488">
        </testcase>
        <testcase classname="tests/script/parser.test.ts" name="recovery &gt; keeps reading after a bad line" time="0.000218944">
        </testcase>
        <testcase classname="tests/script/parser.test.ts" name="recovery &gt; reports every bad line rather than the first" time="0.000191001">
        </testcase>
        <testcase classname="tests/script/parser.test.ts" name="recovery &gt; points at the line the mistake is on" time="0.000295088">
        </testcase>
        <testcase classname="tests/script/parser.test.ts" name="recovery &gt; ignores comments and blank lines" time="0.000206421">
        </testcase>
        <testcase classname="tests/script/parser.test.ts" name="recovery &gt; parses an empty script into nothing" time="0.000261665">
        </testcase>
        <testcase classname="tests/script/parser.test.ts" name="recovery &gt; names the source it came from" time="0.000177166">
        </testcase>
        <testcase classname="tests/script/parser.test.ts" name="recovery &gt; refuses a cue verb it does not know" time="0.000125998">
        </testcase>
    </testsuite>
    <testsuite name="tests/script/renumber.test.ts" timestamp="2026-09-04T04:07:18.739Z" hostname="bdc3c806c0c7" tests="22" failures="0" errors="0" skipped="0" time="0.015621044">
        <testcase classname="tests/script/renumber.test.ts" name="planLabels &gt; names every cue" time="0.004442317">
        </testcase>
        <testcase classname="tests/script/renumber.test.ts" name="planLabels &gt; leaves a cue that already has one alone" time="0.000472414">
        </testcase>
        <testcase classname="tests/script/renumber.test.ts" name="planLabels &gt; names a cue from what it is and when" time="0.000351115">
        </testcase>
        <testcase classname="tests/script/renumber.test.ts" name="planLabels &gt; does not collide with a label already in the script" time="0.000294838">
        </testcase>
        <testcase classname="tests/script/renumber.test.ts" name="planLabels &gt; does not collide with another generated label" time="0.000273628">
        </testcase>
        <testcase classname="tests/script/renumber.test.ts" name="planLabels &gt; does not rename later cues when one is inserted at the start" time="0.001536067">
        </testcase>
        <testcase classname="tests/script/renumber.test.ts" name="planLabels &gt; skips a play, which names the group not the cue" time="0.000440092">
        </testcase>
        <testcase classname="tests/script/renumber.test.ts" name="planLabels &gt; names cues inside a group too" time="0.000333611">
        </testcase>
        <testcase classname="tests/script/renumber.test.ts" name="planLabels &gt; keeps a generated label short" time="0.00029649">
        </testcase>
        <testcase classname="tests/script/renumber.test.ts" name="duplicateLabels &gt; finds a label used twice" time="0.000791538">
        </testcase>
        <testcase classname="tests/script/renumber.test.ts" name="duplicateLabels &gt; finds none when they differ" time="0.000221339">
        </testcase>
        <testcase classname="tests/script/renumber.test.ts" name="checkLabels &gt; warns about a duplicate" time="0.000370251">
        </testcase>
        <testcase classname="tests/script/renumber.test.ts" name="checkLabels &gt; notes how many cues have no label" time="0.000257457">
        </testcase>
        <testcase classname="tests/script/renumber.test.ts" name="checkLabels &gt; says nothing about a fully labelled script" time="0.00024863">
        </testcase>
        <testcase classname="tests/script/renumber.test.ts" name="checkLabels &gt; says nothing about a script with no cues" time="0.00016383">
        </testcase>
        <testcase classname="tests/script/renumber.test.ts" name="applyLabels &gt; adds a label to the lines that lack one" time="0.00039129">
        </testcase>
        <testcase classname="tests/script/renumber.test.ts" name="applyLabels &gt; leaves a labelled line byte for byte alone" time="0.000243481">
        </testcase>
        <testcase classname="tests/script/renumber.test.ts" name="applyLabels &gt; leaves a header alone" time="0.000394686">
        </testcase>
        <testcase classname="tests/script/renumber.test.ts" name="applyLabels &gt; keeps a trailing comment after the label" time="0.000216078">
        </testcase>
        <testcase classname="tests/script/renumber.test.ts" name="applyLabels &gt; is stable, so applying twice changes nothing the second time" time="0.000426466">
        </testcase>
        <testcase classname="tests/script/renumber.test.ts" name="applyLabels &gt; produces a script that still parses" time="0.000533491">
        </testcase>
        <testcase classname="tests/script/renumber.test.ts" name="previewLabel &gt; shows the cue as it would be written" time="0.000700345">
        </testcase>
    </testsuite>
    <testsuite name="tests/script/resolve.test.ts" timestamp="2026-09-04T04:07:18.740Z" hostname="bdc3c806c0c7" tests="22" failures="0" errors="0" skipped="0" time="0.019467674">
        <testcase classname="tests/script/resolve.test.ts" name="editDistance &gt; is zero for the same string" time="0.001958628">
        </testcase>
        <testcase classname="tests/script/resolve.test.ts" name="editDistance &gt; counts a substitution, an insertion and a deletion" time="0.000446775">
        </testcase>
        <testcase classname="tests/script/resolve.test.ts" name="editDistance &gt; gives up past the cap rather than doing the work" time="0.000298555">
        </testcase>
        <testcase classname="tests/script/resolve.test.ts" name="nearestName &gt; finds a near miss" time="0.000458037">
        </testcase>
        <testcase classname="tests/script/resolve.test.ts" name="nearestName &gt; suggests nothing when nothing is close" time="0.00021622">
        </testcase>
        <testcase classname="tests/script/resolve.test.ts" name="nearestName &gt; suggests nothing from an empty catalog" time="0.000240475">
        </testcase>
        <testcase classname="tests/script/resolve.test.ts" name="resolving names &gt; attaches the effect to the shot" time="0.002749665">
        </testcase>
        <testcase classname="tests/script/resolve.test.ts" name="resolving names &gt; refuses an effect the catalog does not hold" time="0.002291898">
        </testcase>
        <testcase classname="tests/script/resolve.test.ts" name="resolving names &gt; suggests a near miss on the effect name" time="0.000631155">
        </testcase>
        <testcase classname="tests/script/resolve.test.ts" name="resolving names &gt; reports an unknown name once however often it appears" time="0.000963113">
        </testcase>
        <testcase classname="tests/script/resolve.test.ts" name="resolving names &gt; refuses a position the rig does not hold" time="0.000808641">
        </testcase>
        <testcase classname="tests/script/resolve.test.ts" name="resolving names &gt; suggests a near miss on the position name" time="0.00067649">
        </testcase>
        <testcase classname="tests/script/resolve.test.ts" name="resolving names &gt; keeps resolving after a bad shot" time="0.000773324">
        </testcase>
        <testcase classname="tests/script/resolve.test.ts" name="fixed pins &gt; accepts a pin that exists at the right position" time="0.000744689">
        </testcase>
        <testcase classname="tests/script/resolve.test.ts" name="fixed pins &gt; refuses a pin the rig does not have" time="0.000745251">
        </testcase>
        <testcase classname="tests/script/resolve.test.ts" name="fixed pins &gt; refuses a pin at the wrong position" time="0.000286342">
        </testcase>
        <testcase classname="tests/script/resolve.test.ts" name="fixed pins &gt; refuses two cues on the same pin" time="0.000424784">
        </testcase>
        <testcase classname="tests/script/resolve.test.ts" name="fixed pins &gt; leaves fixedPin off an auto shot" time="0.00022191">
        </testcase>
        <testcase classname="tests/script/resolve.test.ts" name="summaries &gt; lists the effects used in reading order" time="0.000569137">
        </testcase>
        <testcase classname="tests/script/resolve.test.ts" name="summaries &gt; counts what the show consumes" time="0.000672182">
        </testcase>
        <testcase classname="tests/script/resolve.test.ts" name="summaries &gt; counts the load on each position" time="0.000701517">
        </testcase>
        <testcase classname="tests/script/resolve.test.ts" name="summaries &gt; counts nothing for an empty show" time="0.000214406">
        </testcase>
    </testsuite>
    <testsuite name="tests/script/token.test.ts" timestamp="2026-09-04T04:07:18.741Z" hostname="bdc3c806c0c7" tests="24" failures="0" errors="0" skipped="0" time="0.011670587">
        <testcase classname="tests/script/token.test.ts" name="words &gt; reads a dotted name as one word" time="0.002026235">
        </testcase>
        <testcase classname="tests/script/token.test.ts" name="words &gt; allows hyphens and underscores inside a word" time="0.000315366">
        </testcase>
        <testcase classname="tests/script/token.test.ts" name="words &gt; does not start a word with a digit" time="0.000346978">
        </testcase>
        <testcase classname="tests/script/token.test.ts" name="numbers and times &gt; reads a whole number" time="0.000217282">
        </testcase>
        <testcase classname="tests/script/token.test.ts" name="numbers and times &gt; reads a decimal" time="0.000316499">
        </testcase>
        <testcase classname="tests/script/token.test.ts" name="numbers and times &gt; reads a colon form as a time" time="0.000319044">
        </testcase>
        <testcase classname="tests/script/token.test.ts" name="numbers and times &gt; reads a negative number" time="0.000292203">
        </testcase>
        <testcase classname="tests/script/token.test.ts" name="numbers and times &gt; keeps a unit suffix on the number" time="0.00044909">
        </testcase>
        <testcase classname="tests/script/token.test.ts" name="numbers and times &gt; does not swallow a trailing dot into the number" time="0.001000864">
        </testcase>
        <testcase classname="tests/script/token.test.ts" name="strings &gt; reads a quoted string without its quotes" time="0.000173188">
        </testcase>
        <testcase classname="tests/script/token.test.ts" name="strings &gt; takes an escaped quote" time="0.000185872">
        </testcase>
        <testcase classname="tests/script/token.test.ts" name="strings &gt; complains about a string that runs off the line" time="0.000272376">
        </testcase>
        <testcase classname="tests/script/token.test.ts" name="strings &gt; still produces a token for the broken string" time="0.000162969">
        </testcase>
        <testcase classname="tests/script/token.test.ts" name="comments and whitespace &gt; drops everything after a hash" time="0.000210208">
        </testcase>
        <testcase classname="tests/script/token.test.ts" name="comments and whitespace &gt; keeps the newline after a comment" time="0.000922526">
        </testcase>
        <testcase classname="tests/script/token.test.ts" name="comments and whitespace &gt; ignores tabs and carriage returns" time="0.000176545">
        </testcase>
        <testcase classname="tests/script/token.test.ts" name="line structure &gt; keeps newlines as tokens" time="0.0004282">
        </testcase>
        <testcase classname="tests/script/token.test.ts" name="line structure &gt; groups tokens by line" time="0.000370572">
        </testcase>
        <testcase classname="tests/script/token.test.ts" name="line structure &gt; drops blank lines when grouping" time="0.000243801">
        </testcase>
        <testcase classname="tests/script/token.test.ts" name="line structure &gt; groups an empty file into nothing" time="0.000214486">
        </testcase>
        <testcase classname="tests/script/token.test.ts" name="spans &gt; points at the exact text of a token" time="0.000295339">
        </testcase>
        <testcase classname="tests/script/token.test.ts" name="spans &gt; ends the file with an eof at the last offset" time="0.000151007">
        </testcase>
        <testcase classname="tests/script/token.test.ts" name="junk &gt; complains about a character with no meaning and carries on" time="0.000311069">
        </testcase>
        <testcase classname="tests/script/token.test.ts" name="describeToken &gt; names the invisible tokens in words" time="0.000214695">
        </testcase>
    </testsuite>
    <testsuite name="tests/sim/preview.test.ts" timestamp="2026-09-04T04:07:18.742Z" hostname="bdc3c806c0c7" tests="19" failures="0" errors="0" skipped="0" time="0.01156634">
        <testcase classname="tests/sim/preview.test.ts" name="litPerSlice &gt; counts what is lit in each slice" time="0.001521079">
        </testcase>
        <testcase classname="tests/sim/preview.test.ts" name="litPerSlice &gt; has a slice for the gap in the middle" time="0.000381994">
        </testcase>
        <testcase classname="tests/sim/preview.test.ts" name="litPerSlice &gt; counts nothing for an empty show" time="0.000748788">
        </testcase>
        <testcase classname="tests/sim/preview.test.ts" name="litPerSlice &gt; gives one slice for a very short show" time="0.001103638">
        </testcase>
        <testcase classname="tests/sim/preview.test.ts" name="previewStart &gt; is the first visible moment, not the first ignition" time="0.000494887">
        </testcase>
        <testcase classname="tests/sim/preview.test.ts" name="previewStart &gt; is zero for an empty show" time="0.000435234">
        </testcase>
        <testcase classname="tests/sim/preview.test.ts" name="previewChart &gt; draws a row per wrap with a time label" time="0.000987909">
        </testcase>
        <testcase classname="tests/sim/preview.test.ts" name="previewChart &gt; marks the busiest slices with the heaviest block" time="0.000281483">
        </testcase>
        <testcase classname="tests/sim/preview.test.ts" name="previewChart &gt; leaves an empty slice blank" time="0.000397001">
        </testcase>
        <testcase classname="tests/sim/preview.test.ts" name="previewChart &gt; says what a column is worth" time="0.000295739">
        </testcase>
        <testcase classname="tests/sim/preview.test.ts" name="previewChart &gt; says so for an empty show" time="0.00021607">
        </testcase>
        <testcase classname="tests/sim/preview.test.ts" name="beatsOf &gt; groups shots that happen together" time="0.000330144">
        </testcase>
        <testcase classname="tests/sim/preview.test.ts" name="beatsOf &gt; starts a new moment after a gap" time="0.000162177">
        </testcase>
        <testcase classname="tests/sim/preview.test.ts" name="beatsOf &gt; splits a ripple when the window is tight" time="0.000631004">
        </testcase>
        <testcase classname="tests/sim/preview.test.ts" name="beatsOf &gt; anchors a moment at its first shot" time="0.000196042">
        </testcase>
        <testcase classname="tests/sim/preview.test.ts" name="beatsOf &gt; finds nothing in an empty show" time="0.000229063">
        </testcase>
        <testcase classname="tests/sim/preview.test.ts" name="storyboard &gt; gives a row per moment with the positions and the effects" time="0.000840872">
        </testcase>
        <testcase classname="tests/sim/preview.test.ts" name="storyboard &gt; counts repeats rather than listing them" time="0.000418422">
        </testcase>
        <testcase classname="tests/sim/preview.test.ts" name="storyboard &gt; says so for an empty show" time="0.000244323">
        </testcase>
    </testsuite>
    <testsuite name="tests/sim/trajectory.test.ts" timestamp="2026-09-04T04:07:18.743Z" hostname="bdc3c806c0c7" tests="20" failures="0" errors="0" skipped="0" time="0.69276541">
        <testcase classname="tests/sim/trajectory.test.ts" name="trajectoryFor &gt; starts on the ground" time="0.042091071">
        </testcase>
        <testcase classname="tests/sim/trajectory.test.ts" name="trajectoryFor &gt; reaches the apogee the lift table quotes" time="0.047147691">
        </testcase>
        <testcase classname="tests/sim/trajectory.test.ts" name="trajectoryFor &gt; agrees with the table across the range" time="0.364135403">
        </testcase>
        <testcase classname="tests/sim/trajectory.test.ts" name="trajectoryFor &gt; fits a drag term above zero" time="0.043008867">
        </testcase>
        <testcase classname="tests/sim/trajectory.test.ts" name="trajectoryFor &gt; reaches the apogee at the time the table quotes" time="0.042439119">
        </testcase>
        <testcase classname="tests/sim/trajectory.test.ts" name="trajectoryFor &gt; climbs then falls" time="0.029258003">
        </testcase>
        <testcase classname="tests/sim/trajectory.test.ts" name="trajectoryFor &gt; gets a bigger shell higher" time="0.06930261">
        </testcase>
        <testcase classname="tests/sim/trajectory.test.ts" name="heightAt &gt; is zero at launch and before it" time="0.000427007">
        </testcase>
        <testcase classname="tests/sim/trajectory.test.ts" name="heightAt &gt; interpolates between steps" time="0.000405797">
        </testcase>
        <testcase classname="tests/sim/trajectory.test.ts" name="heightAt &gt; rises monotonically up to the apogee" time="0.001218065">
        </testcase>
        <testcase classname="tests/sim/trajectory.test.ts" name="heightAt &gt; holds the last point past the end of the curve" time="0.000171575">
        </testcase>
        <testcase classname="tests/sim/trajectory.test.ts" name="speedAt &gt; leaves the mortar fast and upward" time="0.000148641">
        </testcase>
        <testcase classname="tests/sim/trajectory.test.ts" name="speedAt &gt; is near zero at the apogee" time="0.000106301">
        </testcase>
        <testcase classname="tests/sim/trajectory.test.ts" name="speedAt &gt; is downward after the apogee" time="0.000122402">
        </testcase>
        <testcase classname="tests/sim/trajectory.test.ts" name="speedAt &gt; gives zero past the end of the curve" time="0.000098426">
        </testcase>
        <testcase classname="tests/sim/trajectory.test.ts" name="timeToHeight &gt; finds when the shell passes a height on the way up" time="0.000533671">
        </testcase>
        <testcase classname="tests/sim/trajectory.test.ts" name="timeToHeight &gt; finds nothing for a height it never reaches" time="0.000191272">
        </testcase>
        <testcase classname="tests/sim/trajectory.test.ts" name="timeToHeight &gt; finds zero for the ground" time="0.000108946">
        </testcase>
        <testcase classname="tests/sim/trajectory.test.ts" name="timeToHeight &gt; takes longer to reach a greater height" time="0.000134034">
        </testcase>
        <testcase classname="tests/sim/trajectory.test.ts" name="flightTime &gt; runs well past the apogee" time="0.049405654">
        </testcase>
    </testsuite>
    <testsuite name="tests/timeline/balance.test.ts" timestamp="2026-09-04T04:07:18.744Z" hostname="bdc3c806c0c7" tests="22" failures="0" errors="0" skipped="0" time="0.019969223">
        <testcase classname="tests/timeline/balance.test.ts" name="positionShares &gt; counts the shots and the share at each position" time="0.002141212">
        </testcase>
        <testcase classname="tests/timeline/balance.test.ts" name="positionShares &gt; orders positions across the field" time="0.001001235">
        </testcase>
        <testcase classname="tests/timeline/balance.test.ts" name="positionShares &gt; gives nothing for an empty show" time="0.000348049">
        </testcase>
        <testcase classname="tests/timeline/balance.test.ts" name="lateralLean &gt; is near zero for an even show" time="0.000359941">
        </testcase>
        <testcase classname="tests/timeline/balance.test.ts" name="lateralLean &gt; leans right when the work is on the right" time="0.000252948">
        </testcase>
        <testcase classname="tests/timeline/balance.test.ts" name="lateralLean &gt; leans left the other way round" time="0.003278675">
        </testcase>
        <testcase classname="tests/timeline/balance.test.ts" name="lateralLean &gt; is zero for a show from one position" time="0.000533028">
        </testcase>
        <testcase classname="tests/timeline/balance.test.ts" name="lateralLean &gt; is zero for an empty show" time="0.000419855">
        </testcase>
        <testcase classname="tests/timeline/balance.test.ts" name="timeBalance &gt; splits the show into quarters" time="0.000508341">
        </testcase>
        <testcase classname="tests/timeline/balance.test.ts" name="timeBalance &gt; puts the last shot in the last quarter" time="0.000303414">
        </testcase>
        <testcase classname="tests/timeline/balance.test.ts" name="timeBalance &gt; reports the span" time="0.000193055">
        </testcase>
        <testcase classname="tests/timeline/balance.test.ts" name="timeBalance &gt; reports zeroes for an empty show" time="0.000906526">
        </testcase>
        <testcase classname="tests/timeline/balance.test.ts" name="timeBalance &gt; gives a front loaded show a small finale share" time="0.000692941">
        </testcase>
        <testcase classname="tests/timeline/balance.test.ts" name="checkBalance &gt; says nothing about an even show" time="0.000541224">
        </testcase>
        <testcase classname="tests/timeline/balance.test.ts" name="checkBalance &gt; warns about a lopsided show and says which way" time="0.002907934">
        </testcase>
        <testcase classname="tests/timeline/balance.test.ts" name="checkBalance &gt; takes its own lean limit" time="0.000475439">
        </testcase>
        <testcase classname="tests/timeline/balance.test.ts" name="checkBalance &gt; notes a show that front loads" time="0.000564148">
        </testcase>
        <testcase classname="tests/timeline/balance.test.ts" name="checkBalance &gt; notes positions carrying very different amounts" time="0.000719671">
        </testcase>
        <testcase classname="tests/timeline/balance.test.ts" name="checkBalance &gt; says nothing about that with only two positions" time="0.000207211">
        </testcase>
        <testcase classname="tests/timeline/balance.test.ts" name="checkBalance &gt; says nothing about an empty show" time="0.000330135">
        </testcase>
        <testcase classname="tests/timeline/balance.test.ts" name="describeBalance &gt; reads as a table with a lean line" time="0.000863895">
        </testcase>
        <testcase classname="tests/timeline/balance.test.ts" name="describeBalance &gt; signs a positive lean" time="0.000233011">
        </testcase>
    </testsuite>
    <testsuite name="tests/timeline/chain.test.ts" timestamp="2026-09-04T04:07:18.745Z" hostname="bdc3c806c0c7" tests="18" failures="0" errors="0" skipped="0" time="0.018478894">
        <testcase classname="tests/timeline/chain.test.ts" name="chainCandidates &gt; finds an even run at one position" time="0.005403005">
        </testcase>
        <testcase classname="tests/timeline/chain.test.ts" name="chainCandidates &gt; saves one pin less than the run length" time="0.001501441">
        </testcase>
        <testcase classname="tests/timeline/chain.test.ts" name="chainCandidates &gt; cuts the fuse to match the interval" time="0.0005544">
        </testcase>
        <testcase classname="tests/timeline/chain.test.ts" name="chainCandidates &gt; does not chain a run of two" time="0.000711486">
        </testcase>
        <testcase classname="tests/timeline/chain.test.ts" name="chainCandidates &gt; does not chain across positions" time="0.000588192">
        </testcase>
        <testcase classname="tests/timeline/chain.test.ts" name="chainCandidates &gt; does not chain two different effects together" time="0.000762514">
        </testcase>
        <testcase classname="tests/timeline/chain.test.ts" name="chainCandidates &gt; breaks a run where the interval changes" time="0.001149385">
        </testcase>
        <testcase classname="tests/timeline/chain.test.ts" name="chainCandidates &gt; caps a chain at the length it was given" time="0.000607289">
        </testcase>
        <testcase classname="tests/timeline/chain.test.ts" name="chainCandidates &gt; orders candidates by how many pins they save" time="0.000817567">
        </testcase>
        <testcase classname="tests/timeline/chain.test.ts" name="chainCandidates &gt; finds nothing in a show of single shots" time="0.000483244">
        </testcase>
        <testcase classname="tests/timeline/chain.test.ts" name="chainCandidates &gt; finds nothing in an empty show" time="0.000150656">
        </testcase>
        <testcase classname="tests/timeline/chain.test.ts" name="chainDrift &gt; is nothing for a run already evenly spaced" time="0.000305068">
        </testcase>
        <testcase classname="tests/timeline/chain.test.ts" name="chainDrift &gt; grows when the run was jittered" time="0.000368176">
        </testcase>
        <testcase classname="tests/timeline/chain.test.ts" name="suggestChains &gt; notes each run with the fuse to cut and the pins saved" time="0.000795034">
        </testcase>
        <testcase classname="tests/timeline/chain.test.ts" name="suggestChains &gt; says nothing about a show with no runs" time="0.000194348">
        </testcase>
        <testcase classname="tests/timeline/chain.test.ts" name="overlongChains &gt; warns about a run longer than a chain can carry" time="0.001425047">
        </testcase>
        <testcase classname="tests/timeline/chain.test.ts" name="overlongChains &gt; says nothing about a run inside the limit" time="0.000420926">
        </testcase>
        <testcase classname="tests/timeline/chain.test.ts" name="describeChain &gt; reads as one line with the pins at each end" time="0.000435214">
        </testcase>
    </testsuite>
    <testsuite name="tests/timeline/density.test.ts" timestamp="2026-09-04T04:07:18.746Z" hostname="bdc3c806c0c7" tests="18" failures="0" errors="0" skipped="0" time="0.02536236">
        <testcase classname="tests/timeline/density.test.ts" name="visibleWindows &gt; starts at the break rather than the ignition" time="0.005821688">
        </testcase>
        <testcase classname="tests/timeline/density.test.ts" name="densityReport &gt; counts one effect at a time in a sparse show" time="0.001395661">
        </testcase>
        <testcase classname="tests/timeline/density.test.ts" name="densityReport &gt; counts the overlap in a tight run" time="0.00116809">
        </testcase>
        <testcase classname="tests/timeline/density.test.ts" name="densityReport &gt; measures lit time and span" time="0.000907758">
        </testcase>
        <testcase classname="tests/timeline/density.test.ts" name="densityReport &gt; finds the lulls between effects" time="0.001449864">
        </testcase>
        <testcase classname="tests/timeline/density.test.ts" name="densityReport &gt; ignores a gap under the threshold" time="0.001292887">
        </testcase>
        <testcase classname="tests/timeline/density.test.ts" name="densityReport &gt; takes a threshold of its own" time="0.000649198">
        </testcase>
        <testcase classname="tests/timeline/density.test.ts" name="densityReport &gt; reports zeroes for an empty show" time="0.000816265">
        </testcase>
        <testcase classname="tests/timeline/density.test.ts" name="densityCurve &gt; buckets breaks into slices" time="0.002515572">
        </testcase>
        <testcase classname="tests/timeline/density.test.ts" name="densityCurve &gt; finds the busiest slice" time="0.000685478">
        </testcase>
        <testcase classname="tests/timeline/density.test.ts" name="densityCurve &gt; finds nothing in an empty show" time="0.000508192">
        </testcase>
        <testcase classname="tests/timeline/density.test.ts" name="checkDensity &gt; warns when too much is lit at once" time="0.001136591">
        </testcase>
        <testcase classname="tests/timeline/density.test.ts" name="checkDensity &gt; says nothing about density when no cap was given" time="0.000514304">
        </testcase>
        <testcase classname="tests/timeline/density.test.ts" name="checkDensity &gt; warns about each lull with its length and start" time="0.000451184">
        </testcase>
        <testcase classname="tests/timeline/density.test.ts" name="checkDensity &gt; raises nothing for a steady show" time="0.00100892">
        </testcase>
        <testcase classname="tests/timeline/density.test.ts" name="eventsAtPeak &gt; names what is lit at the busiest instant" time="0.001293157">
        </testcase>
        <testcase classname="tests/timeline/density.test.ts" name="eventsAtPeak &gt; names nothing in an empty show" time="0.00029082">
        </testcase>
        <testcase classname="tests/timeline/density.test.ts" name="describeDensity &gt; reads as one line" time="0.000604784">
        </testcase>
    </testsuite>
    <testsuite name="tests/timeline/diff.test.ts" timestamp="2026-09-04T04:07:18.747Z" hostname="bdc3c806c0c7" tests="18" failures="0" errors="0" skipped="0" time="0.014379714">
        <testcase classname="tests/timeline/diff.test.ts" name="diffSchedules &gt; finds nothing between a show and itself" time="0.001952996">
        </testcase>
        <testcase classname="tests/timeline/diff.test.ts" name="diffSchedules &gt; finds a cue that moved in time and by how much" time="0.001809996">
        </testcase>
        <testcase classname="tests/timeline/diff.test.ts" name="diffSchedules &gt; does not call an insertion a renumbering" time="0.001026413">
        </testcase>
        <testcase classname="tests/timeline/diff.test.ts" name="diffSchedules &gt; finds a cue that went away" time="0.000537347">
        </testcase>
        <testcase classname="tests/timeline/diff.test.ts" name="diffSchedules &gt; finds an effect swapped onto the same pin" time="0.000731795">
        </testcase>
        <testcase classname="tests/timeline/diff.test.ts" name="diffSchedules &gt; ignores a move of less than a millisecond" time="0.000299398">
        </testcase>
        <testcase classname="tests/timeline/diff.test.ts" name="diffSchedules &gt; sorts changes by pin" time="0.000693142">
        </testcase>
        <testcase classname="tests/timeline/diff.test.ts" name="summariseDiff &gt; counts each kind of change" time="0.000687261">
        </testcase>
        <testcase classname="tests/timeline/diff.test.ts" name="summariseDiff &gt; counts the cues nothing happened to" time="0.000467635">
        </testcase>
        <testcase classname="tests/timeline/diff.test.ts" name="rewiring &gt; says a show of moves needs no rewiring" time="0.000714793">
        </testcase>
        <testcase classname="tests/timeline/diff.test.ts" name="rewiring &gt; says an added cue does need a visit" time="0.000692982">
        </testcase>
        <testcase classname="tests/timeline/diff.test.ts" name="reports &gt; says so when nothing changed" time="0.00023805">
        </testcase>
        <testcase classname="tests/timeline/diff.test.ts" name="reports &gt; shows the shift of a move with a sign" time="0.000646003">
        </testcase>
        <testcase classname="tests/timeline/diff.test.ts" name="reports &gt; shows what a swap replaced" time="0.000233071">
        </testcase>
        <testcase classname="tests/timeline/diff.test.ts" name="reports &gt; groups changes by position" time="0.000437298">
        </testcase>
        <testcase classname="tests/timeline/diff.test.ts" name="reports &gt; summarises per position" time="0.000311229">
        </testcase>
        <testcase classname="tests/timeline/diff.test.ts" name="reports &gt; puts the rewiring list in pin order" time="0.000367194">
        </testcase>
        <testcase classname="tests/timeline/diff.test.ts" name="reports &gt; leaves moves out of the walk" time="0.000458017">
        </testcase>
    </testsuite>
    <testsuite name="tests/timeline/load.test.ts" timestamp="2026-09-04T04:07:18.748Z" hostname="bdc3c806c0c7" tests="19" failures="0" errors="0" skipped="0" time="0.02343859">
        <testcase classname="tests/timeline/load.test.ts" name="moduleLoad &gt; counts one output for a single cue" time="0.005527461">
        </testcase>
        <testcase classname="tests/timeline/load.test.ts" name="moduleLoad &gt; counts outputs that overlap inside one pulse" time="0.000874256">
        </testcase>
        <testcase classname="tests/timeline/load.test.ts" name="moduleLoad &gt; does not count cues further apart than the pulse" time="0.000477113">
        </testcase>
        <testcase classname="tests/timeline/load.test.ts" name="moduleLoad &gt; flags a module asked for more than it can do" time="0.001452419">
        </testcase>
        <testcase classname="tests/timeline/load.test.ts" name="moduleLoad &gt; scales the peak current with the outputs live" time="0.000572834">
        </testcase>
        <testcase classname="tests/timeline/load.test.ts" name="moduleLoad &gt; goes over the supply without going over the output limit" time="0.001107226">
        </testcase>
        <testcase classname="tests/timeline/load.test.ts" name="moduleLoad &gt; uses the module&apos;s own share when no draw is given" time="0.001009811">
        </testcase>
        <testcase classname="tests/timeline/load.test.ts" name="moduleLoad &gt; reports the instant the peak happens" time="0.000310087">
        </testcase>
        <testcase classname="tests/timeline/load.test.ts" name="loadReport &gt; leaves out modules nothing fires from" time="0.001928229">
        </testcase>
        <testcase classname="tests/timeline/load.test.ts" name="loadReport &gt; reports every module in use" time="0.000731545">
        </testcase>
        <testcase classname="tests/timeline/load.test.ts" name="checkLoad &gt; errors when a module is over its simultaneous limit" time="0.001564121">
        </testcase>
        <testcase classname="tests/timeline/load.test.ts" name="checkLoad &gt; warns about a supply that cannot hold the draw" time="0.001279992">
        </testcase>
        <testcase classname="tests/timeline/load.test.ts" name="checkLoad &gt; raises nothing for a comfortable show" time="0.00037548">
        </testcase>
        <testcase classname="tests/timeline/load.test.ts" name="checkLoad &gt; names the module in the message" time="0.000384678">
        </testcase>
        <testcase classname="tests/timeline/load.test.ts" name="showPeak &gt; counts across every module at once" time="0.000971989">
        </testcase>
        <testcase classname="tests/timeline/load.test.ts" name="showPeak &gt; is zero for an empty show" time="0.000205719">
        </testcase>
        <testcase classname="tests/timeline/load.test.ts" name="crowdedEvents &gt; groups the cues that share a pulse" time="0.000623299">
        </testcase>
        <testcase classname="tests/timeline/load.test.ts" name="crowdedEvents &gt; finds nothing when the cues are spread out" time="0.000845451">
        </testcase>
        <testcase classname="tests/timeline/load.test.ts" name="describeLoad &gt; reads as one line and flags an overload" time="0.000541065">
        </testcase>
    </testsuite>
    <testsuite name="tests/timeline/misfire.test.ts" timestamp="2026-09-04T04:07:18.749Z" hostname="bdc3c806c0c7" tests="20" failures="0" errors="0" skipped="0" time="0.017293199">
        <testcase classname="tests/timeline/misfire.test.ts" name="misfiresIn &gt; finds the events on the pins that failed" time="0.002670645">
        </testcase>
        <testcase classname="tests/timeline/misfire.test.ts" name="misfiresIn &gt; finds several at once" time="0.000526136">
        </testcase>
        <testcase classname="tests/timeline/misfire.test.ts" name="misfiresIn &gt; ignores a pin the show never used" time="0.000801306">
        </testcase>
        <testcase classname="tests/timeline/misfire.test.ts" name="misfiresIn &gt; records when the cue should have fired" time="0.000249724">
        </testcase>
        <testcase classname="tests/timeline/misfire.test.ts" name="waiting periods &gt; waits half an hour for a loaded mortar" time="0.000239383">
        </testcase>
        <testcase classname="tests/timeline/misfire.test.ts" name="waiting periods &gt; waits five minutes for a ground piece" time="0.000243129">
        </testcase>
        <testcase classname="tests/timeline/misfire.test.ts" name="waiting periods &gt; keeps the mortar wait far longer than the ground one" time="0.00029072">
        </testcase>
        <testcase classname="tests/timeline/misfire.test.ts" name="clearAt &gt; counts from the end of the show, not from the cue" time="0.000418782">
        </testcase>
        <testcase classname="tests/timeline/misfire.test.ts" name="clearAt &gt; takes the longest wait of any misfire" time="0.000863484">
        </testcase>
        <testcase classname="tests/timeline/misfire.test.ts" name="clearAt &gt; is nothing when nothing misfired" time="0.003000288">
        </testcase>
        <testcase classname="tests/timeline/misfire.test.ts" name="planRefires &gt; refuses to refire a shell" time="0.000644168">
        </testcase>
        <testcase classname="tests/timeline/misfire.test.ts" name="planRefires &gt; finds a spare pin for a ground piece" time="0.001479961">
        </testcase>
        <testcase classname="tests/timeline/misfire.test.ts" name="planRefires &gt; does not hand two misfires the same spare" time="0.00061273">
        </testcase>
        <testcase classname="tests/timeline/misfire.test.ts" name="planRefires &gt; says when there is nowhere left to move it" time="0.000882591">
        </testcase>
        <testcase classname="tests/timeline/misfire.test.ts" name="checkMisfires &gt; says nothing when nothing failed" time="0.000287955">
        </testcase>
        <testcase classname="tests/timeline/misfire.test.ts" name="checkMisfires &gt; warns with the time nobody may approach before" time="0.000404535">
        </testcase>
        <testcase classname="tests/timeline/misfire.test.ts" name="checkMisfires &gt; notes each misfire separately" time="0.000288486">
        </testcase>
        <testcase classname="tests/timeline/misfire.test.ts" name="the incident book &gt; writes a line per misfire in time order" time="0.000394887">
        </testcase>
        <testcase classname="tests/timeline/misfire.test.ts" name="the incident book &gt; writes the ground piece wait as five minutes" time="0.000177045">
        </testcase>
        <testcase classname="tests/timeline/misfire.test.ts" name="the incident book &gt; reports the rate" time="0.000583094">
        </testcase>
    </testsuite>
    <testsuite name="tests/timeline/quantise.test.ts" timestamp="2026-09-04T04:07:18.750Z" hostname="bdc3c806c0c7" tests="17" failures="0" errors="0" skipped="0" time="0.014664443">
        <testcase classname="tests/timeline/quantise.test.ts" name="snapping &gt; puts every ignition on a frame boundary" time="0.004853114">
        </testcase>
        <testcase classname="tests/timeline/quantise.test.ts" name="snapping &gt; moves the visible time by the same amount" time="0.000413253">
        </testcase>
        <testcase classname="tests/timeline/quantise.test.ts" name="snapping &gt; moves the occupancy window with it" time="0.00037023">
        </testcase>
        <testcase classname="tests/timeline/quantise.test.ts" name="snapping &gt; records how far each event moved" time="0.000339753">
        </testcase>
        <testcase classname="tests/timeline/quantise.test.ts" name="snapping &gt; leaves an event already on a frame alone" time="0.000246816">
        </testcase>
        <testcase classname="tests/timeline/quantise.test.ts" name="snapping &gt; keeps the pre roll and duration of the schedule it came from" time="0.000345113">
        </testcase>
        <testcase classname="tests/timeline/quantise.test.ts" name="snapping &gt; quantises an empty show into nothing" time="0.00119952">
        </testcase>
        <testcase classname="tests/timeline/quantise.test.ts" name="driftReport &gt; finds the worst mover and names it" time="0.001008739">
        </testcase>
        <testcase classname="tests/timeline/quantise.test.ts" name="driftReport &gt; reports the frame length it snapped to" time="0.000615185">
        </testcase>
        <testcase classname="tests/timeline/quantise.test.ts" name="driftReport &gt; never moves anything by more than half a frame" time="0.000783964">
        </testcase>
        <testcase classname="tests/timeline/quantise.test.ts" name="driftReport &gt; reports zeroes for an empty show" time="0.000440023">
        </testcase>
        <testcase classname="tests/timeline/quantise.test.ts" name="collapsed runs &gt; finds two cues that land on the same frame" time="0.00080341">
        </testcase>
        <testcase classname="tests/timeline/quantise.test.ts" name="collapsed runs &gt; finds none in a run the frame rate can hold" time="0.000262336">
        </testcase>
        <testcase classname="tests/timeline/quantise.test.ts" name="collapsed runs &gt; warns about a collapsed run and names the first pair" time="0.000486792">
        </testcase>
        <testcase classname="tests/timeline/quantise.test.ts" name="collapsed runs &gt; raises nothing for a comfortable show" time="0.000254121">
        </testcase>
        <testcase classname="tests/timeline/quantise.test.ts" name="tightestGap &gt; finds the closest pair of ignitions" time="0.000284869">
        </testcase>
        <testcase classname="tests/timeline/quantise.test.ts" name="tightestGap &gt; reports nothing for a show with one cue" time="0.000160644">
        </testcase>
    </testsuite>
    <testsuite name="tests/timeline/rehearsal.test.ts" timestamp="2026-09-04T04:07:18.751Z" hostname="bdc3c806c0c7" tests="18" failures="0" errors="0" skipped="0" time="0.017357261">
        <testcase classname="tests/timeline/rehearsal.test.ts" name="rehearsalSteps &gt; gives a step per module per moment" time="0.00555806">
        </testcase>
        <testcase classname="tests/timeline/rehearsal.test.ts" name="rehearsalSteps &gt; groups cues that a watcher cannot tell apart" time="0.000756081">
        </testcase>
        <testcase classname="tests/timeline/rehearsal.test.ts" name="rehearsalSteps &gt; splits modules within one moment" time="0.001321792">
        </testcase>
        <testcase classname="tests/timeline/rehearsal.test.ts" name="rehearsalSteps &gt; takes its own window" time="0.00120486">
        </testcase>
        <testcase classname="tests/timeline/rehearsal.test.ts" name="rehearsalSteps &gt; names the pins in each step" time="0.000959715">
        </testcase>
        <testcase classname="tests/timeline/rehearsal.test.ts" name="rehearsalSteps &gt; phrases one light differently from several" time="0.000831724">
        </testcase>
        <testcase classname="tests/timeline/rehearsal.test.ts" name="rehearsalSteps &gt; gives nothing for an empty show" time="0.000212892">
        </testcase>
        <testcase classname="tests/timeline/rehearsal.test.ts" name="rehearsalSteps &gt; groups within a quarter second by default" time="0.000303004">
        </testcase>
        <testcase classname="tests/timeline/rehearsal.test.ts" name="rehearsalPlan &gt; counts the watchers needed" time="0.000675749">
        </testcase>
        <testcase classname="tests/timeline/rehearsal.test.ts" name="rehearsalPlan &gt; names the modules nothing fires from" time="0.000356826">
        </testcase>
        <testcase classname="tests/timeline/rehearsal.test.ts" name="rehearsalPlan &gt; runs to the last step" time="0.000397542">
        </testcase>
        <testcase classname="tests/timeline/rehearsal.test.ts" name="rehearsalPlan &gt; has no duration for an empty show" time="0.000230877">
        </testcase>
        <testcase classname="tests/timeline/rehearsal.test.ts" name="checkRehearsal &gt; notes moments a watcher cannot count" time="0.000766912">
        </testcase>
        <testcase classname="tests/timeline/rehearsal.test.ts" name="checkRehearsal &gt; notes idle modules" time="0.000293826">
        </testcase>
        <testcase classname="tests/timeline/rehearsal.test.ts" name="checkRehearsal &gt; warns when more modules are live than a crew can watch" time="0.000505206">
        </testcase>
        <testcase classname="tests/timeline/rehearsal.test.ts" name="checkRehearsal &gt; says nothing about a simple show" time="0.000475119">
        </testcase>
        <testcase classname="tests/timeline/rehearsal.test.ts" name="describeRehearsal &gt; reads as a table of moments" time="0.000710375">
        </testcase>
        <testcase classname="tests/timeline/rehearsal.test.ts" name="describeRehearsal &gt; says so for an empty show" time="0.000214446">
        </testcase>
    </testsuite>
    <testsuite name="tests/timeline/schedule.test.ts" timestamp="2026-09-04T04:07:18.752Z" hostname="bdc3c806c0c7" tests="18" failures="0" errors="0" skipped="0" time="0.014119653">
        <testcase classname="tests/timeline/schedule.test.ts" name="compensation &gt; fires a shell early enough to break on its cue" time="0.001142662">
        </testcase>
        <testcase classname="tests/timeline/schedule.test.ts" name="compensation &gt; fires a mine almost on its cue" time="0.000784424">
        </testcase>
        <testcase classname="tests/timeline/schedule.test.ts" name="compensation &gt; applies a lowered break to the compensation" time="0.001250767">
        </testcase>
        <testcase classname="tests/timeline/schedule.test.ts" name="compensation &gt; carries the lowered break onto the effect it schedules" time="0.000468015">
        </testcase>
        <testcase classname="tests/timeline/schedule.test.ts" name="compensation &gt; does not put a height on an effect that has no break" time="0.000719803">
        </testcase>
        <testcase classname="tests/timeline/schedule.test.ts" name="ordering &gt; sorts by ignition rather than by cue time" time="0.002418708">
        </testcase>
        <testcase classname="tests/timeline/schedule.test.ts" name="ordering &gt; breaks a tie by pin" time="0.000533219">
        </testcase>
        <testcase classname="tests/timeline/schedule.test.ts" name="pre roll &gt; is zero when nothing fires before the clock" time="0.000464449">
        </testcase>
        <testcase classname="tests/timeline/schedule.test.ts" name="pre roll &gt; is the earliest ignition when a big shell opens the show" time="0.000433881">
        </testcase>
        <testcase classname="tests/timeline/schedule.test.ts" name="pre roll &gt; can be absorbed by moving the whole show" time="0.000412521">
        </testcase>
        <testcase classname="tests/timeline/schedule.test.ts" name="pre roll &gt; leaves a show with no pre roll alone" time="0.000256155">
        </testcase>
        <testcase classname="tests/timeline/schedule.test.ts" name="duration &gt; runs from the first ignition to the last light out" time="0.000341406">
        </testcase>
        <testcase classname="tests/timeline/schedule.test.ts" name="duration &gt; is nothing for an empty show" time="0.000189339">
        </testcase>
        <testcase classname="tests/timeline/schedule.test.ts" name="shifting &gt; moves every time by the same amount" time="0.000365713">
        </testcase>
        <testcase classname="tests/timeline/schedule.test.ts" name="queries &gt; finds what is live at an instant" time="0.000260574">
        </testcase>
        <testcase classname="tests/timeline/schedule.test.ts" name="queries &gt; finds the ignitions in a window" time="0.00095098">
        </testcase>
        <testcase classname="tests/timeline/schedule.test.ts" name="queries &gt; finds the events on a module and at a position" time="0.000539872">
        </testcase>
        <testcase classname="tests/timeline/schedule.test.ts" name="queries &gt; finds the shell that has to go up first" time="0.000315286">
        </testcase>
    </testsuite>
    <testsuite name="tests/timeline/sync.test.ts" timestamp="2026-09-04T04:07:18.753Z" hostname="bdc3c806c0c7" tests="25" failures="0" errors="0" skipped="0" time="0.022005357">
        <testcase classname="tests/timeline/sync.test.ts" name="beatGrid &gt; refuses an empty grid" time="0.00172764">
        </testcase>
        <testcase classname="tests/timeline/sync.test.ts" name="beatGrid &gt; refuses a nonsense tempo" time="0.000392542">
        </testcase>
        <testcase classname="tests/timeline/sync.test.ts" name="beatGrid &gt; refuses a nonsense bar length" time="0.000228282">
        </testcase>
        <testcase classname="tests/timeline/sync.test.ts" name="beatGrid &gt; sorts sections by where they start" time="0.000403343">
        </testcase>
        <testcase classname="tests/timeline/sync.test.ts" name="beat length &gt; is half a second at 120" time="0.000188687">
        </testcase>
        <testcase classname="tests/timeline/sync.test.ts" name="beat length &gt; changes with the tempo section" time="0.000208764">
        </testcase>
        <testcase classname="tests/timeline/sync.test.ts" name="nearestBeat and offBeat &gt; finds the beat a moment is closest to" time="0.004391332">
        </testcase>
        <testcase classname="tests/timeline/sync.test.ts" name="nearestBeat and offBeat &gt; reports a late break as positive" time="0.000261846">
        </testcase>
        <testcase classname="tests/timeline/sync.test.ts" name="nearestBeat and offBeat &gt; reports nothing off for a break on the beat" time="0.000139996">
        </testcase>
        <testcase classname="tests/timeline/sync.test.ts" name="nearestBeat and offBeat &gt; snaps a moment onto its beat" time="0.000216179">
        </testcase>
        <testcase classname="tests/timeline/sync.test.ts" name="nearestBeat and offBeat &gt; uses the section a moment sits in" time="0.000148482">
        </testcase>
        <testcase classname="tests/timeline/sync.test.ts" name="barPosition &gt; counts bars and beats from one" time="0.001446527">
        </testcase>
        <testcase classname="tests/timeline/sync.test.ts" name="barPosition &gt; does not fall a beat short from floating point" time="0.000167758">
        </testcase>
        <testcase classname="tests/timeline/sync.test.ts" name="barPosition &gt; clamps before the section start" time="0.000161777">
        </testcase>
        <testcase classname="tests/timeline/sync.test.ts" name="barPosition &gt; counts within a three four bar" time="0.000242228">
        </testcase>
        <testcase classname="tests/timeline/sync.test.ts" name="syncReport &gt; says a show cut to the beat is on the beat" time="0.005464202">
        </testcase>
        <testcase classname="tests/timeline/sync.test.ts" name="syncReport &gt; finds the worst offender and names it" time="0.000409054">
        </testcase>
        <testcase classname="tests/timeline/sync.test.ts" name="syncReport &gt; counts a break inside the tight window as on the beat" time="0.000245604">
        </testcase>
        <testcase classname="tests/timeline/sync.test.ts" name="syncReport &gt; calls an empty show perfectly in time" time="0.000656733">
        </testcase>
        <testcase classname="tests/timeline/sync.test.ts" name="syncReport &gt; uses a tight window of two frames by default" time="0.000135616">
        </testcase>
        <testcase classname="tests/timeline/sync.test.ts" name="checkSync &gt; says nothing about a tight show" time="0.00043337">
        </testcase>
        <testcase classname="tests/timeline/sync.test.ts" name="checkSync &gt; warns about a break well off the beat and says which way" time="0.000773554">
        </testcase>
        <testcase classname="tests/timeline/sync.test.ts" name="checkSync &gt; warns when most of the show misses the grid" time="0.000931682">
        </testcase>
        <testcase classname="tests/timeline/sync.test.ts" name="checkSync &gt; says nothing about an empty show" time="0.000278658">
        </testcase>
        <testcase classname="tests/timeline/sync.test.ts" name="describeSync &gt; reads as one line" time="0.000585529">
        </testcase>
    </testsuite>
</testsuites>

+ held-back files re-checked before their suite: OK
+ vitest -> /verify/reports/new.xml (2 files)
(node:2477) MaxListenersExceededWarning: Possible EventEmitter memory leak detected. 11 unhandledRejection listeners added to [process]. MaxListeners is 10. Use emitter.setMaxListeners() to increase limit
(Use `node --trace-warnings ...` to show where the warning was created)
+ suite exit 1
+ raw junit stream (28625 bytes) for /verify/reports/new.xml:
<?xml version="1.0" encoding="UTF-8" ?>
<testsuites name="vitest tests" tests="49" failures="49" errors="0" time="0.955">
    <testsuite name="tests/cli/bookFlags.test.ts" timestamp="2026-09-04T04:07:20.238Z" hostname="bdc3c806c0c7" tests="14" failures="14" errors="0" skipped="0" time="0.038366372">
        <testcase classname="tests/cli/bookFlags.test.ts" name="check --magazine &gt; is ready when every shortfall has an exact stand-in" time="0.010010596">
            <failure message="expected 2 to be +0 // Object.is equality" type="AssertionError">
AssertionError: expected 2 to be +0 // Object.is equality

- Expected
+ Received

- 0
+ 2

 ❯ tests/cli/bookFlags.test.ts:81:18
            </failure>
        </testcase>
        <testcase classname="tests/cli/bookFlags.test.ts" name="check --magazine &gt; fails the show when a cue has nothing to fire" time="0.000977129">
            <failure message="expected 2 to be 1 // Object.is equality" type="AssertionError">
AssertionError: expected 2 to be 1 // Object.is equality

- Expected
+ Received

- 1
+ 2

 ❯ tests/cli/bookFlags.test.ts:89:18
            </failure>
        </testcase>
        <testcase classname="tests/cli/bookFlags.test.ts" name="check --magazine &gt; says nothing about stock until a magazine is given" time="0.012819321">
            <failure message="expected &apos;unknown flag --magazine\nportfire che…&apos; to contain &apos;PF1600&apos;" type="AssertionError">
AssertionError: expected &apos;unknown flag --magazine\nportfire che…&apos; to contain &apos;PF1600&apos;

- Expected
+ Received

- PF1600
+ unknown flag --magazine
+ portfire check, read a show and report everything wrong with it
+
+ usage: portfire check &lt;script&gt; [options]
+
+ options:
+   --catalog         the effect catalog csv
+   --rig             the rig sheet
+   --frame           frame rate the panel runs at [24|25|30|30drop]
+   --seed            override the script&apos;s jitter seed
+   --pack            fill each module before moving to the next
+   --absorb-preroll  move the show so nothing fires before zero
+   --advice          also run the checks that are matters of judgement
+   --max-lit         warn past this many effects lit at once
+   --lull            warn past a gap this long, in seconds
+   --ceiling         airspace ceiling in metres
+   --audience        metres from the origin to the line
+   --wind            wind speed in metres per second
+   --wind-from       wind bearing in degrees
+   --rule            separation rule [nfpa-1123|cen-category-4|reduced]
+   --quiet           print only the verdict
+   --stats           print the timing and load numbers

 ❯ tests/cli/bookFlags.test.ts:98:42
            </failure>
        </testcase>
        <testcase classname="tests/cli/bookFlags.test.ts" name="--pull &gt; leaves nothing to cover the palms once the willow lot is pulled" time="0.001027896">
            <failure message="expected 2 to be 1 // Object.is equality" type="AssertionError">
AssertionError: expected 2 to be 1 // Object.is equality

- Expected
+ Received

- 1
+ 2

 ❯ tests/cli/bookFlags.test.ts:106:18
            </failure>
        </testcase>
        <testcase classname="tests/cli/bookFlags.test.ts" name="--pull &gt; takes several lots, comma separated" time="0.00220846">
            <failure message="expected [] to have a length of 4 but got +0" type="AssertionError">
AssertionError: expected [] to have a length of 4 but got +0

- Expected
+ Received

- 4
+ 0

 ❯ tests/cli/bookFlags.test.ts:114:18
            </failure>
        </testcase>
        <testcase classname="tests/cli/bookFlags.test.ts" name="sheet --magazine &gt; shows which delivery each cue fires from" time="0.000922295">
            <failure message="expected 2 to be +0 // Object.is equality" type="AssertionError">
AssertionError: expected 2 to be +0 // Object.is equality

- Expected
+ Received

- 0
+ 2

 ❯ tests/cli/bookFlags.test.ts:125:18
            </failure>
        </testcase>
        <testcase classname="tests/cli/bookFlags.test.ts" name="sheet --magazine &gt; leaves the lot blank on a cue nothing covered" time="0.000763064">
            <failure message="the given combination of arguments (undefined and string) is invalid for this assertion. You can use an array, a map, an object, a set, a string, or a weakset instead of a string" type="AssertionError">
AssertionError: the given combination of arguments (undefined and string) is invalid for this assertion. You can use an array, a map, an object, a set, a string, or a weakset instead of a string
 ❯ tests/cli/bookFlags.test.ts:139:21
            </failure>
        </testcase>
        <testcase classname="tests/cli/bookFlags.test.ts" name="sheet --magazine &gt; keeps the column, every cell empty, for a book holding nothing" time="0.000707829">
            <failure message="expected 2 to be 1 // Object.is equality" type="AssertionError">
AssertionError: expected 2 to be 1 // Object.is equality

- Expected
+ Received

- 1
+ 2

 ❯ tests/cli/bookFlags.test.ts:147:18
            </failure>
        </testcase>
        <testcase classname="tests/cli/bookFlags.test.ts" name="inventory --magazine &gt; keeps the shortfall on the order list after a stand-in covers it" time="0.003214282">
            <failure message="expected &apos;shell.150.palm       3        2      …&apos; to match /\b1\b.*shell\.150\.willow|shell\.150\…/" type="AssertionError">
AssertionError: expected &apos;shell.150.palm       3        2      …&apos; to match /\b1\b.*shell\.150\.willow|shell\.150\…/

- Expected: 
/\b1\b.*shell\.150\.willow|shell\.150\.willow.*\b1\b/

+ Received: 
&quot;shell.150.palm       3        2      1
&quot;

 ❯ tests/cli/bookFlags.test.ts:166:19
            </failure>
        </testcase>
        <testcase classname="tests/cli/bookFlags.test.ts" name="explain --magazine &gt; names the lot and what the script asked for on a covered cue" time="0.000593254">
            <failure message="expected &apos;&apos; to contain &apos;shell.150.willow&apos;" type="AssertionError">
AssertionError: expected &apos;&apos; to contain &apos;shell.150.willow&apos;

- Expected
+ Received

- shell.150.willow

 ❯ tests/cli/bookFlags.test.ts:176:17
            </failure>
        </testcase>
        <testcase classname="tests/cli/bookFlags.test.ts" name="every show command &gt; takes the flags wherever the catalog flag is taken" time="0.001401573">
            <failure message="annotate: expected [ &apos;catalog&apos;, &apos;rig&apos;, &apos;frame&apos;, …(15) ] to include &apos;magazine&apos;" type="AssertionError">
AssertionError: annotate: expected [ &apos;catalog&apos;, &apos;rig&apos;, &apos;frame&apos;, …(15) ] to include &apos;magazine&apos;
 ❯ tests/cli/bookFlags.test.ts:191:35
            </failure>
        </testcase>
        <testcase classname="tests/cli/bookFlags.test.ts" name="every show command &gt; puts the stand-in in front of whatever reads the compile" time="0.000582322">
            <failure message="explain: expected 2 not to be 2 // Object.is equality" type="AssertionError">
AssertionError: explain: expected 2 not to be 2 // Object.is equality
 ❯ tests/cli/bookFlags.test.ts:206:33
            </failure>
        </testcase>
        <testcase classname="tests/cli/bookFlags.test.ts" name="every show command &gt; fails the quiet commands too once a pull leaves a cue bare" time="0.000692853">
            <failure message="rehearse: expected 2 to be +0 // Object.is equality" type="AssertionError">
AssertionError: rehearse: expected 2 to be +0 // Object.is equality

- Expected
+ Received

- 0
+ 2

 ❯ tests/cli/bookFlags.test.ts:220:64
            </failure>
        </testcase>
        <testcase classname="tests/cli/bookFlags.test.ts" name="table --magazine &gt; loads the panel with what will really fire" time="0.000773052">
            <failure message="expected 2 to be +0 // Object.is equality" type="AssertionError">
AssertionError: expected 2 to be +0 // Object.is equality

- Expected
+ Received

- 0
+ 2

 ❯ tests/cli/bookFlags.test.ts:231:18
            </failure>
        </testcase>
    </testsuite>
    <testsuite name="tests/timeline/fromStock.test.ts" timestamp="2026-09-04T04:07:20.250Z" hostname="bdc3c806c0c7" tests="35" failures="35" errors="0" skipped="0" time="0.069013724">
        <testcase classname="tests/timeline/fromStock.test.ts" name="drawing stock in firing order &gt; hands the shells to the earliest cues and runs out on the last" time="0.019407441">
            <failure message="expected [ undefined, undefined, …(2) ] to deeply equal [ &apos;vn1&apos;, &apos;vn1&apos;, &apos;vn1&apos;, undefined ]" type="AssertionError">
AssertionError: expected [ undefined, undefined, …(2) ] to deeply equal [ &apos;vn1&apos;, &apos;vn1&apos;, &apos;vn1&apos;, undefined ]

- Expected
+ Received

  Array [
-   &quot;vn1&quot;,
-   &quot;vn1&quot;,
-   &quot;vn1&quot;,
+   undefined,
+   undefined,
+   undefined,
    undefined,
  ]

 ❯ tests/timeline/fromStock.test.ts:108:18
            </failure>
        </testcase>
        <testcase classname="tests/timeline/fromStock.test.ts" name="drawing stock in firing order &gt; counts a ripple shot by shot rather than as one cue" time="0.002254548">
            <failure message="expected [ undefined, undefined, …(3) ] to deeply equal [ Array(5) ]" type="AssertionError">
AssertionError: expected [ undefined, undefined, …(3) ] to deeply equal [ Array(5) ]

- Expected
+ Received

  Array [
-   &quot;vn1&quot;,
-   &quot;vn1&quot;,
-   &quot;vn1&quot;,
+   undefined,
+   undefined,
+   undefined,
    undefined,
    undefined,
  ]

 ❯ tests/timeline/fromStock.test.ts:117:46
            </failure>
        </testcase>
        <testcase classname="tests/timeline/fromStock.test.ts" name="drawing stock in firing order &gt; breaks a tie on the same instant by the order the script wrote them" time="0.00139483">
            <failure message="expected undefined to be &apos;vn1&apos; // Object.is equality" type="AssertionError">
AssertionError: expected undefined to be &apos;vn1&apos; // Object.is equality

- Expected: 
&quot;vn1&quot;

+ Received: 
undefined

 ❯ tests/timeline/fromStock.test.ts:137:35
            </failure>
        </testcase>
        <testcase classname="tests/timeline/fromStock.test.ts" name="drawing stock in firing order &gt; draws a cue inside a played group at the time it is played" time="0.001676063">
            <failure message="expected undefined to be &apos;vn1&apos; // Object.is equality" type="AssertionError">
AssertionError: expected undefined to be &apos;vn1&apos; // Object.is equality

- Expected: 
&quot;vn1&quot;

+ Received: 
undefined

 ❯ tests/timeline/fromStock.test.ts:154:24
            </failure>
        </testcase>
        <testcase classname="tests/timeline/fromStock.test.ts" name="drawing stock in firing order &gt; carries no lot at all when the compile was given no magazine" time="0.001454133">
            <failure message="expected undefined to be &apos;vn1&apos; // Object.is equality" type="AssertionError">
AssertionError: expected undefined to be &apos;vn1&apos; // Object.is equality

- Expected: 
&quot;vn1&quot;

+ Received: 
undefined

 ❯ tests/timeline/fromStock.test.ts:164:43
            </failure>
        </testcase>
        <testcase classname="tests/timeline/fromStock.test.ts" name="own cues before stand-ins &gt; keeps a shell for its own later cue rather than lending it earlier" time="0.001805608">
            <failure message="expected undefined to be &apos;vn2&apos; // Object.is equality" type="AssertionError">
AssertionError: expected undefined to be &apos;vn2&apos; // Object.is equality

- Expected: 
&quot;vn2&quot;

+ Received: 
undefined

 ❯ tests/timeline/fromStock.test.ts:177:25
            </failure>
        </testcase>
        <testcase classname="tests/timeline/fromStock.test.ts" name="own cues before stand-ins &gt; covers the earlier of two shots left without when one stand-in is left" time="0.001956733">
            <failure message="expected &apos;shell.150.palm&apos; to be &apos;shell.150.willow&apos; // Object.is equality" type="AssertionError">
AssertionError: expected &apos;shell.150.palm&apos; to be &apos;shell.150.willow&apos; // Object.is equality

Expected: &quot;shell.150.willow&quot;
Received: &quot;shell.150.palm&quot;

 ❯ tests/timeline/fromStock.test.ts:189:29
            </failure>
        </testcase>
        <testcase classname="tests/timeline/fromStock.test.ts" name="own cues before stand-ins &gt; lends the remainder once every own cue is served" time="0.00119898">
            <failure message="expected [ &apos;shell.150.palm&apos;, …(3) ] to deeply equal [ &apos;shell.150.willow&apos;, …(3) ]" type="AssertionError">
AssertionError: expected [ &apos;shell.150.palm&apos;, …(3) ] to deeply equal [ &apos;shell.150.willow&apos;, …(3) ]

- Expected
+ Received

  Array [
-   &quot;shell.150.willow&quot;,
+   &quot;shell.150.palm&quot;,
    &quot;shell.150.palm&quot;,
    &quot;shell.150.willow&quot;,
    &quot;shell.150.willow&quot;,
  ]

 ❯ tests/timeline/fromStock.test.ts:206:51
            </failure>
        </testcase>
        <testcase classname="tests/timeline/fromStock.test.ts" name="choosing a stand-in &gt; prefers the same calibre over a band match" time="0.001048033">
            <failure message="expected &apos;shell.150.palm&apos; to be &apos;shell.150.willow&apos; // Object.is equality" type="AssertionError">
AssertionError: expected &apos;shell.150.palm&apos; to be &apos;shell.150.willow&apos; // Object.is equality

Expected: &quot;shell.150.willow&quot;
Received: &quot;shell.150.palm&quot;

 ❯ tests/timeline/fromStock.test.ts:231:49
            </failure>
        </testcase>
        <testcase classname="tests/timeline/fromStock.test.ts" name="choosing a stand-in &gt; takes the nearest lead among band matches" time="0.001433473">
            <failure message="expected &apos;shell.150.palm&apos; to be &apos;shell.160.ring&apos; // Object.is equality" type="AssertionError">
AssertionError: expected &apos;shell.150.palm&apos; to be &apos;shell.160.ring&apos; // Object.is equality

Expected: &quot;shell.160.ring&quot;
Received: &quot;shell.150.palm&quot;

 ❯ tests/timeline/fromStock.test.ts:243:49
            </failure>
        </testcase>
        <testcase classname="tests/timeline/fromStock.test.ts" name="choosing a stand-in &gt; breaks an equal lead by effect id" time="0.000735021">
            <failure message="expected &apos;shell.150.palm&apos; to be &apos;shell.150.kamuro&apos; // Object.is equality" type="AssertionError">
AssertionError: expected &apos;shell.150.palm&apos; to be &apos;shell.150.kamuro&apos; // Object.is equality

Expected: &quot;shell.150.kamuro&quot;
Received: &quot;shell.150.palm&quot;

 ❯ tests/timeline/fromStock.test.ts:254:49
            </failure>
        </testcase>
        <testcase classname="tests/timeline/fromStock.test.ts" name="choosing a stand-in &gt; offers nothing substitutesFor would not, so a lead too far off is short" time="0.002779962">
            <failure message="expected [] to have a length of 1 but got +0" type="AssertionError">
AssertionError: expected [] to have a length of 1 but got +0

- Expected
+ Received

- 1
+ 0

 ❯ tests/timeline/fromStock.test.ts:263:49
            </failure>
        </testcase>
        <testcase classname="tests/timeline/fromStock.test.ts" name="choosing a stand-in &gt; does not let a mine stand in for a shell of the same calibre" time="0.00127387">
            <failure message="expected [] to have a length of 1 but got +0" type="AssertionError">
AssertionError: expected [] to have a length of 1 but got +0

- Expected
+ Received

- 1
+ 0

 ❯ tests/timeline/fromStock.test.ts:271:49
            </failure>
        </testcase>
        <testcase classname="tests/timeline/fromStock.test.ts" name="choosing a stand-in &gt; runs one stand-in dry and moves to the next" time="0.001454734">
            <failure message="expected [ &apos;shell.150.palm&apos;, …(3) ] to deeply equal [ &apos;shell.150.kamuro&apos;, …(3) ]" type="AssertionError">
AssertionError: expected [ &apos;shell.150.palm&apos;, …(3) ] to deeply equal [ &apos;shell.150.kamuro&apos;, …(3) ]

- Expected
+ Received

  Array [
-   &quot;shell.150.kamuro&quot;,
-   &quot;shell.150.willow&quot;,
-   &quot;shell.150.willow&quot;,
+   &quot;shell.150.palm&quot;,
+   &quot;shell.150.palm&quot;,
+   &quot;shell.150.palm&quot;,
    &quot;shell.150.palm&quot;,
  ]

 ❯ tests/timeline/fromStock.test.ts:281:57
            </failure>
        </testcase>
        <testcase classname="tests/timeline/fromStock.test.ts" name="choosing a stand-in &gt; moves on to the next stand-in once the first is spent by an own cue" time="0.001105172">
            <failure message="expected &apos;shell.150.palm&apos; to be &apos;shell.150.willow&apos; // Object.is equality" type="AssertionError">
AssertionError: expected &apos;shell.150.palm&apos; to be &apos;shell.150.willow&apos; // Object.is equality

Expected: &quot;shell.150.willow&quot;
Received: &quot;shell.150.palm&quot;

 ❯ tests/timeline/fromStock.test.ts:302:28
            </failure>
        </testcase>
        <testcase classname="tests/timeline/fromStock.test.ts" name="what a shot left short looks like &gt; stays what was written, on the table, and blocks the show" time="0.00161192">
            <failure message="expected true to be false // Object.is equality" type="AssertionError">
AssertionError: expected true to be false // Object.is equality

- Expected
+ Received

- false
+ true

 ❯ tests/timeline/fromStock.test.ts:319:23
            </failure>
        </testcase>
        <testcase classname="tests/timeline/fromStock.test.ts" name="which lot a shot draws &gt; empties the oldest delivery before touching the next" time="0.003818838">
            <failure message="expected [ undefined, undefined, …(2) ] to deeply equal [ &apos;vn1&apos;, &apos;vn1&apos;, &apos;vn2&apos;, &apos;vn3&apos; ]" type="AssertionError">
AssertionError: expected [ undefined, undefined, …(2) ] to deeply equal [ &apos;vn1&apos;, &apos;vn1&apos;, &apos;vn2&apos;, &apos;vn3&apos; ]

- Expected
+ Received

  Array [
-   &quot;vn1&quot;,
-   &quot;vn1&quot;,
-   &quot;vn2&quot;,
-   &quot;vn3&quot;,
+   undefined,
+   undefined,
+   undefined,
+   undefined,
  ]

 ❯ tests/timeline/fromStock.test.ts:334:52
            </failure>
        </testcase>
        <testcase classname="tests/timeline/fromStock.test.ts" name="which lot a shot draws &gt; saves a row with no received date for last" time="0.000846772">
            <failure message="expected [ undefined, undefined ] to deeply equal [ &apos;vn9&apos;, &apos;vn0&apos; ]" type="AssertionError">
AssertionError: expected [ undefined, undefined ] to deeply equal [ &apos;vn9&apos;, &apos;vn0&apos; ]

- Expected
+ Received

  Array [
-   &quot;vn9&quot;,
-   &quot;vn0&quot;,
+   undefined,
+   undefined,
  ]

 ❯ tests/timeline/fromStock.test.ts:346:52
            </failure>
        </testcase>
        <testcase classname="tests/timeline/fromStock.test.ts" name="which lot a shot draws &gt; goes by lot number on a shared date, and among the undated" time="0.000739379">
            <failure message="expected [ undefined, undefined, …(2) ] to deeply equal [ &apos;vn11&apos;, &apos;vn20&apos;, &apos;vna&apos;, &apos;vnb&apos; ]" type="AssertionError">
AssertionError: expected [ undefined, undefined, …(2) ] to deeply equal [ &apos;vn11&apos;, &apos;vn20&apos;, &apos;vna&apos;, &apos;vnb&apos; ]

- Expected
+ Received

  Array [
-   &quot;vn11&quot;,
-   &quot;vn20&quot;,
-   &quot;vna&quot;,
-   &quot;vnb&quot;,
+   undefined,
+   undefined,
+   undefined,
+   undefined,
  ]

 ❯ tests/timeline/fromStock.test.ts:358:52
            </failure>
        </testcase>
        <testcase classname="tests/timeline/fromStock.test.ts" name="which lot a shot draws &gt; draws a stand-in from its own lots in the same order" time="0.000688643">
            <failure message="expected [ &apos;shell.150.palm&apos;, &apos;shell.150.palm&apos; ] to deeply equal [ &apos;shell.150.willow&apos;, …(1) ]" type="AssertionError">
AssertionError: expected [ &apos;shell.150.palm&apos;, &apos;shell.150.palm&apos; ] to deeply equal [ &apos;shell.150.willow&apos;, …(1) ]

- Expected
+ Received

  Array [
-   &quot;shell.150.willow&quot;,
-   &quot;shell.150.willow&quot;,
+   &quot;shell.150.palm&quot;,
+   &quot;shell.150.palm&quot;,
  ]

 ❯ tests/timeline/fromStock.test.ts:374:51
            </failure>
        </testcase>
        <testcase classname="tests/timeline/fromStock.test.ts" name="pulling a lot &gt; removes a pulled lot ahead of the draw" time="0.000985004">
            <failure message="expected [ undefined, undefined ] to deeply equal [ &apos;vn2&apos;, undefined ]" type="AssertionError">
AssertionError: expected [ undefined, undefined ] to deeply equal [ &apos;vn2&apos;, undefined ]

- Expected
+ Received

  Array [
-   &quot;vn2&quot;,
+   undefined,
    undefined,
  ]

 ❯ tests/timeline/fromStock.test.ts:391:52
            </failure>
        </testcase>
        <testcase classname="tests/timeline/fromStock.test.ts" name="pulling a lot &gt; removes a pulled lot as a source of stand-ins" time="0.000708231">
            <failure message="expected &apos;shell.150.palm&apos; to be &apos;shell.150.willow&apos; // Object.is equality" type="AssertionError">
AssertionError: expected &apos;shell.150.palm&apos; to be &apos;shell.150.willow&apos; // Object.is equality

Expected: &quot;shell.150.willow&quot;
Received: &quot;shell.150.palm&quot;

 ❯ tests/timeline/fromStock.test.ts:402:49
            </failure>
        </testcase>
        <testcase classname="tests/timeline/fromStock.test.ts" name="pulling a lot &gt; pulls every lot named, across effects" time="0.000795566">
            <failure message="expected [] to have a length of 1 but got +0" type="AssertionError">
AssertionError: expected [] to have a length of 1 but got +0

- Expected
+ Received

- 1
+ 0

 ❯ tests/timeline/fromStock.test.ts:415:49
            </failure>
        </testcase>
        <testcase classname="tests/timeline/fromStock.test.ts" name="pulling a lot &gt; leaves the caller&apos;s magazine as it was" time="0.000748627">
            <failure message="expected undefined to be &apos;vn2&apos; // Object.is equality" type="AssertionError">
AssertionError: expected undefined to be &apos;vn2&apos; // Object.is equality

- Expected: 
&quot;vn2&quot;

+ Received: 
undefined

 ❯ tests/timeline/fromStock.test.ts:426:7
            </failure>
        </testcase>
        <testcase classname="tests/timeline/fromStock.test.ts" name="timing a covered shot &gt; breaks on the beat and lifts on the stand-in&apos;s clock" time="0.001092247">
            <failure message="expected &apos;shell.150.palm&apos; to be &apos;shell.160.ring&apos; // Object.is equality" type="AssertionError">
AssertionError: expected &apos;shell.150.palm&apos; to be &apos;shell.160.ring&apos; // Object.is equality

Expected: &quot;shell.160.ring&quot;
Received: &quot;shell.150.palm&quot;

 ❯ tests/timeline/fromStock.test.ts:438:29
            </failure>
        </testcase>
        <testcase classname="tests/timeline/fromStock.test.ts" name="timing a covered shot &gt; lowers the stand-in when the script lowered the break" time="0.001186335">
            <failure message="expected &apos;shell.150.palm&apos; to be &apos;shell.160.ring&apos; // Object.is equality" type="AssertionError">
AssertionError: expected &apos;shell.150.palm&apos; to be &apos;shell.160.ring&apos; // Object.is equality

Expected: &quot;shell.160.ring&quot;
Received: &quot;shell.150.palm&quot;

 ❯ tests/timeline/fromStock.test.ts:457:29
            </failure>
        </testcase>
        <testcase classname="tests/timeline/fromStock.test.ts" name="timing a covered shot &gt; puts the stand-in on the event and what was asked for beside it" time="0.001575031">
            <failure message="expected &apos;shell.150.palm&apos; to be &apos;shell.150.willow&apos; // Object.is equality" type="AssertionError">
AssertionError: expected &apos;shell.150.palm&apos; to be &apos;shell.150.willow&apos; // Object.is equality

Expected: &quot;shell.150.willow&quot;
Received: &quot;shell.150.palm&quot;

 ❯ tests/timeline/fromStock.test.ts:481:31
            </failure>
        </testcase>
        <testcase classname="tests/timeline/fromStock.test.ts" name="the rest of the compile sees the stand-in &gt; allocates the pin to the stand-in" time="0.001122273">
            <failure message="expected &apos;shell.150.palm&apos; to be &apos;shell.150.willow&apos; // Object.is equality" type="AssertionError">
AssertionError: expected &apos;shell.150.palm&apos; to be &apos;shell.150.willow&apos; // Object.is equality

Expected: &quot;shell.150.willow&quot;
Received: &quot;shell.150.palm&quot;

 ❯ tests/timeline/fromStock.test.ts:497:53
            </failure>
        </testcase>
        <testcase classname="tests/timeline/fromStock.test.ts" name="the rest of the compile sees the stand-in &gt; checks separation against the stand-in&apos;s calibre" time="0.002480384">
            <failure message="expected [] to have a length of 1 but got +0" type="AssertionError">
AssertionError: expected [] to have a length of 1 but got +0

- Expected
+ Received

- 1
+ 0

 ❯ tests/timeline/fromStock.test.ts:511:50
            </failure>
        </testcase>
        <testcase classname="tests/timeline/fromStock.test.ts" name="what gets reported &gt; folds an exact cover into one note with its count" time="0.001263781">
            <failure message="expected [] to have a length of 1 but got +0" type="AssertionError">
AssertionError: expected [] to have a length of 1 but got +0

- Expected
+ Received

- 1
+ 0

 ❯ tests/timeline/fromStock.test.ts:523:19
            </failure>
        </testcase>
        <testcase classname="tests/timeline/fromStock.test.ts" name="what gets reported &gt; warns when only the band matches, once per pair" time="0.000736433">
            <failure message="expected [] to have a length of 2 but got +0" type="AssertionError">
AssertionError: expected [] to have a length of 2 but got +0

- Expected
+ Received

- 2
+ 0

 ❯ tests/timeline/fromStock.test.ts:537:22
            </failure>
        </testcase>
        <testcase classname="tests/timeline/fromStock.test.ts" name="what gets reported &gt; errors once per effect nothing could cover" time="0.000923968">
            <failure message="expected [] to have a length of 2 but got +0" type="AssertionError">
AssertionError: expected [] to have a length of 2 but got +0

- Expected
+ Received

- 2
+ 0

 ❯ tests/timeline/fromStock.test.ts:556:20
            </failure>
        </testcase>
        <testcase classname="tests/timeline/fromStock.test.ts" name="what gets reported &gt; reports nothing about stock when every cue drew its own" time="0.000666762">
            <failure message="expected undefined to be &apos;vn1&apos; // Object.is equality" type="AssertionError">
AssertionError: expected undefined to be &apos;vn1&apos; // Object.is equality

- Expected: 
&quot;vn1&quot;

+ Received: 
undefined

 ❯ tests/timeline/fromStock.test.ts:570:44
            </failure>
        </testcase>
        <testcase classname="tests/timeline/fromStock.test.ts" name="the cue sheet &gt; adds the lot beside the note once the show was drawn" time="0.002184524">
            <failure message="expected &apos;cue      fire     break  pin    posit…&apos; to contain &apos;lot&apos;" type="AssertionError">
AssertionError: expected &apos;cue      fire     break  pin    posit…&apos; to contain &apos;lot&apos;

Expected: &quot;lot&quot;
Received: &quot;cue      fire     break  pin    position  effect    note&quot;

 ❯ tests/timeline/fromStock.test.ts:585:20
            </failure>
        </testcase>
        <testcase classname="tests/timeline/fromStock.test.ts" name="the cue sheet &gt; has no lot column for a show that was never drawn" time="0.001341248">
            <failure message="expected &apos;cue      fire     break  pin    posit…&apos; to contain &apos;lot&apos;" type="AssertionError">
AssertionError: expected &apos;cue      fire     break  pin    posit…&apos; to contain &apos;lot&apos;

Expected: &quot;lot&quot;
Received: &quot;cue      fire     break  pin    position  effect    note&quot;

 ❯ tests/timeline/fromStock.test.ts:596:34
            </failure>
        </testcase>
    </testsuite>
</testsuites>

