+ vitest -> /verify/reports/base.xml (92 files)
+ suite exit 0
+ raw junit stream (351134 bytes) for /verify/reports/base.xml:
<?xml version="1.0" encoding="UTF-8" ?>
<testsuites name="vitest tests" tests="2117" failures="0" errors="0" time="11.322">
    <testsuite name="tests/compile.test.ts" timestamp="2026-09-04T04:07:00.450Z" hostname="cb8347729b47" tests="30" failures="0" errors="0" skipped="0" time="0.028890949">
        <testcase classname="tests/compile.test.ts" name="a clean script &gt; compiles to a schedule" time="0.001789537">
        </testcase>
        <testcase classname="tests/compile.test.ts" name="a clean script &gt; raises nothing" time="0.000456344">
        </testcase>
        <testcase classname="tests/compile.test.ts" name="a clean script &gt; keeps the parsed script" time="0.000202002">
        </testcase>
        <testcase classname="tests/compile.test.ts" name="frame rate and seed &gt; takes the rate the script names over the caller&apos;s" time="0.000572844">
        </testcase>
        <testcase classname="tests/compile.test.ts" name="frame rate and seed &gt; falls back to the caller&apos;s rate" time="0.000349721">
        </testcase>
        <testcase classname="tests/compile.test.ts" name="frame rate and seed &gt; defaults to twenty five" time="0.000416199">
        </testcase>
        <testcase classname="tests/compile.test.ts" name="frame rate and seed &gt; uses the script&apos;s seed for jitter" time="0.002810279">
        </testcase>
        <testcase classname="tests/compile.test.ts" name="frame rate and seed &gt; falls back to the show name as a seed" time="0.001055717">
        </testcase>
        <testcase classname="tests/compile.test.ts" name="stopping and carrying on &gt; stops at a parse error rather than reporting an empty show" time="0.000829579">
        </testcase>
        <testcase classname="tests/compile.test.ts" name="stopping and carrying on &gt; carries on past an unresolved name" time="0.001269463">
        </testcase>
        <testcase classname="tests/compile.test.ts" name="stopping and carrying on &gt; still runs the load check on what did resolve" time="0.001216782">
        </testcase>
        <testcase classname="tests/compile.test.ts" name="pre roll &gt; reports the pre roll a big opener needs" time="0.000386191">
        </testcase>
        <testcase classname="tests/compile.test.ts" name="pre roll &gt; can absorb it so nothing fires before zero" time="0.000498954">
        </testcase>
        <testcase classname="tests/compile.test.ts" name="optional checks &gt; runs the safety check only when a site is given" time="0.001698645">
        </testcase>
        <testcase classname="tests/compile.test.ts" name="optional checks &gt; folds a safety failure into the verdict" time="0.000883762">
        </testcase>
        <testcase classname="tests/compile.test.ts" name="optional checks &gt; applies a density cap when one is given" time="0.000635002">
        </testcase>
        <testcase classname="tests/compile.test.ts" name="optional checks &gt; warns about a lull only past the threshold given" time="0.000533079">
        </testcase>
        <testcase classname="tests/compile.test.ts" name="summariseCompile &gt; says ready with the counts" time="0.000492653">
        </testcase>
        <testcase classname="tests/compile.test.ts" name="summariseCompile &gt; says not ready when something failed" time="0.000259021">
        </testcase>
        <testcase classname="tests/compile.test.ts" name="assignments &gt; come back with the result" time="0.00053849">
        </testcase>
        <testcase classname="tests/compile.test.ts" name="assignments &gt; match the schedule cue for cue" time="0.000484798">
        </testcase>
        <testcase classname="tests/compile.test.ts" name="assignments &gt; carry the shot, which the schedule has thrown away" time="0.000569848">
        </testcase>
        <testcase classname="tests/compile.test.ts" name="assignments &gt; are empty when the script does not parse" time="0.000184961">
        </testcase>
        <testcase classname="tests/compile.test.ts" name="assignments &gt; are empty for an empty show" time="0.000218614">
        </testcase>
        <testcase classname="tests/compile.test.ts" name="the advisory checks &gt; stay quiet unless asked for" time="0.001422291">
        </testcase>
        <testcase classname="tests/compile.test.ts" name="the advisory checks &gt; suggest a chain when asked" time="0.002515961">
        </testcase>
        <testcase classname="tests/compile.test.ts" name="the advisory checks &gt; note a palette leaning on one family" time="0.000833658">
        </testcase>
        <testcase classname="tests/compile.test.ts" name="the advisory checks &gt; take their own limits" time="0.00125731">
        </testcase>
        <testcase classname="tests/compile.test.ts" name="the advisory checks &gt; never turn a clean show into a failing one" time="0.001719114">
        </testcase>
        <testcase classname="tests/compile.test.ts" name="the advisory checks &gt; say nothing at all about an empty show" time="0.000310557">
        </testcase>
    </testsuite>
    <testsuite name="tests/coverage.test.ts" timestamp="2026-09-04T04:07:00.454Z" hostname="cb8347729b47" tests="38" failures="0" errors="0" skipped="0" time="0.039773917">
        <testcase classname="tests/coverage.test.ts" name="the parser&apos;s less travelled paths &gt; refuses a name with a bad character in a header" time="0.002903595">
        </testcase>
        <testcase classname="tests/coverage.test.ts" name="the parser&apos;s less travelled paths &gt; refuses a group name that is not usable" time="0.000486001">
        </testcase>
        <testcase classname="tests/coverage.test.ts" name="the parser&apos;s less travelled paths &gt; refuses a group with no name at all" time="0.000349012">
        </testcase>
        <testcase classname="tests/coverage.test.ts" name="the parser&apos;s less travelled paths &gt; refuses a label that is neither a word nor a string" time="0.000959446">
        </testcase>
        <testcase classname="tests/coverage.test.ts" name="the parser&apos;s less travelled paths &gt; refuses a height that is not a number" time="0.00058645">
        </testcase>
        <testcase classname="tests/coverage.test.ts" name="the parser&apos;s less travelled paths &gt; refuses a negative height" time="0.000350894">
        </testcase>
        <testcase classname="tests/coverage.test.ts" name="the parser&apos;s less travelled paths &gt; refuses a jitter that is not a time" time="0.000428541">
        </testcase>
        <testcase classname="tests/coverage.test.ts" name="the parser&apos;s less travelled paths &gt; refuses a pass count that is not a whole number" time="0.000779024">
        </testcase>
        <testcase classname="tests/coverage.test.ts" name="the parser&apos;s less travelled paths &gt; refuses an unusable position name in a chase" time="0.000466533">
        </testcase>
        <testcase classname="tests/coverage.test.ts" name="the parser&apos;s less travelled paths &gt; reads a bare word as a group name in a play" time="0.000476573">
        </testcase>
        <testcase classname="tests/coverage.test.ts" name="the lexer&apos;s corners &gt; reads a word that starts with an underscore" time="0.000170563">
        </testcase>
        <testcase classname="tests/coverage.test.ts" name="the lexer&apos;s corners &gt; reads a number with no fraction after a colon" time="0.000151166">
        </testcase>
        <testcase classname="tests/coverage.test.ts" name="the lexer&apos;s corners &gt; does not read a minus on its own as a number" time="0.00016373">
        </testcase>
        <testcase classname="tests/coverage.test.ts" name="the rig sheet&apos;s corners &gt; refuses a position with an unusable name" time="0.000724471">
        </testcase>
        <testcase classname="tests/coverage.test.ts" name="the rig sheet&apos;s corners &gt; refuses a module with no model at all" time="0.000293956">
        </testcase>
        <testcase classname="tests/coverage.test.ts" name="the rig sheet&apos;s corners &gt; refuses a voltage that is not a number" time="0.000371132">
        </testcase>
        <testcase classname="tests/coverage.test.ts" name="the rig sheet&apos;s corners &gt; takes a note on a module and a position at once" time="0.000298296">
        </testcase>
        <testcase classname="tests/coverage.test.ts" name="the catalog reader&apos;s corners &gt; takes a maker on every kind" time="0.001634453">
        </testcase>
        <testcase classname="tests/coverage.test.ts" name="the catalog reader&apos;s corners &gt; falls back to the id when a row has no name" time="0.000340534">
        </testcase>
        <testcase classname="tests/coverage.test.ts" name="the small graph cases &gt; reverses a graph with no edges" time="0.000346145">
        </testcase>
        <testcase classname="tests/coverage.test.ts" name="the small graph cases &gt; reaches nothing from a node with no edges" time="0.000277926">
        </testcase>
        <testcase classname="tests/coverage.test.ts" name="the site plan corners &gt; draws a rig whose positions all sit at one point" time="0.00188025">
        </testcase>
        <testcase classname="tests/coverage.test.ts" name="the site plan corners &gt; draws a boundary that runs off the frame" time="0.000763895">
        </testcase>
        <testcase classname="tests/coverage.test.ts" name="the safety corners &gt; skips a cue whose position is not in the rig" time="0.002491556">
        </testcase>
        <testcase classname="tests/coverage.test.ts" name="the expander&apos;s corners &gt; expands a chase whose position list is walked past its end" time="0.003582981">
        </testcase>
        <testcase classname="tests/coverage.test.ts" name="the expander&apos;s corners &gt; keeps a fan with jitter of zero exactly on its spread" time="0.000872452">
        </testcase>
        <testcase classname="tests/coverage.test.ts" name="balance with nothing to balance &gt; reports no shares and no lean for an empty show" time="0.001081737">
        </testcase>
        <testcase classname="tests/coverage.test.ts" name="substitution corners &gt; finds nothing in a catalog of one" time="0.000463908">
        </testcase>
        <testcase classname="tests/coverage.test.ts" name="substitution corners &gt; matches two ground pieces, which have no calibre at all" time="0.000438089">
        </testcase>
        <testcase classname="tests/coverage.test.ts" name="the parser&apos;s later failure points &gt; refuses an unusable position after from in a ripple" time="0.000355693">
        </testcase>
        <testcase classname="tests/coverage.test.ts" name="the parser&apos;s later failure points &gt; refuses an unusable position after from in a fan" time="0.000585289">
        </testcase>
        <testcase classname="tests/coverage.test.ts" name="the parser&apos;s later failure points &gt; refuses a ripple interval that is not a time" time="0.00053963">
        </testcase>
        <testcase classname="tests/coverage.test.ts" name="the parser&apos;s later failure points &gt; refuses a fan spread that is not a time" time="0.000342428">
        </testcase>
        <testcase classname="tests/coverage.test.ts" name="the parser&apos;s later failure points &gt; refuses a chase interval that is not a time" time="0.000516056">
        </testcase>
        <testcase classname="tests/coverage.test.ts" name="the parser&apos;s later failure points &gt; refuses a chase effect that is not a usable name" time="0.000390759">
        </testcase>
        <testcase classname="tests/coverage.test.ts" name="the shared show flags &gt; reads every frame rate the flag offers" time="0.007535893">
        </testcase>
        <testcase classname="tests/coverage.test.ts" name="the shared show flags &gt; takes a wind bearing as well as a speed" time="0.001193549">
        </testcase>
        <testcase classname="tests/coverage.test.ts" name="the shared show flags &gt; runs with no catalog and no rig at all" time="0.000593513">
        </testcase>
    </testsuite>
    <testsuite name="tests/endToEnd.test.ts" timestamp="2026-09-04T04:07:00.458Z" hostname="cb8347729b47" tests="31" failures="0" errors="0" skipped="0" time="0.175579416">
        <testcase classname="tests/endToEnd.test.ts" name="every command against the worked example &gt; annotate does its job" time="0.023954607">
        </testcase>
        <testcase classname="tests/endToEnd.test.ts" name="every command against the worked example &gt; check does its job" time="0.007548497">
        </testcase>
        <testcase classname="tests/endToEnd.test.ts" name="every command against the worked example &gt; codes does its job" time="0.001064204">
        </testcase>
        <testcase classname="tests/endToEnd.test.ts" name="every command against the worked example &gt; completion does its job" time="0.000885256">
        </testcase>
        <testcase classname="tests/endToEnd.test.ts" name="every command against the worked example &gt; continuity does its job" time="0.005629063">
        </testcase>
        <testcase classname="tests/endToEnd.test.ts" name="every command against the worked example &gt; crowd does its job" time="0.001153013">
        </testcase>
        <testcase classname="tests/endToEnd.test.ts" name="every command against the worked example &gt; diff does its job" time="0.010930236">
        </testcase>
        <testcase classname="tests/endToEnd.test.ts" name="every command against the worked example &gt; distance does its job" time="0.001131141">
        </testcase>
        <testcase classname="tests/endToEnd.test.ts" name="every command against the worked example &gt; double does its job" time="0.005122906">
        </testcase>
        <testcase classname="tests/endToEnd.test.ts" name="every command against the worked example &gt; explain does its job" time="0.007072265">
        </testcase>
        <testcase classname="tests/endToEnd.test.ts" name="every command against the worked example &gt; fmt does its job" time="0.001929703">
        </testcase>
        <testcase classname="tests/endToEnd.test.ts" name="every command against the worked example &gt; hazard does its job" time="0.003558535">
        </testcase>
        <testcase classname="tests/endToEnd.test.ts" name="every command against the worked example &gt; inventory does its job" time="0.008347288">
        </testcase>
        <testcase classname="tests/endToEnd.test.ts" name="every command against the worked example &gt; label does its job" time="0.001827769">
        </testcase>
        <testcase classname="tests/endToEnd.test.ts" name="every command against the worked example &gt; layout does its job" time="0.012059023">
        </testcase>
        <testcase classname="tests/endToEnd.test.ts" name="every command against the worked example &gt; lint does its job" time="0.001686963">
        </testcase>
        <testcase classname="tests/endToEnd.test.ts" name="every command against the worked example &gt; pack does its job" time="0.006984549">
        </testcase>
        <testcase classname="tests/endToEnd.test.ts" name="every command against the worked example &gt; permit does its job" time="0.009885851">
        </testcase>
        <testcase classname="tests/endToEnd.test.ts" name="every command against the worked example &gt; plan does its job" time="0.003713989">
        </testcase>
        <testcase classname="tests/endToEnd.test.ts" name="every command against the worked example &gt; preview does its job" time="0.004377806">
        </testcase>
        <testcase classname="tests/endToEnd.test.ts" name="every command against the worked example &gt; rehearse does its job" time="0.002617924">
        </testcase>
        <testcase classname="tests/endToEnd.test.ts" name="every command against the worked example &gt; sheet does its job" time="0.003108012">
        </testcase>
        <testcase classname="tests/endToEnd.test.ts" name="every command against the worked example &gt; table does its job" time="0.002385595">
        </testcase>
        <testcase classname="tests/endToEnd.test.ts" name="every command against the worked example &gt; version does its job" time="0.000468947">
        </testcase>
        <testcase classname="tests/endToEnd.test.ts" name="every command against the worked example &gt; covers every command the registry holds" time="0.00248919">
        </testcase>
        <testcase classname="tests/endToEnd.test.ts" name="every command against the worked example &gt; has a run for nothing that is not a command" time="0.000634611">
        </testcase>
        <testcase classname="tests/endToEnd.test.ts" name="the commands agree with each other &gt; counts the same cues in check, table and pack" time="0.009888646">
        </testcase>
        <testcase classname="tests/endToEnd.test.ts" name="the commands agree with each other &gt; puts the same first ignition in the sheet and the table" time="0.009757216">
        </testcase>
        <testcase classname="tests/endToEnd.test.ts" name="the commands agree with each other &gt; gives the same verdict on a tight field from check and permit" time="0.017078854">
        </testcase>
        <testcase classname="tests/endToEnd.test.ts" name="every command refuses nonsense the same way &gt; refuses an unknown flag with the usage code" time="0.0031967">
        </testcase>
        <testcase classname="tests/endToEnd.test.ts" name="every command refuses nonsense the same way &gt; prints a help screen for every command" time="0.003060172">
        </testcase>
    </testsuite>
    <testsuite name="tests/examples.test.ts" timestamp="2026-09-04T04:07:00.461Z" hostname="cb8347729b47" tests="17" failures="0" errors="0" skipped="0" time="0.11124807">
        <testcase classname="tests/examples.test.ts" name="the worked example &gt; has a catalog that loads without complaint" time="0.001319348">
        </testcase>
        <testcase classname="tests/examples.test.ts" name="the worked example &gt; has a catalog that passes its own validation" time="0.001282918">
        </testcase>
        <testcase classname="tests/examples.test.ts" name="the worked example &gt; has a rig that loads without complaint" time="0.000316649">
        </testcase>
        <testcase classname="tests/examples.test.ts" name="the worked example &gt; loads across both script files" time="0.004201011">
        </testcase>
        <testcase classname="tests/examples.test.ts" name="the worked example &gt; lints clean apart from notes" time="0.004953406">
        </testcase>
        <testcase classname="tests/examples.test.ts" name="the worked example &gt; compiles the whole show cleanly across both files" time="0.014522226">
        </testcase>
        <testcase classname="tests/examples.test.ts" name="the worked example &gt; does not reach the finale without the include" time="0.004725774">
        </testcase>
        <testcase classname="tests/examples.test.ts" name="the example through the command line &gt; passes check" time="0.010457903">
        </testcase>
        <testcase classname="tests/examples.test.ts" name="the example through the command line &gt; has the shots a four minute show should" time="0.01027659">
        </testcase>
        <testcase classname="tests/examples.test.ts" name="the example through the command line &gt; writes a firing table every row of which has an address" time="0.014204935">
        </testcase>
        <testcase classname="tests/examples.test.ts" name="the example through the command line &gt; clears the separation rule on a two hundred metre field" time="0.011700194">
        </testcase>
        <testcase classname="tests/examples.test.ts" name="the example through the command line &gt; does not clear it on a fifty metre field" time="0.005429024">
        </testcase>
        <testcase classname="tests/examples.test.ts" name="the example through the command line &gt; previews without complaint" time="0.005748129">
        </testcase>
        <testcase classname="tests/examples.test.ts" name="the example through the command line &gt; lays out the racks" time="0.005658049">
        </testcase>
        <testcase classname="tests/examples.test.ts" name="the example through the command line &gt; reports its hazard totals" time="0.007351534">
        </testcase>
        <testcase classname="tests/examples.test.ts" name="the example through the command line &gt; compiles to the same table twice" time="0.005177589">
        </testcase>
        <testcase classname="tests/examples.test.ts" name="the example through the command line &gt; needs a pre roll for its opening shell" time="0.002012678">
        </testcase>
    </testsuite>
    <testsuite name="tests/large.test.ts" timestamp="2026-09-04T04:07:00.463Z" hostname="cb8347729b47" tests="11" failures="0" errors="0" skipped="0" time="0.340577689">
        <testcase classname="tests/large.test.ts" name="a very large show &gt; compiles without errors" time="0.001422282">
        </testcase>
        <testcase classname="tests/large.test.ts" name="a very large show &gt; holds the shots it was asked for" time="0.000523862">
        </testcase>
        <testcase classname="tests/large.test.ts" name="a very large show &gt; gives every cue a distinct pin" time="0.00080787">
        </testcase>
        <testcase classname="tests/large.test.ts" name="a very large show &gt; puts every ignition on a frame boundary" time="0.010503709">
        </testcase>
        <testcase classname="tests/large.test.ts" name="a very large show &gt; orders the schedule by ignition" time="0.051899544">
        </testcase>
        <testcase classname="tests/large.test.ts" name="a very large show &gt; compiles the same show twice to the same table" time="0.085143343">
        </testcase>
        <testcase classname="tests/large.test.ts" name="a very large show &gt; writes a firing table with a row per cue" time="0.010134812">
        </testcase>
        <testcase classname="tests/large.test.ts" name="a very large show &gt; writes a cue sheet and a wiring sheet" time="0.031828629">
        </testcase>
        <testcase classname="tests/large.test.ts" name="a very large show &gt; reports density and load without falling over" time="0.016703523">
        </testcase>
        <testcase classname="tests/large.test.ts" name="a very large show &gt; finds chains worth cutting fuse for" time="0.019254712">
        </testcase>
        <testcase classname="tests/large.test.ts" name="it does not go quadratic &gt; grows roughly with the show rather than with its square" time="0.1103819">
        </testcase>
    </testsuite>
    <testsuite name="tests/robust.test.ts" timestamp="2026-09-04T04:07:00.464Z" hostname="cb8347729b47" tests="137" failures="0" errors="0" skipped="0" time="0.26522446">
        <testcase classname="tests/robust.test.ts" name="the script reader never throws &gt; survives input 0" time="0.003252165">
        </testcase>
        <testcase classname="tests/robust.test.ts" name="the script reader never throws &gt; survives input 1" time="0.000436827">
        </testcase>
        <testcase classname="tests/robust.test.ts" name="the script reader never throws &gt; survives input 2" time="0.0003585">
        </testcase>
        <testcase classname="tests/robust.test.ts" name="the script reader never throws &gt; survives input 3" time="0.000386582">
        </testcase>
        <testcase classname="tests/robust.test.ts" name="the script reader never throws &gt; survives input 4" time="0.000374479">
        </testcase>
        <testcase classname="tests/robust.test.ts" name="the script reader never throws &gt; survives input 5" time="0.000367054">
        </testcase>
        <testcase classname="tests/robust.test.ts" name="the script reader never throws &gt; survives input 6" time="0.000384168">
        </testcase>
        <testcase classname="tests/robust.test.ts" name="the script reader never throws &gt; survives input 7" time="0.000326308">
        </testcase>
        <testcase classname="tests/robust.test.ts" name="the script reader never throws &gt; survives input 8" time="0.000767993">
        </testcase>
        <testcase classname="tests/robust.test.ts" name="the script reader never throws &gt; survives input 9" time="0.000395819">
        </testcase>
        <testcase classname="tests/robust.test.ts" name="the script reader never throws &gt; survives input 10" time="0.000608552">
        </testcase>
        <testcase classname="tests/robust.test.ts" name="the script reader never throws &gt; survives input 11" time="0.000495768">
        </testcase>
        <testcase classname="tests/robust.test.ts" name="the script reader never throws &gt; survives input 12" time="0.00050157">
        </testcase>
        <testcase classname="tests/robust.test.ts" name="the script reader never throws &gt; survives input 13" time="0.000501529">
        </testcase>
        <testcase classname="tests/robust.test.ts" name="the script reader never throws &gt; survives input 14" time="0.000309797">
        </testcase>
        <testcase classname="tests/robust.test.ts" name="the script reader never throws &gt; survives input 15" time="0.000498443">
        </testcase>
        <testcase classname="tests/robust.test.ts" name="the script reader never throws &gt; survives input 16" time="0.000595257">
        </testcase>
        <testcase classname="tests/robust.test.ts" name="the script reader never throws &gt; survives input 17" time="0.000351785">
        </testcase>
        <testcase classname="tests/robust.test.ts" name="the script reader never throws &gt; survives input 18" time="0.000295919">
        </testcase>
        <testcase classname="tests/robust.test.ts" name="the script reader never throws &gt; survives input 19" time="0.000285401">
        </testcase>
        <testcase classname="tests/robust.test.ts" name="the script reader never throws &gt; survives input 20" time="0.000337318">
        </testcase>
        <testcase classname="tests/robust.test.ts" name="the script reader never throws &gt; survives input 21" time="0.000308755">
        </testcase>
        <testcase classname="tests/robust.test.ts" name="the script reader never throws &gt; survives input 22" time="0.000297954">
        </testcase>
        <testcase classname="tests/robust.test.ts" name="the script reader never throws &gt; survives input 23" time="0.000474037">
        </testcase>
        <testcase classname="tests/robust.test.ts" name="the script reader never throws &gt; survives input 24" time="0.000195541">
        </testcase>
        <testcase classname="tests/robust.test.ts" name="the script reader never throws &gt; survives input 25" time="0.000213023">
        </testcase>
        <testcase classname="tests/robust.test.ts" name="the script reader never throws &gt; survives input 26" time="0.00016914">
        </testcase>
        <testcase classname="tests/robust.test.ts" name="the script reader never throws &gt; survives input 27" time="0.000197935">
        </testcase>
        <testcase classname="tests/robust.test.ts" name="the script reader never throws &gt; survives input 28" time="0.000166215">
        </testcase>
        <testcase classname="tests/robust.test.ts" name="the script reader never throws &gt; survives input 29" time="0.000172266">
        </testcase>
        <testcase classname="tests/robust.test.ts" name="the script reader never throws &gt; survives input 30" time="0.000138002">
        </testcase>
        <testcase classname="tests/robust.test.ts" name="the script reader never throws &gt; survives input 31" time="0.000325215">
        </testcase>
        <testcase classname="tests/robust.test.ts" name="the script reader never throws &gt; survives input 32" time="0.000205498">
        </testcase>
        <testcase classname="tests/robust.test.ts" name="the script reader never throws &gt; survives input 33" time="0.000145064">
        </testcase>
        <testcase classname="tests/robust.test.ts" name="the script reader never throws &gt; survives input 34" time="0.000153921">
        </testcase>
        <testcase classname="tests/robust.test.ts" name="the script reader never throws &gt; survives input 35" time="0.000254912">
        </testcase>
        <testcase classname="tests/robust.test.ts" name="the script reader never throws &gt; survives input 36" time="0.000133644">
        </testcase>
        <testcase classname="tests/robust.test.ts" name="the script reader never throws &gt; survives input 37" time="0.000152969">
        </testcase>
        <testcase classname="tests/robust.test.ts" name="the script reader never throws &gt; survives input 38" time="0.00018492">
        </testcase>
        <testcase classname="tests/robust.test.ts" name="the script reader never throws &gt; survives input 39" time="0.000145085">
        </testcase>
        <testcase classname="tests/robust.test.ts" name="the script reader never throws &gt; survives input 40" time="0.000183927">
        </testcase>
        <testcase classname="tests/robust.test.ts" name="the script reader never throws &gt; survives input 41" time="0.000678173">
        </testcase>
        <testcase classname="tests/robust.test.ts" name="the script reader never throws &gt; survives input 42" time="0.001864337">
        </testcase>
        <testcase classname="tests/robust.test.ts" name="the script reader never throws &gt; survives input 43" time="0.00423227">
        </testcase>
        <testcase classname="tests/robust.test.ts" name="the script reader never throws &gt; always reports something for input it cannot use" time="0.000419433">
        </testcase>
        <testcase classname="tests/robust.test.ts" name="the script reader never throws &gt; never invents a statement it did not read" time="0.009354495">
        </testcase>
        <testcase classname="tests/robust.test.ts" name="the guards on a file that is not a script &gt; refuses a file far too large to be a show" time="0.015727497">
        </testcase>
        <testcase classname="tests/robust.test.ts" name="the guards on a file that is not a script &gt; accepts a file just inside the limit" time="0.000202223">
        </testcase>
        <testcase classname="tests/robust.test.ts" name="the guards on a file that is not a script &gt; refuses a line far too long to be a cue" time="0.001568358">
        </testcase>
        <testcase classname="tests/robust.test.ts" name="the guards on a file that is not a script &gt; keeps reading the lines after a line that is too long" time="0.000908149">
        </testcase>
        <testcase classname="tests/robust.test.ts" name="the whole compiler never throws &gt; compiles input 0 without falling over" time="0.002260709">
        </testcase>
        <testcase classname="tests/robust.test.ts" name="the whole compiler never throws &gt; compiles input 1 without falling over" time="0.000241357">
        </testcase>
        <testcase classname="tests/robust.test.ts" name="the whole compiler never throws &gt; compiles input 2 without falling over" time="0.000178127">
        </testcase>
        <testcase classname="tests/robust.test.ts" name="the whole compiler never throws &gt; compiles input 3 without falling over" time="0.000191752">
        </testcase>
        <testcase classname="tests/robust.test.ts" name="the whole compiler never throws &gt; compiles input 4 without falling over" time="0.000210057">
        </testcase>
        <testcase classname="tests/robust.test.ts" name="the whole compiler never throws &gt; compiles input 5 without falling over" time="0.000211952">
        </testcase>
        <testcase classname="tests/robust.test.ts" name="the whole compiler never throws &gt; compiles input 6 without falling over" time="0.000209267">
        </testcase>
        <testcase classname="tests/robust.test.ts" name="the whole compiler never throws &gt; compiles input 7 without falling over" time="0.000190551">
        </testcase>
        <testcase classname="tests/robust.test.ts" name="the whole compiler never throws &gt; compiles input 8 without falling over" time="0.000363006">
        </testcase>
        <testcase classname="tests/robust.test.ts" name="the whole compiler never throws &gt; compiles input 9 without falling over" time="0.000192845">
        </testcase>
        <testcase classname="tests/robust.test.ts" name="the whole compiler never throws &gt; compiles input 10 without falling over" time="0.000181054">
        </testcase>
        <testcase classname="tests/robust.test.ts" name="the whole compiler never throws &gt; compiles input 11 without falling over" time="0.000905324">
        </testcase>
        <testcase classname="tests/robust.test.ts" name="the whole compiler never throws &gt; compiles input 12 without falling over" time="0.000183928">
        </testcase>
        <testcase classname="tests/robust.test.ts" name="the whole compiler never throws &gt; compiles input 13 without falling over" time="0.000138714">
        </testcase>
        <testcase classname="tests/robust.test.ts" name="the whole compiler never throws &gt; compiles input 14 without falling over" time="0.00013273">
        </testcase>
        <testcase classname="tests/robust.test.ts" name="the whole compiler never throws &gt; compiles input 15 without falling over" time="0.000196301">
        </testcase>
        <testcase classname="tests/robust.test.ts" name="the whole compiler never throws &gt; compiles input 16 without falling over" time="0.000144684">
        </testcase>
        <testcase classname="tests/robust.test.ts" name="the whole compiler never throws &gt; compiles input 17 without falling over" time="0.000125357">
        </testcase>
        <testcase classname="tests/robust.test.ts" name="the whole compiler never throws &gt; compiles input 18 without falling over" time="0.000150114">
        </testcase>
        <testcase classname="tests/robust.test.ts" name="the whole compiler never throws &gt; compiles input 19 without falling over" time="0.000136239">
        </testcase>
        <testcase classname="tests/robust.test.ts" name="the whole compiler never throws &gt; compiles input 20 without falling over" time="0.000132681">
        </testcase>
        <testcase classname="tests/robust.test.ts" name="the whole compiler never throws &gt; compiles input 21 without falling over" time="0.000133723">
        </testcase>
        <testcase classname="tests/robust.test.ts" name="the whole compiler never throws &gt; compiles input 22 without falling over" time="0.000182645">
        </testcase>
        <testcase classname="tests/robust.test.ts" name="the whole compiler never throws &gt; compiles input 23 without falling over" time="0.000118334">
        </testcase>
        <testcase classname="tests/robust.test.ts" name="the whole compiler never throws &gt; compiles input 24 without falling over" time="0.000128192">
        </testcase>
        <testcase classname="tests/robust.test.ts" name="the whole compiler never throws &gt; compiles input 25 without falling over" time="0.000168999">
        </testcase>
        <testcase classname="tests/robust.test.ts" name="the whole compiler never throws &gt; compiles input 26 without falling over" time="0.000124084">
        </testcase>
        <testcase classname="tests/robust.test.ts" name="the whole compiler never throws &gt; compiles input 27 without falling over" time="0.000172036">
        </testcase>
        <testcase classname="tests/robust.test.ts" name="the whole compiler never throws &gt; compiles input 28 without falling over" time="0.000284558">
        </testcase>
        <testcase classname="tests/robust.test.ts" name="the whole compiler never throws &gt; compiles input 29 without falling over" time="0.000119827">
        </testcase>
        <testcase classname="tests/robust.test.ts" name="the whole compiler never throws &gt; compiles input 30 without falling over" time="0.000145256">
        </testcase>
        <testcase classname="tests/robust.test.ts" name="the whole compiler never throws &gt; compiles input 31 without falling over" time="0.000173859">
        </testcase>
        <testcase classname="tests/robust.test.ts" name="the whole compiler never throws &gt; compiles input 32 without falling over" time="0.000144875">
        </testcase>
        <testcase classname="tests/robust.test.ts" name="the whole compiler never throws &gt; compiles input 33 without falling over" time="0.000138291">
        </testcase>
        <testcase classname="tests/robust.test.ts" name="the whole compiler never throws &gt; compiles input 34 without falling over" time="0.000150655">
        </testcase>
        <testcase classname="tests/robust.test.ts" name="the whole compiler never throws &gt; compiles input 35 without falling over" time="0.000117413">
        </testcase>
        <testcase classname="tests/robust.test.ts" name="the whole compiler never throws &gt; compiles input 36 without falling over" time="0.000112413">
        </testcase>
        <testcase classname="tests/robust.test.ts" name="the whole compiler never throws &gt; compiles input 37 without falling over" time="0.000134744">
        </testcase>
        <testcase classname="tests/robust.test.ts" name="the whole compiler never throws &gt; compiles input 38 without falling over" time="0.000130046">
        </testcase>
        <testcase classname="tests/robust.test.ts" name="the whole compiler never throws &gt; compiles input 39 without falling over" time="0.000132951">
        </testcase>
        <testcase classname="tests/robust.test.ts" name="the whole compiler never throws &gt; compiles input 40 without falling over" time="0.000143801">
        </testcase>
        <testcase classname="tests/robust.test.ts" name="the whole compiler never throws &gt; compiles input 41 without falling over" time="0.000296422">
        </testcase>
        <testcase classname="tests/robust.test.ts" name="the whole compiler never throws &gt; compiles input 42 without falling over" time="0.000557374">
        </testcase>
        <testcase classname="tests/robust.test.ts" name="the whole compiler never throws &gt; compiles input 43 without falling over" time="0.026535482">
        </testcase>
        <testcase classname="tests/robust.test.ts" name="the whole compiler never throws &gt; gives an empty schedule rather than a broken one" time="0.004060465">
        </testcase>
        <testcase classname="tests/robust.test.ts" name="the file readers never throw &gt; reads catalog 0" time="0.000460763">
        </testcase>
        <testcase classname="tests/robust.test.ts" name="the file readers never throw &gt; reads magazine 0" time="0.000329082">
        </testcase>
        <testcase classname="tests/robust.test.ts" name="the file readers never throw &gt; reads continuity 0" time="0.000303644">
        </testcase>
        <testcase classname="tests/robust.test.ts" name="the file readers never throw &gt; reads rig 0" time="0.000508663">
        </testcase>
        <testcase classname="tests/robust.test.ts" name="the file readers never throw &gt; reads catalog 1" time="0.000192555">
        </testcase>
        <testcase classname="tests/robust.test.ts" name="the file readers never throw &gt; reads magazine 1" time="0.000110619">
        </testcase>
        <testcase classname="tests/robust.test.ts" name="the file readers never throw &gt; reads continuity 1" time="0.000115178">
        </testcase>
        <testcase classname="tests/robust.test.ts" name="the file readers never throw &gt; reads rig 1" time="0.000147279">
        </testcase>
        <testcase classname="tests/robust.test.ts" name="the file readers never throw &gt; reads catalog 2" time="0.000107464">
        </testcase>
        <testcase classname="tests/robust.test.ts" name="the file readers never throw &gt; reads magazine 2" time="0.000102793">
        </testcase>
        <testcase classname="tests/robust.test.ts" name="the file readers never throw &gt; reads continuity 2" time="0.000193355">
        </testcase>
        <testcase classname="tests/robust.test.ts" name="the file readers never throw &gt; reads rig 2" time="0.000135036">
        </testcase>
        <testcase classname="tests/robust.test.ts" name="the file readers never throw &gt; reads catalog 3" time="0.000398184">
        </testcase>
        <testcase classname="tests/robust.test.ts" name="the file readers never throw &gt; reads magazine 3" time="0.000098806">
        </testcase>
        <testcase classname="tests/robust.test.ts" name="the file readers never throw &gt; reads continuity 3" time="0.000096914">
        </testcase>
        <testcase classname="tests/robust.test.ts" name="the file readers never throw &gt; reads rig 3" time="0.000112694">
        </testcase>
        <testcase classname="tests/robust.test.ts" name="the file readers never throw &gt; reads catalog 4" time="0.000136378">
        </testcase>
        <testcase classname="tests/robust.test.ts" name="the file readers never throw &gt; reads magazine 4" time="0.000120057">
        </testcase>
        <testcase classname="tests/robust.test.ts" name="the file readers never throw &gt; reads continuity 4" time="0.000099499">
        </testcase>
        <testcase classname="tests/robust.test.ts" name="the file readers never throw &gt; reads rig 4" time="0.000269661">
        </testcase>
        <testcase classname="tests/robust.test.ts" name="the file readers never throw &gt; reads catalog 5" time="0.000093778">
        </testcase>
        <testcase classname="tests/robust.test.ts" name="the file readers never throw &gt; reads magazine 5" time="0.000103054">
        </testcase>
        <testcase classname="tests/robust.test.ts" name="the file readers never throw &gt; reads continuity 5" time="0.000098275">
        </testcase>
        <testcase classname="tests/robust.test.ts" name="the file readers never throw &gt; reads rig 5" time="0.000109136">
        </testcase>
        <testcase classname="tests/robust.test.ts" name="the file readers never throw &gt; reads catalog 6" time="0.003617196">
        </testcase>
        <testcase classname="tests/robust.test.ts" name="the file readers never throw &gt; reads magazine 6" time="0.000212472">
        </testcase>
        <testcase classname="tests/robust.test.ts" name="the file readers never throw &gt; reads continuity 6" time="0.000175161">
        </testcase>
        <testcase classname="tests/robust.test.ts" name="the file readers never throw &gt; reads rig 6" time="0.000148832">
        </testcase>
        <testcase classname="tests/robust.test.ts" name="the file readers never throw &gt; reads catalog 7" time="0.000178788">
        </testcase>
        <testcase classname="tests/robust.test.ts" name="the file readers never throw &gt; reads magazine 7" time="0.000131749">
        </testcase>
        <testcase classname="tests/robust.test.ts" name="the file readers never throw &gt; reads continuity 7" time="0.003330513">
        </testcase>
        <testcase classname="tests/robust.test.ts" name="the file readers never throw &gt; reads rig 7" time="0.000161526">
        </testcase>
        <testcase classname="tests/robust.test.ts" name="the file readers never throw &gt; reads catalog 8" time="0.00017437">
        </testcase>
        <testcase classname="tests/robust.test.ts" name="the file readers never throw &gt; reads magazine 8" time="0.000155274">
        </testcase>
        <testcase classname="tests/robust.test.ts" name="the file readers never throw &gt; reads continuity 8" time="0.002986372">
        </testcase>
        <testcase classname="tests/robust.test.ts" name="the file readers never throw &gt; reads rig 8" time="0.00018504">
        </testcase>
        <testcase classname="tests/robust.test.ts" name="the file readers never throw &gt; reads catalog 9" time="0.000146748">
        </testcase>
        <testcase classname="tests/robust.test.ts" name="the file readers never throw &gt; reads magazine 9" time="0.000115478">
        </testcase>
        <testcase classname="tests/robust.test.ts" name="the file readers never throw &gt; reads continuity 9" time="0.000095582">
        </testcase>
        <testcase classname="tests/robust.test.ts" name="the file readers never throw &gt; reads rig 9" time="0.000166105">
        </testcase>
        <testcase classname="tests/robust.test.ts" name="random scripts &gt; survives a thousand random word salads" time="0.092922918">
        </testcase>
        <testcase classname="tests/robust.test.ts" name="random scripts &gt; never produces a schedule with a duplicate pin" time="0.059851116">
        </testcase>
    </testsuite>
    <testsuite name="tests/surface.test.ts" timestamp="2026-09-04T04:07:00.479Z" hostname="cb8347729b47" tests="7" failures="0" errors="0" skipped="0" time="0.006732301">
        <testcase classname="tests/surface.test.ts" name="the public surface &gt; exports the whole pipeline" time="0.002119171">
        </testcase>
        <testcase classname="tests/surface.test.ts" name="the public surface &gt; exports the readers" time="0.000488134">
        </testcase>
        <testcase classname="tests/surface.test.ts" name="the public surface &gt; exports the checks" time="0.000539923">
        </testcase>
        <testcase classname="tests/surface.test.ts" name="the public surface &gt; exports the outputs" time="0.000574006">
        </testcase>
        <testcase classname="tests/surface.test.ts" name="the public surface &gt; exports the command line as a library too" time="0.000405688">
        </testcase>
        <testcase classname="tests/surface.test.ts" name="the public surface &gt; exports a version" time="0.000448749">
        </testcase>
        <testcase classname="tests/surface.test.ts" name="the public surface &gt; exports a good deal without exporting everything twice" time="0.000592372">
        </testcase>
    </testsuite>
    <testsuite name="tests/version.test.ts" timestamp="2026-09-04T04:07:00.480Z" hostname="cb8347729b47" tests="25" failures="0" errors="0" skipped="0" time="0.021874249">
        <testcase classname="tests/version.test.ts" name="the constants &gt; looks like a version" time="0.001774478">
        </testcase>
        <testcase classname="tests/version.test.ts" name="the constants &gt; agrees with the show json version" time="0.000398063">
        </testcase>
        <testcase classname="tests/version.test.ts" name="the constants &gt; names a node floor that matches the package" time="0.000291381">
        </testcase>
        <testcase classname="tests/version.test.ts" name="versionInfo &gt; reports the running node and platform" time="0.001443752">
        </testcase>
        <testcase classname="tests/version.test.ts" name="versionInfo &gt; describes itself over three lines" time="0.001386894">
        </testcase>
        <testcase classname="tests/version.test.ts" name="versionInfo &gt; describes an info it was handed" time="0.000326026">
        </testcase>
        <testcase classname="tests/version.test.ts" name="compareVersions &gt; orders by each part in turn" time="0.001609907">
        </testcase>
        <testcase classname="tests/version.test.ts" name="compareVersions &gt; says equal versions are equal" time="0.000397973">
        </testcase>
        <testcase classname="tests/version.test.ts" name="compareVersions &gt; treats a missing part as zero" time="0.000429662">
        </testcase>
        <testcase classname="tests/version.test.ts" name="compareVersions &gt; falls back to text for something that is not a version" time="0.000278126">
        </testcase>
        <testcase classname="tests/version.test.ts" name="nodeIsSupported &gt; accepts the floor and anything above it" time="0.000381432">
        </testcase>
        <testcase classname="tests/version.test.ts" name="nodeIsSupported &gt; rejects anything below it" time="0.000319253">
        </testcase>
        <testcase classname="tests/version.test.ts" name="nodeIsSupported &gt; accepts the node this is running on" time="0.000583114">
        </testcase>
        <testcase classname="tests/version.test.ts" name="the version command &gt; prints the whole block" time="0.00118894">
        </testcase>
        <testcase classname="tests/version.test.ts" name="the version command &gt; prints the version alone when asked" time="0.000286212">
        </testcase>
        <testcase classname="tests/version.test.ts" name="the version command &gt; says nothing on standard error on a supported node" time="0.000280661">
        </testcase>
        <testcase classname="tests/version.test.ts" name="the version flag &gt; works before any command" time="0.000219084">
        </testcase>
        <testcase classname="tests/version.test.ts" name="the version flag &gt; takes the short form too" time="0.000231759">
        </testcase>
        <testcase classname="tests/version.test.ts" name="the version flag &gt; does not shadow a command called with it later" time="0.000277866">
        </testcase>
        <testcase classname="tests/version.test.ts" name="the version flag &gt; still refuses an unknown short flag inside a command" time="0.000599955">
        </testcase>
        <testcase classname="tests/version.test.ts" name="runMain &gt; passes an ordinary run straight through" time="0.000337729">
        </testcase>
        <testcase classname="tests/version.test.ts" name="runMain &gt; turns a throw into an internal error code" time="0.005115783">
        </testcase>
        <testcase classname="tests/version.test.ts" name="runMain &gt; says what happened and that it is a bug" time="0.000605957">
        </testcase>
        <testcase classname="tests/version.test.ts" name="runMain &gt; keeps the internal code apart from a show problem" time="0.000252227">
        </testcase>
        <testcase classname="tests/version.test.ts" name="runMain &gt; describes something thrown that is not an Error" time="0.00032256">
        </testcase>
    </testsuite>
    <testsuite name="tests/catalog/calibre.test.ts" timestamp="2026-09-04T04:07:00.484Z" hostname="cb8347729b47" tests="19" failures="0" errors="0" skipped="0" time="0.011110969">
        <testcase classname="tests/catalog/calibre.test.ts" name="calibre &gt; labels a standard size in inches" time="0.001677454">
        </testcase>
        <testcase classname="tests/catalog/calibre.test.ts" name="calibre &gt; labels a size between the standards from its own conversion" time="0.000432689">
        </testcase>
        <testcase classname="tests/catalog/calibre.test.ts" name="calibre &gt; keeps the size it was given rather than the nominal one" time="0.000358809">
        </testcase>
        <testcase classname="tests/catalog/calibre.test.ts" name="parseCalibre &gt; reads millimetres" time="0.000448058">
        </testcase>
        <testcase classname="tests/catalog/calibre.test.ts" name="parseCalibre &gt; reads inches in every spelling" time="0.000328151">
        </testcase>
        <testcase classname="tests/catalog/calibre.test.ts" name="parseCalibre &gt; guesses a bare number from its size" time="0.000250984">
        </testcase>
        <testcase classname="tests/catalog/calibre.test.ts" name="parseCalibre &gt; takes a fraction of an inch" time="0.000153171">
        </testcase>
        <testcase classname="tests/catalog/calibre.test.ts" name="parseCalibre &gt; ignores surrounding space and case" time="0.000299246">
        </testcase>
        <testcase classname="tests/catalog/calibre.test.ts" name="parseCalibre &gt; refuses nonsense" time="0.00035939">
        </testcase>
        <testcase classname="tests/catalog/calibre.test.ts" name="formatting &gt; prints millimetres for a table" time="0.000245354">
        </testcase>
        <testcase classname="tests/catalog/calibre.test.ts" name="formatting &gt; prints inches for a person" time="0.000432098">
        </testcase>
        <testcase classname="tests/catalog/calibre.test.ts" name="bandOf &gt; bands by where the handling changes" time="0.000302112">
        </testcase>
        <testcase classname="tests/catalog/calibre.test.ts" name="comparison &gt; orders by size" time="0.000304706">
        </testcase>
        <testcase classname="tests/catalog/calibre.test.ts" name="comparison &gt; says equal sizes are the same" time="0.000693613">
        </testcase>
        <testcase classname="tests/catalog/calibre.test.ts" name="mortars &gt; widens the bore by the handling clearance" time="0.000239724">
        </testcase>
        <testcase classname="tests/catalog/calibre.test.ts" name="mortars &gt; accepts a mortar with a workable gap" time="0.00018471">
        </testcase>
        <testcase classname="tests/catalog/calibre.test.ts" name="mortars &gt; rejects a mortar that is too tight or too loose" time="0.000362065">
        </testcase>
        <testcase classname="tests/catalog/calibre.test.ts" name="standardCalibres &gt; lists the catalogue sizes in order" time="0.001232533">
        </testcase>
        <testcase classname="tests/catalog/calibre.test.ts" name="standardCalibres &gt; labels every one of them in inches" time="0.000695857">
        </testcase>
    </testsuite>
    <testsuite name="tests/catalog/effect.test.ts" timestamp="2026-09-04T04:07:00.486Z" hostname="cb8347729b47" tests="20" failures="0" errors="0" skipped="0" time="0.009884497">
        <testcase classname="tests/catalog/effect.test.ts" name="kinds &gt; lists all five" time="0.002384433">
        </testcase>
        <testcase classname="tests/catalog/effect.test.ts" name="kinds &gt; narrows to exactly one kind each" time="0.000893912">
        </testcase>
        <testcase classname="tests/catalog/effect.test.ts" name="kinds &gt; does not confuse a cake with a shell" time="0.000213735">
        </testcase>
        <testcase classname="tests/catalog/effect.test.ts" name="calibreOf &gt; reads the bore of anything that has one" time="0.000371542">
        </testcase>
        <testcase classname="tests/catalog/effect.test.ts" name="calibreOf &gt; gives nothing for a ground piece rather than zero" time="0.000224475">
        </testcase>
        <testcase classname="tests/catalog/effect.test.ts" name="shotCount &gt; counts the shots of a cake and a candle" time="0.000257467">
        </testcase>
        <testcase classname="tests/catalog/effect.test.ts" name="shotCount &gt; counts one for everything else" time="0.000214586">
        </testcase>
        <testcase classname="tests/catalog/effect.test.ts" name="goesUp &gt; is true for anything that leaves the deck" time="0.000197553">
        </testcase>
        <testcase classname="tests/catalog/effect.test.ts" name="goesUp &gt; is false for a ground piece" time="0.000145635">
        </testcase>
        <testcase classname="tests/catalog/effect.test.ts" name="reachOf &gt; uses the full apogee for a shell with no override" time="0.000950579">
        </testcase>
        <testcase classname="tests/catalog/effect.test.ts" name="reachOf &gt; uses a lowered break when the shell carries one" time="0.00016375">
        </testcase>
        <testcase classname="tests/catalog/effect.test.ts" name="reachOf &gt; uses the carried height for a mine, candle and ground piece" time="0.000145816">
        </testcase>
        <testcase classname="tests/catalog/effect.test.ts" name="reachOf &gt; uses the apogee for a cake" time="0.000112563">
        </testcase>
        <testcase classname="tests/catalog/effect.test.ts" name="describeEffect &gt; names a shell by size and break" time="0.000279449">
        </testcase>
        <testcase classname="tests/catalog/effect.test.ts" name="describeEffect &gt; names a cake by its shot count" time="0.000098146">
        </testcase>
        <testcase classname="tests/catalog/effect.test.ts" name="describeEffect &gt; names a mine, a candle and a ground piece" time="0.000296481">
        </testcase>
        <testcase classname="tests/catalog/effect.test.ts" name="shell &gt; fills in a default break style" time="0.000186513">
        </testcase>
        <testcase classname="tests/catalog/effect.test.ts" name="shell &gt; scales hang time and break diameter with calibre" time="0.000250875">
        </testcase>
        <testcase classname="tests/catalog/effect.test.ts" name="shell &gt; keeps an override rather than the default" time="0.000180702">
        </testcase>
        <testcase classname="tests/catalog/effect.test.ts" name="shell &gt; leaves the maker off when there is none" time="0.000303283">
        </testcase>
    </testsuite>
    <testsuite name="tests/catalog/envelope.test.ts" timestamp="2026-09-04T04:07:00.488Z" hostname="cb8347729b47" tests="21" failures="0" errors="0" skipped="0" time="0.007591858">
        <testcase classname="tests/catalog/envelope.test.ts" name="a shell &gt; centres the ball at the break height" time="0.001276446">
        </testcase>
        <testcase classname="tests/catalog/envelope.test.ts" name="a shell &gt; takes the radius from half the break diameter" time="0.000195651">
        </testcase>
        <testcase classname="tests/catalog/envelope.test.ts" name="a shell &gt; uses a lowered break when the shell carries one" time="0.000179529">
        </testcase>
        <testcase classname="tests/catalog/envelope.test.ts" name="a shell &gt; takes an apogee override" time="0.000142019">
        </testcase>
        <testcase classname="tests/catalog/envelope.test.ts" name="a shell &gt; throws debris wider than it breaks" time="0.000297813">
        </testcase>
        <testcase classname="tests/catalog/envelope.test.ts" name="a mine &gt; sits halfway up its own column" time="0.000164712">
        </testcase>
        <testcase classname="tests/catalog/envelope.test.ts" name="a mine &gt; gets wider with a wider spread" time="0.000181023">
        </testcase>
        <testcase classname="tests/catalog/envelope.test.ts" name="a mine &gt; never reports a radius of nothing" time="0.000129926">
        </testcase>
        <testcase classname="tests/catalog/envelope.test.ts" name="a cake &gt; sits halfway to its apogee" time="0.000138823">
        </testcase>
        <testcase classname="tests/catalog/envelope.test.ts" name="a cake &gt; opens wider when it is fanned" time="0.00018504">
        </testcase>
        <testcase classname="tests/catalog/envelope.test.ts" name="ground pieces and candles &gt; keeps a gerb close to the deck" time="0.000164872">
        </testcase>
        <testcase classname="tests/catalog/envelope.test.ts" name="ground pieces and candles &gt; gives every effect a floor on its fallout" time="0.000169141">
        </testcase>
        <testcase classname="tests/catalog/envelope.test.ts" name="ground pieces and candles &gt; treats a candle as a narrow column" time="0.00106274">
        </testcase>
        <testcase classname="tests/catalog/envelope.test.ts" name="ceiling and floor &gt; reads the top and bottom of the ball" time="0.000219236">
        </testcase>
        <testcase classname="tests/catalog/envelope.test.ts" name="ceiling and floor &gt; never puts the floor below the ground" time="0.000164191">
        </testcase>
        <testcase classname="tests/catalog/envelope.test.ts" name="intersection &gt; says two breaks at the same height collide" time="0.000361435">
        </testcase>
        <testcase classname="tests/catalog/envelope.test.ts" name="intersection &gt; separates them by height" time="0.000243411">
        </testcase>
        <testcase classname="tests/catalog/envelope.test.ts" name="intersection &gt; separates them across the ground" time="0.000339282">
        </testcase>
        <testcase classname="tests/catalog/envelope.test.ts" name="intersection &gt; says how far apart to fire them" time="0.000176504">
        </testcase>
        <testcase classname="tests/catalog/envelope.test.ts" name="intersection &gt; asks for no clearance when the heights already separate them" time="0.000157888">
        </testcase>
        <testcase classname="tests/catalog/envelope.test.ts" name="describeEnvelope &gt; reads as one line on a report" time="0.000244663">
        </testcase>
    </testsuite>
    <testsuite name="tests/catalog/hazard.test.ts" timestamp="2026-09-04T04:07:00.491Z" hostname="cb8347729b47" tests="23" failures="0" errors="0" skipped="0" time="0.01087909">
        <testcase classname="tests/catalog/hazard.test.ts" name="hazardClass &gt; maps every division onto its UN number" time="0.001266538">
        </testcase>
        <testcase classname="tests/catalog/hazard.test.ts" name="netExplosiveGrams &gt; puts a three inch and a six inch in the right range" time="0.001533763">
        </testcase>
        <testcase classname="tests/catalog/hazard.test.ts" name="netExplosiveGrams &gt; scales with the cube of the calibre" time="0.000194067">
        </testcase>
        <testcase classname="tests/catalog/hazard.test.ts" name="netExplosiveGrams &gt; counts every shot of a cake" time="0.000161706">
        </testcase>
        <testcase classname="tests/catalog/hazard.test.ts" name="netExplosiveGrams &gt; gives a ground piece a small flat figure" time="0.000124175">
        </testcase>
        <testcase classname="tests/catalog/hazard.test.ts" name="divisionFor &gt; puts a display shell in 1.3G" time="0.000260223">
        </testcase>
        <testcase classname="tests/catalog/hazard.test.ts" name="divisionFor &gt; puts a large salute in 1.1G" time="0.000166084">
        </testcase>
        <testcase classname="tests/catalog/hazard.test.ts" name="divisionFor &gt; leaves a small salute in 1.3G" time="0.000151047">
        </testcase>
        <testcase classname="tests/catalog/hazard.test.ts" name="divisionFor &gt; puts a very small item in 1.4G" time="0.000137009">
        </testcase>
        <testcase classname="tests/catalog/hazard.test.ts" name="divisionFor &gt; puts a small ground piece in 1.4S" time="0.000131298">
        </testcase>
        <testcase classname="tests/catalog/hazard.test.ts" name="divisionFor &gt; gives every item a UN number" time="0.000788823">
        </testcase>
        <testcase classname="tests/catalog/hazard.test.ts" name="hazardTotals &gt; adds the net quantity across a show" time="0.000570028">
        </testcase>
        <testcase classname="tests/catalog/hazard.test.ts" name="hazardTotals &gt; multiplies by the count when it was given one" time="0.000139184">
        </testcase>
        <testcase classname="tests/catalog/hazard.test.ts" name="hazardTotals &gt; splits the total by division" time="0.000189698">
        </testcase>
        <testcase classname="tests/catalog/hazard.test.ts" name="hazardTotals &gt; reports the most restrictive division present" time="0.000326107">
        </testcase>
        <testcase classname="tests/catalog/hazard.test.ts" name="hazardTotals &gt; reports nothing for an empty show" time="0.000193968">
        </testcase>
        <testcase classname="tests/catalog/hazard.test.ts" name="checkStore &gt; passes a show inside the licence" time="0.000225587">
        </testcase>
        <testcase classname="tests/catalog/hazard.test.ts" name="checkStore &gt; fails a show over the capacity" time="0.000299557">
        </testcase>
        <testcase classname="tests/catalog/hazard.test.ts" name="checkStore &gt; warns close to the capacity" time="0.000865317">
        </testcase>
        <testcase classname="tests/catalog/hazard.test.ts" name="checkStore &gt; fails a division the licence does not cover" time="0.000129535">
        </testcase>
        <testcase classname="tests/catalog/hazard.test.ts" name="reporting &gt; writes a transport line per division, worst first" time="0.000238952">
        </testcase>
        <testcase classname="tests/catalog/hazard.test.ts" name="reporting &gt; names the heaviest items" time="0.000272545">
        </testcase>
        <testcase classname="tests/catalog/hazard.test.ts" name="reporting &gt; names nothing for an empty show" time="0.00063936">
        </testcase>
    </testsuite>
    <testsuite name="tests/catalog/inventory.test.ts" timestamp="2026-09-04T04:07:00.493Z" hostname="cb8347729b47" tests="20" failures="0" errors="0" skipped="0" time="0.019080984">
        <testcase classname="tests/catalog/inventory.test.ts" name="receiving &gt; counts lots and units" time="0.001346759">
        </testcase>
        <testcase classname="tests/catalog/inventory.test.ts" name="receiving &gt; adds a split delivery to the same lot" time="0.000351045">
        </testcase>
        <testcase classname="tests/catalog/inventory.test.ts" name="receiving &gt; keeps the same lot number under two effects apart" time="0.002646689">
        </testcase>
        <testcase classname="tests/catalog/inventory.test.ts" name="receiving &gt; reports nothing on hand for an effect it does not hold" time="0.001137613">
        </testcase>
        <testcase classname="tests/catalog/inventory.test.ts" name="receiving &gt; refuses a nonsense quantity" time="0.005600971">
        </testcase>
        <testcase classname="tests/catalog/inventory.test.ts" name="stock listing &gt; lists effects in reading order" time="0.000462345">
        </testcase>
        <testcase classname="tests/catalog/inventory.test.ts" name="stock listing &gt; gives the total and the lots behind it" time="0.000414995">
        </testcase>
        <testcase classname="tests/catalog/inventory.test.ts" name="stock listing &gt; lists nothing for an empty magazine" time="0.000170483">
        </testcase>
        <testcase classname="tests/catalog/inventory.test.ts" name="quarantine &gt; pulls every unit of a lot and says how many went" time="0.000799904">
        </testcase>
        <testcase classname="tests/catalog/inventory.test.ts" name="quarantine &gt; does nothing for a lot it does not hold" time="0.000222741">
        </testcase>
        <testcase classname="tests/catalog/inventory.test.ts" name="orphans &gt; names stock the catalog does not define" time="0.000768936">
        </testcase>
        <testcase classname="tests/catalog/inventory.test.ts" name="shortfall &gt; finds what is missing and by how much" time="0.000476041">
        </testcase>
        <testcase classname="tests/catalog/inventory.test.ts" name="shortfall &gt; counts an effect held at zero as entirely short" time="0.00043334">
        </testcase>
        <testcase classname="tests/catalog/inventory.test.ts" name="shortfall &gt; finds nothing when stock covers the show" time="0.000441115">
        </testcase>
        <testcase classname="tests/catalog/inventory.test.ts" name="shortfall &gt; sorts by effect name" time="0.000306169">
        </testcase>
        <testcase classname="tests/catalog/inventory.test.ts" name="unusedStock &gt; names what no show touches" time="0.000287654">
        </testcase>
        <testcase classname="tests/catalog/inventory.test.ts" name="describeShortfall &gt; says so when there is nothing missing" time="0.000245525">
        </testcase>
        <testcase classname="tests/catalog/inventory.test.ts" name="describeShortfall &gt; names each line with a plural that agrees" time="0.000277846">
        </testcase>
        <testcase classname="tests/catalog/inventory.test.ts" name="tally &gt; counts repeats of the same effect" time="0.000340435">
        </testcase>
        <testcase classname="tests/catalog/inventory.test.ts" name="tally &gt; counts nothing for an empty list" time="0.000119556">
        </testcase>
    </testsuite>
    <testsuite name="tests/catalog/lift.test.ts" timestamp="2026-09-04T04:07:00.495Z" hostname="cb8347729b47" tests="18" failures="0" errors="0" skipped="0" time="0.011874142">
        <testcase classname="tests/catalog/lift.test.ts" name="apogeeFor &gt; matches the table at a tabulated size" time="0.001388869">
        </testcase>
        <testcase classname="tests/catalog/lift.test.ts" name="apogeeFor &gt; interpolates between table entries" time="0.000479056">
        </testcase>
        <testcase classname="tests/catalog/lift.test.ts" name="apogeeFor &gt; scales down below the smallest entry" time="0.000191182">
        </testcase>
        <testcase classname="tests/catalog/lift.test.ts" name="apogeeFor &gt; stops climbing past the largest entry" time="0.000226448">
        </testcase>
        <testcase classname="tests/catalog/lift.test.ts" name="apogeeFor &gt; rises with calibre all the way up" time="0.000395379">
        </testcase>
        <testcase classname="tests/catalog/lift.test.ts" name="riseTimeFor &gt; matches the table" time="0.000257909">
        </testcase>
        <testcase classname="tests/catalog/lift.test.ts" name="riseTimeFor &gt; interpolates" time="0.000199056">
        </testcase>
        <testcase classname="tests/catalog/lift.test.ts" name="riseTimeFor &gt; gives a bigger shell a longer climb" time="0.000170233">
        </testcase>
        <testcase classname="tests/catalog/lift.test.ts" name="riseTimeToHeight &gt; matches the full rise at full apogee" time="0.003663913">
        </testcase>
        <testcase classname="tests/catalog/lift.test.ts" name="riseTimeToHeight &gt; takes less time to a lower break" time="0.000295299">
        </testcase>
        <testcase classname="tests/catalog/lift.test.ts" name="riseTimeToHeight &gt; clamps a height above apogee" time="0.000186363">
        </testcase>
        <testcase classname="tests/catalog/lift.test.ts" name="riseTimeToHeight &gt; gives no flight time at ground level" time="0.000135686">
        </testcase>
        <testcase classname="tests/catalog/lift.test.ts" name="leadTimeFor &gt; adds the ignition delay to the rise" time="0.000407632">
        </testcase>
        <testcase classname="tests/catalog/lift.test.ts" name="leadTimeFor &gt; uses the same delay for every calibre" time="0.000143632">
        </testcase>
        <testcase classname="tests/catalog/lift.test.ts" name="muzzleVelocityFor &gt; is in the range a mortar actually throws" time="0.000250665">
        </testcase>
        <testcase classname="tests/catalog/lift.test.ts" name="muzzleVelocityFor &gt; rises with calibre" time="0.000359861">
        </testcase>
        <testcase classname="tests/catalog/lift.test.ts" name="liftProfile &gt; collects the four numbers a cue needs" time="0.000243742">
        </testcase>
        <testcase classname="tests/catalog/lift.test.ts" name="tabulatedSizes &gt; lists the measured calibres in order" time="0.000703561">
        </testcase>
    </testsuite>
    <testsuite name="tests/catalog/magazine.test.ts" timestamp="2026-09-04T04:07:00.497Z" hostname="cb8347729b47" tests="14" failures="0" errors="0" skipped="0" time="0.014247755">
        <testcase classname="tests/catalog/magazine.test.ts" name="headers &gt; refuses a file with nothing in it" time="0.00325451">
        </testcase>
        <testcase classname="tests/catalog/magazine.test.ts" name="headers &gt; names a missing required column" time="0.001112035">
        </testcase>
        <testcase classname="tests/catalog/magazine.test.ts" name="rows &gt; reads a lot" time="0.00297484">
        </testcase>
        <testcase classname="tests/catalog/magazine.test.ts" name="rows &gt; adds two rows of the same lot together" time="0.00050159">
        </testcase>
        <testcase classname="tests/catalog/magazine.test.ts" name="rows &gt; keeps two lots of the same effect apart" time="0.000331257">
        </testcase>
        <testcase classname="tests/catalog/magazine.test.ts" name="rows &gt; accepts a row with no date or note" time="0.000335735">
        </testcase>
        <testcase classname="tests/catalog/magazine.test.ts" name="rows &gt; accepts a quantity of zero" time="0.000360051">
        </testcase>
        <testcase classname="tests/catalog/magazine.test.ts" name="bad rows &gt; refuses a row with no lot number" time="0.000421118">
        </testcase>
        <testcase classname="tests/catalog/magazine.test.ts" name="bad rows &gt; refuses an unusable effect name" time="0.000499225">
        </testcase>
        <testcase classname="tests/catalog/magazine.test.ts" name="bad rows &gt; refuses a quantity that is blank, fractional or negative" time="0.000422309">
        </testcase>
        <testcase classname="tests/catalog/magazine.test.ts" name="bad rows &gt; warns about a date that will not sort but keeps the row" time="0.000408744">
        </testcase>
        <testcase classname="tests/catalog/magazine.test.ts" name="bad rows &gt; keeps reading after a bad row" time="0.00022712">
        </testcase>
        <testcase classname="tests/catalog/magazine.test.ts" name="writeMagazine &gt; round trips" time="0.000927665">
        </testcase>
        <testcase classname="tests/catalog/magazine.test.ts" name="writeMagazine &gt; writes a header even for an empty book" time="0.000226338">
        </testcase>
    </testsuite>
    <testsuite name="tests/catalog/palette.test.ts" timestamp="2026-09-04T04:07:00.498Z" hostname="cb8347729b47" tests="25" failures="0" errors="0" skipped="0" time="0.020866211">
        <testcase classname="tests/catalog/palette.test.ts" name="familyOf &gt; groups by what an effect looks like" time="0.001550795">
        </testcase>
        <testcase classname="tests/catalog/palette.test.ts" name="familyOf &gt; puts a cake and a candle in the low family" time="0.000245836">
        </testcase>
        <testcase classname="tests/catalog/palette.test.ts" name="familyOf &gt; puts a ground piece in its own family" time="0.000176884">
        </testcase>
        <testcase classname="tests/catalog/palette.test.ts" name="familyOf &gt; puts two styles that look alike in one family" time="0.000334222">
        </testcase>
        <testcase classname="tests/catalog/palette.test.ts" name="palette &gt; counts shots per family" time="0.009993073">
        </testcase>
        <testcase classname="tests/catalog/palette.test.ts" name="palette &gt; multiplies by the counts it was given" time="0.000355553">
        </testcase>
        <testcase classname="tests/catalog/palette.test.ts" name="palette &gt; orders families by how much of the show they are" time="0.000214837">
        </testcase>
        <testcase classname="tests/catalog/palette.test.ts" name="palette &gt; gives nothing for an empty show" time="0.000656892">
        </testcase>
        <testcase classname="tests/catalog/palette.test.ts" name="varietyIndex &gt; is one when families are even" time="0.000264341">
        </testcase>
        <testcase classname="tests/catalog/palette.test.ts" name="varietyIndex &gt; is zero when the show is one family" time="0.000145925">
        </testcase>
        <testcase classname="tests/catalog/palette.test.ts" name="varietyIndex &gt; falls as one family takes over" time="0.000225526">
        </testcase>
        <testcase classname="tests/catalog/palette.test.ts" name="varietyIndex &gt; is zero for an empty show" time="0.00014845">
        </testcase>
        <testcase classname="tests/catalog/palette.test.ts" name="missingFamilies &gt; names what a show never reaches for" time="0.001023658">
        </testcase>
        <testcase classname="tests/catalog/palette.test.ts" name="missingFamilies &gt; names nothing when everything appears" time="0.000292343">
        </testcase>
        <testcase classname="tests/catalog/palette.test.ts" name="checkPalette &gt; says nothing about a varied show" time="0.000213714">
        </testcase>
        <testcase classname="tests/catalog/palette.test.ts" name="checkPalette &gt; notes a family that dominates" time="0.000265081">
        </testcase>
        <testcase classname="tests/catalog/palette.test.ts" name="checkPalette &gt; notes a monotonous show" time="0.00020097">
        </testcase>
        <testcase classname="tests/catalog/palette.test.ts" name="checkPalette &gt; takes its own limits" time="0.000576621">
        </testcase>
        <testcase classname="tests/catalog/palette.test.ts" name="checkPalette &gt; says nothing about an empty show" time="0.000101611">
        </testcase>
        <testcase classname="tests/catalog/palette.test.ts" name="calibreSpread &gt; counts shots by handling band" time="0.000465402">
        </testcase>
        <testcase classname="tests/catalog/palette.test.ts" name="reports &gt; describes the palette with a variety line" time="0.000461463">
        </testcase>
        <testcase classname="tests/catalog/palette.test.ts" name="reports &gt; names the families never used" time="0.000286062">
        </testcase>
        <testcase classname="tests/catalog/palette.test.ts" name="reports &gt; says every family appears when it does" time="0.000188266">
        </testcase>
        <testcase classname="tests/catalog/palette.test.ts" name="reports &gt; says so for an empty show" time="0.000093126">
        </testcase>
        <testcase classname="tests/catalog/palette.test.ts" name="reports &gt; names the families a show leans on" time="0.000282545">
        </testcase>
    </testsuite>
    <testsuite name="tests/catalog/parse.test.ts" timestamp="2026-09-04T04:07:00.499Z" hostname="cb8347729b47" tests="20" failures="0" errors="0" skipped="0" time="0.015072226">
        <testcase classname="tests/catalog/parse.test.ts" name="headers &gt; complains about a file with nothing in it" time="0.001990166">
        </testcase>
        <testcase classname="tests/catalog/parse.test.ts" name="headers &gt; complains about a missing required column" time="0.000586249">
        </testcase>
        <testcase classname="tests/catalog/parse.test.ts" name="headers &gt; does not read any rows once the header is wrong" time="0.000178228">
        </testcase>
        <testcase classname="tests/catalog/parse.test.ts" name="shells &gt; reads a full row" time="0.001293629">
        </testcase>
        <testcase classname="tests/catalog/parse.test.ts" name="shells &gt; fills in defaults for the columns left blank" time="0.000598453">
        </testcase>
        <testcase classname="tests/catalog/parse.test.ts" name="shells &gt; warns about an unknown break style but keeps the shell" time="0.000923899">
        </testcase>
        <testcase classname="tests/catalog/parse.test.ts" name="shells &gt; refuses a shell with no calibre" time="0.003934706">
        </testcase>
        <testcase classname="tests/catalog/parse.test.ts" name="shells &gt; says where to look and what to write" time="0.000449441">
        </testcase>
        <testcase classname="tests/catalog/parse.test.ts" name="cakes and candles &gt; reads a cake" time="0.000476463">
        </testcase>
        <testcase classname="tests/catalog/parse.test.ts" name="cakes and candles &gt; reads a candle with a height" time="0.000209948">
        </testcase>
        <testcase classname="tests/catalog/parse.test.ts" name="cakes and candles &gt; refuses a shot count that is missing or fractional" time="0.000314715">
        </testcase>
        <testcase classname="tests/catalog/parse.test.ts" name="mines and ground pieces &gt; reads a mine with its spread" time="0.000232219">
        </testcase>
        <testcase classname="tests/catalog/parse.test.ts" name="mines and ground pieces &gt; reads a ground piece without needing a calibre" time="0.000888322">
        </testcase>
        <testcase classname="tests/catalog/parse.test.ts" name="mines and ground pieces &gt; refuses a ground piece with an unknown style" time="0.000217823">
        </testcase>
        <testcase classname="tests/catalog/parse.test.ts" name="mines and ground pieces &gt; refuses a ground piece with no duration" time="0.000305118">
        </testcase>
        <testcase classname="tests/catalog/parse.test.ts" name="row problems &gt; refuses an unusable id" time="0.000209036">
        </testcase>
        <testcase classname="tests/catalog/parse.test.ts" name="row problems &gt; refuses a repeated id and keeps the first" time="0.000256124">
        </testcase>
        <testcase classname="tests/catalog/parse.test.ts" name="row problems &gt; refuses an unknown kind and names it" time="0.000155034">
        </testcase>
        <testcase classname="tests/catalog/parse.test.ts" name="row problems &gt; keeps reading after a bad row" time="0.000188257">
        </testcase>
        <testcase classname="tests/catalog/parse.test.ts" name="row problems &gt; records the source of every entry" time="0.000219265">
        </testcase>
    </testsuite>
    <testsuite name="tests/catalog/registry.test.ts" timestamp="2026-09-04T04:07:00.502Z" hostname="cb8347729b47" tests="21" failures="0" errors="0" skipped="0" time="0.013870722">
        <testcase classname="tests/catalog/registry.test.ts" name="lookup &gt; counts what it holds" time="0.001216162">
        </testcase>
        <testcase classname="tests/catalog/registry.test.ts" name="lookup &gt; finds an effect by name" time="0.000246115">
        </testcase>
        <testcase classname="tests/catalog/registry.test.ts" name="lookup &gt; gives nothing for a name it does not hold" time="0.000360292">
        </testcase>
        <testcase classname="tests/catalog/registry.test.ts" name="lookup &gt; keeps the source when it was told one" time="0.000175542">
        </testcase>
        <testcase classname="tests/catalog/registry.test.ts" name="lookup &gt; replaces an entry with the same name" time="0.000261676">
        </testcase>
        <testcase classname="tests/catalog/registry.test.ts" name="lookup &gt; removes by name" time="0.0003641">
        </testcase>
        <testcase classname="tests/catalog/registry.test.ts" name="listing &gt; sorts names the way a person reads them" time="0.000890516">
        </testcase>
        <testcase classname="tests/catalog/registry.test.ts" name="listing &gt; lists effects in the same order" time="0.000410607">
        </testcase>
        <testcase classname="tests/catalog/registry.test.ts" name="listing &gt; filters on a prefix at segment boundaries" time="0.000977339">
        </testcase>
        <testcase classname="tests/catalog/registry.test.ts" name="listing &gt; filters by kind" time="0.001166187">
        </testcase>
        <testcase classname="tests/catalog/registry.test.ts" name="listing &gt; filters by maker" time="0.000441504">
        </testcase>
        <testcase classname="tests/catalog/registry.test.ts" name="upToCalibre &gt; keeps everything at or under the limit" time="0.001373148">
        </testcase>
        <testcase classname="tests/catalog/registry.test.ts" name="upToCalibre &gt; always keeps ground pieces" time="0.0002222">
        </testcase>
        <testcase classname="tests/catalog/registry.test.ts" name="merge &gt; takes both sides" time="0.000162877">
        </testcase>
        <testcase classname="tests/catalog/registry.test.ts" name="merge &gt; lets the second side win" time="0.000268057">
        </testcase>
        <testcase classname="tests/catalog/registry.test.ts" name="merge &gt; does not touch either original" time="0.00025917">
        </testcase>
        <testcase classname="tests/catalog/registry.test.ts" name="merge &gt; names the entries that clash" time="0.000401881">
        </testcase>
        <testcase classname="tests/catalog/registry.test.ts" name="merge &gt; finds no clash when the entries are identical" time="0.00014336">
        </testcase>
        <testcase classname="tests/catalog/registry.test.ts" name="summaries &gt; counts by kind" time="0.000293245">
        </testcase>
        <testcase classname="tests/catalog/registry.test.ts" name="summaries &gt; finds the largest bore" time="0.000179249">
        </testcase>
        <testcase classname="tests/catalog/registry.test.ts" name="summaries &gt; reports zero for a catalog of ground pieces" time="0.00029522">
        </testcase>
    </testsuite>
    <testsuite name="tests/catalog/substitute.test.ts" timestamp="2026-09-04T04:07:00.503Z" hostname="cb8347729b47" tests="23" failures="0" errors="0" skipped="0" time="0.014337315">
        <testcase classname="tests/catalog/substitute.test.ts" name="substitutesFor &gt; finds another shell of the same calibre" time="0.001837318">
        </testcase>
        <testcase classname="tests/catalog/substitute.test.ts" name="substitutesFor &gt; never suggests the effect itself" time="0.000980034">
        </testcase>
        <testcase classname="tests/catalog/substitute.test.ts" name="substitutesFor &gt; never crosses effect kinds" time="0.000664618">
        </testcase>
        <testcase classname="tests/catalog/substitute.test.ts" name="substitutesFor &gt; does not suggest a shell for a three inch that flies differently" time="0.000213263">
        </testcase>
        <testcase classname="tests/catalog/substitute.test.ts" name="substitutesFor &gt; puts an exact calibre match before a near one" time="0.000287494">
        </testcase>
        <testcase classname="tests/catalog/substitute.test.ts" name="substitutesFor &gt; refuses a near match when band matching is off" time="0.000257486">
        </testcase>
        <testcase classname="tests/catalog/substitute.test.ts" name="substitutesFor &gt; refuses a candidate whose flight time differs too much" time="0.000511618">
        </testcase>
        <testcase classname="tests/catalog/substitute.test.ts" name="substitutesFor &gt; only suggests what the magazine can supply" time="0.000668035">
        </testcase>
        <testcase classname="tests/catalog/substitute.test.ts" name="substitutesFor &gt; reports how many are on hand when it was given a magazine" time="0.000198124">
        </testcase>
        <testcase classname="tests/catalog/substitute.test.ts" name="substitutesFor &gt; leaves the on hand count off with no magazine" time="0.000192054">
        </testcase>
        <testcase classname="tests/catalog/substitute.test.ts" name="bestSubstitute &gt; takes the first suggestion" time="0.000214647">
        </testcase>
        <testcase classname="tests/catalog/substitute.test.ts" name="bestSubstitute &gt; gives nothing when there is nothing" time="0.000177185">
        </testcase>
        <testcase classname="tests/catalog/substitute.test.ts" name="planSubstitutions &gt; covers a shortfall it can cover" time="0.000308894">
        </testcase>
        <testcase classname="tests/catalog/substitute.test.ts" name="planSubstitutions &gt; leaves a line with no cover in the plan" time="0.000163149">
        </testcase>
        <testcase classname="tests/catalog/substitute.test.ts" name="planSubstitutions &gt; keeps a line whose effect is not in the catalog" time="0.000369709">
        </testcase>
        <testcase classname="tests/catalog/substitute.test.ts" name="planSubstitutions &gt; orders lines by effect name" time="0.000262066">
        </testcase>
        <testcase classname="tests/catalog/substitute.test.ts" name="checkSubstitutions &gt; errors on a line nothing covers" time="0.003285719">
        </testcase>
        <testcase classname="tests/catalog/substitute.test.ts" name="checkSubstitutions &gt; notes an exact swap without warning about it" time="0.000576792">
        </testcase>
        <testcase classname="tests/catalog/substitute.test.ts" name="checkSubstitutions &gt; warns about a near swap and says to check the separation" time="0.00034879">
        </testcase>
        <testcase classname="tests/catalog/substitute.test.ts" name="changesSafety &gt; is false for the same calibre and break" time="0.000184741">
        </testcase>
        <testcase classname="tests/catalog/substitute.test.ts" name="changesSafety &gt; is true for a different calibre" time="0.00017478">
        </testcase>
        <testcase classname="tests/catalog/substitute.test.ts" name="changesSafety &gt; is true for a wider break at the same calibre" time="0.000154372">
        </testcase>
        <testcase classname="tests/catalog/substitute.test.ts" name="changesSafety &gt; is true when one has no calibre at all" time="0.000142389">
        </testcase>
    </testsuite>
    <testsuite name="tests/catalog/timing.test.ts" timestamp="2026-09-04T04:07:00.505Z" hostname="cb8347729b47" tests="22" failures="0" errors="0" skipped="0" time="0.009376024">
        <testcase classname="tests/catalog/timing.test.ts" name="timingOf a shell &gt; leads by the rise plus the match delay" time="0.001459563">
        </testcase>
        <testcase classname="tests/catalog/timing.test.ts" name="timingOf a shell &gt; runs until the stars burn out" time="0.000194869">
        </testcase>
        <testcase classname="tests/catalog/timing.test.ts" name="timingOf a shell &gt; peaks at the break" time="0.000168639">
        </testcase>
        <testcase classname="tests/catalog/timing.test.ts" name="timingOf a shell &gt; shortens the lead for a lowered break" time="0.000310838">
        </testcase>
        <testcase classname="tests/catalog/timing.test.ts" name="timingOf the other kinds &gt; runs a cake from its first shot to its last star" time="0.000679156">
        </testcase>
        <testcase classname="tests/catalog/timing.test.ts" name="timingOf the other kinds &gt; puts a cake&apos;s peak in the middle of the rack" time="0.000172988">
        </testcase>
        <testcase classname="tests/catalog/timing.test.ts" name="timingOf the other kinds &gt; fires a mine with almost no lead" time="0.000177367">
        </testcase>
        <testcase classname="tests/catalog/timing.test.ts" name="timingOf the other kinds &gt; gives a candle a short lead and a long tail" time="0.000395779">
        </testcase>
        <testcase classname="tests/catalog/timing.test.ts" name="timingOf the other kinds &gt; burns a ground piece for its own duration" time="0.000269911">
        </testcase>
        <testcase classname="tests/catalog/timing.test.ts" name="timingOf the other kinds &gt; handles a single shot cake without a negative span" time="0.000166074">
        </testcase>
        <testcase classname="tests/catalog/timing.test.ts" name="ignitionTimeFor &gt; fires early enough for the break to land on the beat" time="0.000181234">
        </testcase>
        <testcase classname="tests/catalog/timing.test.ts" name="ignitionTimeFor &gt; goes before zero when the opener is large" time="0.000202734">
        </testcase>
        <testcase classname="tests/catalog/timing.test.ts" name="ignitionTimeFor &gt; reverses back to the visible moment" time="0.000248269">
        </testcase>
        <testcase classname="tests/catalog/timing.test.ts" name="windows &gt; occupies from ignition to the last light" time="0.000214085">
        </testcase>
        <testcase classname="tests/catalog/timing.test.ts" name="windows &gt; is visible only from the break" time="0.000600718">
        </testcase>
        <testcase classname="tests/catalog/timing.test.ts" name="windows &gt; makes a ground piece visible almost at once" time="0.000139935">
        </testcase>
        <testcase classname="tests/catalog/timing.test.ts" name="preRollFor &gt; takes the worst lead in the show" time="0.00033838">
        </testcase>
        <testcase classname="tests/catalog/timing.test.ts" name="preRollFor &gt; needs nothing for a show of ground pieces" time="0.000337459">
        </testcase>
        <testcase classname="tests/catalog/timing.test.ts" name="preRollFor &gt; needs nothing at all for an empty show" time="0.000411939">
        </testcase>
        <testcase classname="tests/catalog/timing.test.ts" name="isTightOnCue &gt; trusts a mine and a ground piece" time="0.000361333">
        </testcase>
        <testcase classname="tests/catalog/timing.test.ts" name="isTightOnCue &gt; does not trust a six inch shell on a downbeat" time="0.000134364">
        </testcase>
        <testcase classname="tests/catalog/timing.test.ts" name="isTightOnCue &gt; trusts a candle" time="0.000110629">
        </testcase>
    </testsuite>
    <testsuite name="tests/catalog/validate.test.ts" timestamp="2026-09-04T04:07:00.506Z" hostname="cb8347729b47" tests="23" failures="0" errors="0" skipped="0" time="0.013598287">
        <testcase classname="tests/catalog/validate.test.ts" name="a sound entry &gt; raises nothing" time="0.002001287">
        </testcase>
        <testcase classname="tests/catalog/validate.test.ts" name="calibre &gt; errors on a calibre of zero" time="0.001316281">
        </testcase>
        <testcase classname="tests/catalog/validate.test.ts" name="calibre &gt; warns above the measured lift table" time="0.000440963">
        </testcase>
        <testcase classname="tests/catalog/validate.test.ts" name="calibre &gt; warns below the measured lift table" time="0.000330666">
        </testcase>
        <testcase classname="tests/catalog/validate.test.ts" name="calibre &gt; warns when the site cannot take the bore" time="0.000548557">
        </testcase>
        <testcase classname="tests/catalog/validate.test.ts" name="shells &gt; errors on no hang time and no break" time="0.000370081">
        </testcase>
        <testcase classname="tests/catalog/validate.test.ts" name="shells &gt; warns on a hang time that looks like seconds" time="0.000268117">
        </testcase>
        <testcase classname="tests/catalog/validate.test.ts" name="shells &gt; warns on an implausible break diameter" time="0.000275211">
        </testcase>
        <testcase classname="tests/catalog/validate.test.ts" name="shells &gt; warns when a lowered break sits above apogee" time="0.000477353">
        </testcase>
        <testcase classname="tests/catalog/validate.test.ts" name="shells &gt; accepts a genuine lowered break" time="0.000243871">
        </testcase>
        <testcase classname="tests/catalog/validate.test.ts" name="shells &gt; warns about a small salute" time="0.000294657">
        </testcase>
        <testcase classname="tests/catalog/validate.test.ts" name="cakes &gt; accepts an ordinary cake" time="0.000416237">
        </testcase>
        <testcase classname="tests/catalog/validate.test.ts" name="cakes &gt; errors on no shots and no interval" time="0.00034821">
        </testcase>
        <testcase classname="tests/catalog/validate.test.ts" name="cakes &gt; warns on an interval under a frame" time="0.000422499">
        </testcase>
        <testcase classname="tests/catalog/validate.test.ts" name="cakes &gt; warns on a cake that runs for minutes" time="0.000288075">
        </testcase>
        <testcase classname="tests/catalog/validate.test.ts" name="mines and ground pieces &gt; accepts an ordinary mine and gerb" time="0.000259492">
        </testcase>
        <testcase classname="tests/catalog/validate.test.ts" name="mines and ground pieces &gt; warns on an impossible spread" time="0.00028559">
        </testcase>
        <testcase classname="tests/catalog/validate.test.ts" name="mines and ground pieces &gt; warns on a mine that climbs like a shell" time="0.000198597">
        </testcase>
        <testcase classname="tests/catalog/validate.test.ts" name="mines and ground pieces &gt; errors on a ground piece that burns for no time" time="0.000182916">
        </testcase>
        <testcase classname="tests/catalog/validate.test.ts" name="mines and ground pieces &gt; warns on a ten minute burn and a tall ground piece" time="0.000483695">
        </testcase>
        <testcase classname="tests/catalog/validate.test.ts" name="validateCatalog &gt; checks every entry" time="0.000700596">
        </testcase>
        <testcase classname="tests/catalog/validate.test.ts" name="validateCatalog &gt; warns when two entries print the same name" time="0.00066532">
        </testcase>
        <testcase classname="tests/catalog/validate.test.ts" name="validateCatalog &gt; passes the options down to each entry" time="0.000293126">
        </testcase>
    </testsuite>
    <testsuite name="tests/cli/args.test.ts" timestamp="2026-09-04T04:07:00.507Z" hostname="cb8347729b47" tests="30" failures="0" errors="0" skipped="0" time="0.013730607">
        <testcase classname="tests/cli/args.test.ts" name="positional arguments &gt; collects bare words" time="0.002554154">
        </testcase>
        <testcase classname="tests/cli/args.test.ts" name="positional arguments &gt; treats everything after a double dash as positional" time="0.000360162">
        </testcase>
        <testcase classname="tests/cli/args.test.ts" name="positional arguments &gt; keeps a lone dash as positional, since that means stdin" time="0.000230596">
        </testcase>
        <testcase classname="tests/cli/args.test.ts" name="switches &gt; reads a switch" time="0.000426408">
        </testcase>
        <testcase classname="tests/cli/args.test.ts" name="switches &gt; refuses a value on a switch" time="0.000467986">
        </testcase>
        <testcase classname="tests/cli/args.test.ts" name="values &gt; reads a value as the next argument" time="0.000274088">
        </testcase>
        <testcase classname="tests/cli/args.test.ts" name="values &gt; reads a value joined with an equals" time="0.00016884">
        </testcase>
        <testcase classname="tests/cli/args.test.ts" name="values &gt; keeps a value that looks like a flag when it was joined" time="0.000153431">
        </testcase>
        <testcase classname="tests/cli/args.test.ts" name="values &gt; refuses a value flag with nothing after it" time="0.000399608">
        </testcase>
        <testcase classname="tests/cli/args.test.ts" name="values &gt; refuses a flag as a separate value" time="0.000154292">
        </testcase>
        <testcase classname="tests/cli/args.test.ts" name="values &gt; fills in a fallback" time="0.000179209">
        </testcase>
        <testcase classname="tests/cli/args.test.ts" name="values &gt; leaves a value with no fallback undefined" time="0.000146567">
        </testcase>
        <testcase classname="tests/cli/args.test.ts" name="values &gt; reads a number" time="0.00029597">
        </testcase>
        <testcase classname="tests/cli/args.test.ts" name="choices &gt; accepts one of the choices" time="0.000199969">
        </testcase>
        <testcase classname="tests/cli/args.test.ts" name="choices &gt; refuses anything else and lists them" time="0.00032771">
        </testcase>
        <testcase classname="tests/cli/args.test.ts" name="mistakes &gt; names an unknown flag" time="0.00024336">
        </testcase>
        <testcase classname="tests/cli/args.test.ts" name="mistakes &gt; suggests a near miss" time="0.000190109">
        </testcase>
        <testcase classname="tests/cli/args.test.ts" name="mistakes &gt; matches a suggestion across hyphens" time="0.000428852">
        </testcase>
        <testcase classname="tests/cli/args.test.ts" name="mistakes &gt; refuses a short flag and says why" time="0.000415847">
        </testcase>
        <testcase classname="tests/cli/args.test.ts" name="mistakes &gt; collects every mistake rather than the first" time="0.000970045">
        </testcase>
        <testcase classname="tests/cli/args.test.ts" name="flagHelp &gt; lines the names up and shows defaults and choices" time="0.000443328">
        </testcase>
        <testcase classname="tests/cli/args.test.ts" name="flagHelp &gt; renders nothing for no flags" time="0.000142019">
        </testcase>
        <testcase classname="tests/cli/args.test.ts" name="requireNumber &gt; reads a number" time="0.000268829">
        </testcase>
        <testcase classname="tests/cli/args.test.ts" name="requireNumber &gt; reads a fallback" time="0.000107955">
        </testcase>
        <testcase classname="tests/cli/args.test.ts" name="requireNumber &gt; refuses a flag that was not given" time="0.00017449">
        </testcase>
        <testcase classname="tests/cli/args.test.ts" name="requireNumber &gt; refuses text and names it" time="0.000142038">
        </testcase>
        <testcase classname="tests/cli/args.test.ts" name="requireNumber &gt; refuses a fraction when a whole number was wanted" time="0.000151177">
        </testcase>
        <testcase classname="tests/cli/args.test.ts" name="requireNumber &gt; enforces a minimum and a maximum" time="0.000351385">
        </testcase>
        <testcase classname="tests/cli/args.test.ts" name="requireNumber &gt; accepts a value on the boundary" time="0.00054435">
        </testcase>
        <testcase classname="tests/cli/args.test.ts" name="requireNumber &gt; refuses infinity" time="0.000124576">
        </testcase>
    </testsuite>
    <testsuite name="tests/cli/command.test.ts" timestamp="2026-09-04T04:07:00.509Z" hostname="cb8347729b47" tests="25" failures="0" errors="0" skipped="0" time="0.016100002">
        <testcase classname="tests/cli/command.test.ts" name="CommandSet &gt; finds a command by name" time="0.00157962">
        </testcase>
        <testcase classname="tests/cli/command.test.ts" name="CommandSet &gt; lists names in order" time="0.00082938">
        </testcase>
        <testcase classname="tests/cli/command.test.ts" name="CommandSet &gt; replaces a command with the same name" time="0.001080214">
        </testcase>
        <testcase classname="tests/cli/command.test.ts" name="help &gt; lists every command" time="0.000425114">
        </testcase>
        <testcase classname="tests/cli/command.test.ts" name="help &gt; shows the usage and flags of one command" time="0.00034871">
        </testcase>
        <testcase classname="tests/cli/command.test.ts" name="help &gt; leaves the options block out for a command with no flags" time="0.000263208">
        </testcase>
        <testcase classname="tests/cli/command.test.ts" name="runCommand &gt; runs a command and gives back its code" time="0.000644911">
        </testcase>
        <testcase classname="tests/cli/command.test.ts" name="runCommand &gt; passes flags through" time="0.000234484">
        </testcase>
        <testcase classname="tests/cli/command.test.ts" name="runCommand &gt; returns the command&apos;s own failure code" time="0.000244673">
        </testcase>
        <testcase classname="tests/cli/command.test.ts" name="runCommand &gt; prints help and fails when given nothing" time="0.000484075">
        </testcase>
        <testcase classname="tests/cli/command.test.ts" name="runCommand &gt; prints help and succeeds when asked for it" time="0.000243121">
        </testcase>
        <testcase classname="tests/cli/command.test.ts" name="runCommand &gt; prints help for one command" time="0.00022184">
        </testcase>
        <testcase classname="tests/cli/command.test.ts" name="runCommand &gt; refuses help for a command that is not there" time="0.000503894">
        </testcase>
        <testcase classname="tests/cli/command.test.ts" name="runCommand &gt; names the commands when the first word is not one" time="0.000244402">
        </testcase>
        <testcase classname="tests/cli/command.test.ts" name="runCommand &gt; separates a bad flag from a failing show" time="0.000239753">
        </testcase>
        <testcase classname="tests/cli/command.test.ts" name="reportDiagnostics &gt; says nothing and succeeds for an empty bag" time="0.00022156">
        </testcase>
        <testcase classname="tests/cli/command.test.ts" name="reportDiagnostics &gt; prints warnings and still succeeds" time="0.000330947">
        </testcase>
        <testcase classname="tests/cli/command.test.ts" name="reportDiagnostics &gt; fails when there is an error" time="0.000139143">
        </testcase>
        <testcase classname="tests/cli/command.test.ts" name="MemoryEnv &gt; reads the files it was given" time="0.000171805">
        </testcase>
        <testcase classname="tests/cli/command.test.ts" name="MemoryEnv &gt; reads back what it wrote" time="0.000144593">
        </testcase>
        <testcase classname="tests/cli/command.test.ts" name="loadWorkspace &gt; loads both files" time="0.004004399">
        </testcase>
        <testcase classname="tests/cli/command.test.ts" name="loadWorkspace &gt; reports a missing catalog and a missing rig separately" time="0.000462796">
        </testcase>
        <testcase classname="tests/cli/command.test.ts" name="loadWorkspace &gt; gives an empty catalog and rig when neither was asked for" time="0.00035916">
        </testcase>
        <testcase classname="tests/cli/command.test.ts" name="loadWorkspace &gt; falls back to the default rig settings" time="0.000133042">
        </testcase>
        <testcase classname="tests/cli/command.test.ts" name="loadWorkspace &gt; passes a parse problem through" time="0.000278658">
        </testcase>
    </testsuite>
    <testsuite name="tests/cli/commands.test.ts" timestamp="2026-09-04T04:07:00.510Z" hostname="cb8347729b47" tests="28" failures="0" errors="0" skipped="0" time="0.065722838">
        <testcase classname="tests/cli/commands.test.ts" name="check &gt; passes a clean show" time="0.011043371">
        </testcase>
        <testcase classname="tests/cli/commands.test.ts" name="check &gt; needs a script" time="0.000643288">
        </testcase>
        <testcase classname="tests/cli/commands.test.ts" name="check &gt; reports a script it cannot read" time="0.000309696">
        </testcase>
        <testcase classname="tests/cli/commands.test.ts" name="check &gt; reports a missing catalog" time="0.001111644">
        </testcase>
        <testcase classname="tests/cli/commands.test.ts" name="check &gt; fails a show with an unknown effect and names it" time="0.001154244">
        </testcase>
        <testcase classname="tests/cli/commands.test.ts" name="check &gt; stays quiet about detail when asked" time="0.000825513">
        </testcase>
        <testcase classname="tests/cli/commands.test.ts" name="check &gt; prints the numbers on request" time="0.001989756">
        </testcase>
        <testcase classname="tests/cli/commands.test.ts" name="check &gt; applies a density cap from the command line" time="0.001299639">
        </testcase>
        <testcase classname="tests/cli/commands.test.ts" name="check &gt; applies a separation check when the audience line is given" time="0.002468452">
        </testcase>
        <testcase classname="tests/cli/commands.test.ts" name="check &gt; passes the same show with room" time="0.001041833">
        </testcase>
        <testcase classname="tests/cli/commands.test.ts" name="check &gt; takes a frame rate from the command line" time="0.000939118">
        </testcase>
        <testcase classname="tests/cli/commands.test.ts" name="check &gt; refuses a frame rate nothing runs at" time="0.000613652">
        </testcase>
        <testcase classname="tests/cli/commands.test.ts" name="table &gt; writes a csv to standard output" time="0.001801069">
        </testcase>
        <testcase classname="tests/cli/commands.test.ts" name="table &gt; writes to a file when told to" time="0.001039417">
        </testcase>
        <testcase classname="tests/cli/commands.test.ts" name="table &gt; refuses to write from a show that did not compile" time="0.000700377">
        </testcase>
        <testcase classname="tests/cli/commands.test.ts" name="table &gt; writes anyway under force" time="0.000741283">
        </testcase>
        <testcase classname="tests/cli/commands.test.ts" name="table &gt; takes an address and a time style" time="0.00101991">
        </testcase>
        <testcase classname="tests/cli/commands.test.ts" name="table &gt; refuses a flat address on a mixed rig" time="0.008922587">
        </testcase>
        <testcase classname="tests/cli/commands.test.ts" name="table &gt; can leave the header out" time="0.000739509">
        </testcase>
        <testcase classname="tests/cli/commands.test.ts" name="the command list &gt; holds check and table" time="0.000858174">
        </testcase>
        <testcase classname="tests/cli/commands.test.ts" name="the shared show pipeline &gt; makes every show command report a missing rig the same way" time="0.002576275">
        </testcase>
        <testcase classname="tests/cli/commands.test.ts" name="the shared show pipeline &gt; makes every show command refuse a script it cannot read" time="0.000430083">
        </testcase>
        <testcase classname="tests/cli/commands.test.ts" name="writing a document out &gt; trims the trailing newline the same way for every command" time="0.007843314">
        </testcase>
        <testcase classname="tests/cli/commands.test.ts" name="writing a document out &gt; writes to a file and says so the same way" time="0.006674192">
        </testcase>
        <testcase classname="tests/cli/commands.test.ts" name="writing a document out &gt; reports a failed write on standard error, not standard output" time="0.002151001">
        </testcase>
        <testcase classname="tests/cli/commands.test.ts" name="the advice flag &gt; adds the judgement checks to check" time="0.00161628">
        </testcase>
        <testcase classname="tests/cli/commands.test.ts" name="the advice flag &gt; leaves them out without the flag" time="0.000569548">
        </testcase>
        <testcase classname="tests/cli/commands.test.ts" name="the advice flag &gt; does not change the verdict" time="0.00220319">
        </testcase>
    </testsuite>
    <testsuite name="tests/cli/completion.test.ts" timestamp="2026-09-04T04:07:00.512Z" hostname="cb8347729b47" tests="14" failures="0" errors="0" skipped="0" time="0.013387176">
        <testcase classname="tests/cli/completion.test.ts" name="bash completion &gt; registers the function against the binary" time="0.001884307">
        </testcase>
        <testcase classname="tests/cli/completion.test.ts" name="bash completion &gt; offers every command at the first word" time="0.002362742">
        </testcase>
        <testcase classname="tests/cli/completion.test.ts" name="bash completion &gt; offers each command&apos;s own flags" time="0.000351515">
        </testcase>
        <testcase classname="tests/cli/completion.test.ts" name="bash completion &gt; falls back to filenames for a positional" time="0.000255924">
        </testcase>
        <testcase classname="tests/cli/completion.test.ts" name="bash completion &gt; says how to install itself" time="0.000233011">
        </testcase>
        <testcase classname="tests/cli/completion.test.ts" name="zsh completion &gt; starts with the compdef line" time="0.00037004">
        </testcase>
        <testcase classname="tests/cli/completion.test.ts" name="zsh completion &gt; describes every command" time="0.000759427">
        </testcase>
        <testcase classname="tests/cli/completion.test.ts" name="zsh completion &gt; describes the flags with their help text" time="0.000216771">
        </testcase>
        <testcase classname="tests/cli/completion.test.ts" name="zsh completion &gt; escapes a quote in help text rather than breaking the script" time="0.000348349">
        </testcase>
        <testcase classname="tests/cli/completion.test.ts" name="completionFor &gt; picks the shell it was asked for" time="0.000877601">
        </testcase>
        <testcase classname="tests/cli/completion.test.ts" name="the completion command &gt; writes a bash script by default" time="0.000856681">
        </testcase>
        <testcase classname="tests/cli/completion.test.ts" name="the completion command &gt; writes a zsh script on request" time="0.000572585">
        </testcase>
        <testcase classname="tests/cli/completion.test.ts" name="the completion command &gt; refuses a shell it does not write for" time="0.000653987">
        </testcase>
        <testcase classname="tests/cli/completion.test.ts" name="the completion command &gt; keeps up with a command being added" time="0.001198698">
        </testcase>
    </testsuite>
    <testsuite name="tests/cli/diffHazard.test.ts" timestamp="2026-09-04T04:07:00.512Z" hostname="cb8347729b47" tests="16" failures="0" errors="0" skipped="0" time="0.039897953">
        <testcase classname="tests/cli/diffHazard.test.ts" name="diff &gt; says nothing changed between a show and itself" time="0.010891464">
        </testcase>
        <testcase classname="tests/cli/diffHazard.test.ts" name="diff &gt; passes a revision that only moved cues" time="0.008519003">
        </testcase>
        <testcase classname="tests/cli/diffHazard.test.ts" name="diff &gt; fails a revision that needs rewiring" time="0.002335159">
        </testcase>
        <testcase classname="tests/cli/diffHazard.test.ts" name="diff &gt; needs an earlier script" time="0.000391611">
        </testcase>
        <testcase classname="tests/cli/diffHazard.test.ts" name="diff &gt; reports an earlier script it cannot read" time="0.00028022">
        </testcase>
        <testcase classname="tests/cli/diffHazard.test.ts" name="diff &gt; refuses when either side does not compile" time="0.002780583">
        </testcase>
        <testcase classname="tests/cli/diffHazard.test.ts" name="diff &gt; lists the pins to visit on request" time="0.001170917">
        </testcase>
        <testcase classname="tests/cli/diffHazard.test.ts" name="diff &gt; says no pin has to be touched for a move only change" time="0.001229768">
        </testcase>
        <testcase classname="tests/cli/diffHazard.test.ts" name="diff &gt; summarises by position on request" time="0.001164745">
        </testcase>
        <testcase classname="tests/cli/diffHazard.test.ts" name="hazard &gt; reports the net quantity and the division" time="0.001764591">
        </testcase>
        <testcase classname="tests/cli/diffHazard.test.ts" name="hazard &gt; lists the heaviest items" time="0.001356597">
        </testcase>
        <testcase classname="tests/cli/diffHazard.test.ts" name="hazard &gt; can be told not to list any" time="0.000902087">
        </testcase>
        <testcase classname="tests/cli/diffHazard.test.ts" name="hazard &gt; checks a store capacity" time="0.000700115">
        </testcase>
        <testcase classname="tests/cli/diffHazard.test.ts" name="hazard &gt; fails a store that is too small" time="0.001050337">
        </testcase>
        <testcase classname="tests/cli/diffHazard.test.ts" name="hazard &gt; fails a licence that does not cover the division" time="0.000575769">
        </testcase>
        <testcase classname="tests/cli/diffHazard.test.ts" name="hazard &gt; refuses a nonsense capacity or division list" time="0.002773209">
        </testcase>
    </testsuite>
    <testsuite name="tests/cli/distance.test.ts" timestamp="2026-09-04T04:07:00.513Z" hostname="cb8347729b47" tests="17" failures="0" errors="0" skipped="0" time="0.029151432">
        <testcase classname="tests/cli/distance.test.ts" name="distance &gt; prints a table of every standard calibre" time="0.005407403">
        </testcase>
        <testcase classname="tests/cli/distance.test.ts" name="distance &gt; prints one row for a calibre it was given" time="0.002216705">
        </testcase>
        <testcase classname="tests/cli/distance.test.ts" name="distance &gt; reads a metric calibre too" time="0.000638768">
        </testcase>
        <testcase classname="tests/cli/distance.test.ts" name="distance &gt; refuses something that is not a calibre" time="0.00043872">
        </testcase>
        <testcase classname="tests/cli/distance.test.ts" name="distance &gt; shows the flight times as well as the distance" time="0.000416709">
        </testcase>
        <testcase classname="tests/cli/distance.test.ts" name="distance &gt; adds feet on request" time="0.000457095">
        </testcase>
        <testcase classname="tests/cli/distance.test.ts" name="distance &gt; uses another rule when asked" time="0.000815875">
        </testcase>
        <testcase classname="tests/cli/distance.test.ts" name="distance &gt; marks the bores that need a written justification" time="0.001127233">
        </testcase>
        <testcase classname="tests/cli/distance.test.ts" name="distance --available &gt; says what a field can take" time="0.003581378">
        </testcase>
        <testcase classname="tests/cli/distance.test.ts" name="distance --available &gt; says when a field can take nothing" time="0.002124972">
        </testcase>
        <testcase classname="tests/cli/distance.test.ts" name="distance --available &gt; allows more under the reduced rule" time="0.002787726">
        </testcase>
        <testcase classname="tests/cli/distance.test.ts" name="distance --available &gt; refuses a nonsense room figure" time="0.000239764">
        </testcase>
        <testcase classname="tests/cli/distance.test.ts" name="pickCalibre &gt; picks a bore for a field" time="0.001220129">
        </testcase>
        <testcase classname="tests/cli/distance.test.ts" name="pickCalibre &gt; picks nothing for no room" time="0.003330514">
        </testcase>
        <testcase classname="tests/cli/distance.test.ts" name="main &gt; prints help with no arguments and fails" time="0.001280284">
        </testcase>
        <testcase classname="tests/cli/distance.test.ts" name="main &gt; lists every command in help" time="0.000318502">
        </testcase>
        <testcase classname="tests/cli/distance.test.ts" name="main &gt; carries a version" time="0.000450773">
        </testcase>
    </testsuite>
    <testsuite name="tests/cli/label.test.ts" timestamp="2026-09-04T04:07:00.515Z" hostname="cb8347729b47" tests="13" failures="0" errors="0" skipped="0" time="0.021195986">
        <testcase classname="tests/cli/label.test.ts" name="label &gt; prints the labelled script" time="0.007095529">
        </testcase>
        <testcase classname="tests/cli/label.test.ts" name="label &gt; rewrites in place and says how many it did" time="0.001113408">
        </testcase>
        <testcase classname="tests/cli/label.test.ts" name="label &gt; says so when there was nothing to do" time="0.000645721">
        </testcase>
        <testcase classname="tests/cli/label.test.ts" name="label &gt; passes the check on a labelled script" time="0.001067691">
        </testcase>
        <testcase classname="tests/cli/label.test.ts" name="label &gt; fails the check on a bare one" time="0.000721867">
        </testcase>
        <testcase classname="tests/cli/label.test.ts" name="label &gt; reports a label used twice" time="0.000905504">
        </testcase>
        <testcase classname="tests/cli/label.test.ts" name="label &gt; previews the cues as they would read" time="0.001523424">
        </testcase>
        <testcase classname="tests/cli/label.test.ts" name="label &gt; marks a cue that keeps its own label" time="0.000761059">
        </testcase>
        <testcase classname="tests/cli/label.test.ts" name="label &gt; needs a script" time="0.000365391">
        </testcase>
        <testcase classname="tests/cli/label.test.ts" name="label &gt; reports a script it cannot read" time="0.001000514">
        </testcase>
        <testcase classname="tests/cli/label.test.ts" name="label &gt; refuses a script that does not parse" time="0.000887359">
        </testcase>
        <testcase classname="tests/cli/label.test.ts" name="label &gt; produces a script that still parses and lints" time="0.002235531">
        </testcase>
        <testcase classname="tests/cli/label.test.ts" name="label &gt; makes lint report a label used twice" time="0.000636826">
        </testcase>
    </testsuite>
    <testsuite name="tests/cli/lint.test.ts" timestamp="2026-09-04T04:07:00.515Z" hostname="cb8347729b47" tests="19" failures="0" errors="0" skipped="0" time="0.018244129">
        <testcase classname="tests/cli/lint.test.ts" name="lint &gt; passes a clean script" time="0.00505616">
        </testcase>
        <testcase classname="tests/cli/lint.test.ts" name="lint &gt; fails a script with warnings and names them" time="0.001159073">
        </testcase>
        <testcase classname="tests/cli/lint.test.ts" name="lint &gt; needs a script" time="0.000241146">
        </testcase>
        <testcase classname="tests/cli/lint.test.ts" name="lint &gt; reports a script it cannot read" time="0.000233332">
        </testcase>
        <testcase classname="tests/cli/lint.test.ts" name="lint &gt; fails a script that does not parse" time="0.000667083">
        </testcase>
        <testcase classname="tests/cli/lint.test.ts" name="lint &gt; takes its own thresholds" time="0.000983682">
        </testcase>
        <testcase classname="tests/cli/lint.test.ts" name="lint &gt; refuses a nonsense threshold" time="0.00024307">
        </testcase>
        <testcase classname="tests/cli/lint.test.ts" name="lint &gt; follows includes when asked" time="0.001574039">
        </testcase>
        <testcase classname="tests/cli/lint.test.ts" name="lint &gt; finds a duplicate group across files" time="0.000990263">
        </testcase>
        <testcase classname="tests/cli/lint.test.ts" name="lint &gt; fails when a followed include is missing" time="0.000868864">
        </testcase>
        <testcase classname="tests/cli/lint.test.ts" name="fmt &gt; prints the formatted script" time="0.000726114">
        </testcase>
        <testcase classname="tests/cli/lint.test.ts" name="fmt &gt; says a formatted script is already formatted" time="0.000582983">
        </testcase>
        <testcase classname="tests/cli/lint.test.ts" name="fmt &gt; fails the check on an unformatted script" time="0.000947644">
        </testcase>
        <testcase classname="tests/cli/lint.test.ts" name="fmt &gt; rewrites in place" time="0.000727326">
        </testcase>
        <testcase classname="tests/cli/lint.test.ts" name="fmt &gt; says so when a rewrite changed nothing" time="0.00034358">
        </testcase>
        <testcase classname="tests/cli/lint.test.ts" name="fmt &gt; takes an indent width and minute times" time="0.000427488">
        </testcase>
        <testcase classname="tests/cli/lint.test.ts" name="fmt &gt; refuses a nonsense indent" time="0.000190791">
        </testcase>
        <testcase classname="tests/cli/lint.test.ts" name="fmt &gt; refuses to format a script that does not parse" time="0.000417891">
        </testcase>
        <testcase classname="tests/cli/lint.test.ts" name="fmt &gt; needs a script" time="0.00018486">
        </testcase>
    </testsuite>
    <testsuite name="tests/cli/permitContinuity.test.ts" timestamp="2026-09-04T04:07:00.517Z" hostname="cb8347729b47" tests="22" failures="0" errors="0" skipped="0" time="0.044832271">
        <testcase classname="tests/cli/permitContinuity.test.ts" name="permit &gt; writes the facts" time="0.016049034">
        </testcase>
        <testcase classname="tests/cli/permitContinuity.test.ts" name="permit &gt; refuses without an audience distance" time="0.000627558">
        </testcase>
        <testcase classname="tests/cli/permitContinuity.test.ts" name="permit &gt; takes the show and site names and the paperwork fields" time="0.001822289">
        </testcase>
        <testcase classname="tests/cli/permitContinuity.test.ts" name="permit &gt; falls back to the script name" time="0.001110112">
        </testcase>
        <testcase classname="tests/cli/permitContinuity.test.ts" name="permit &gt; says the show does not clear on a tight site" time="0.004751363">
        </testcase>
        <testcase classname="tests/cli/permitContinuity.test.ts" name="permit &gt; writes to a file" time="0.001808743">
        </testcase>
        <testcase classname="tests/cli/permitContinuity.test.ts" name="continuity &gt; passes a walk that matches the show" time="0.002786876">
        </testcase>
        <testcase classname="tests/cli/permitContinuity.test.ts" name="continuity &gt; needs a walk" time="0.000378697">
        </testcase>
        <testcase classname="tests/cli/permitContinuity.test.ts" name="continuity &gt; reports a walk it cannot read" time="0.000700326">
        </testcase>
        <testcase classname="tests/cli/permitContinuity.test.ts" name="continuity &gt; fails a walk with a dead cue and names the pin" time="0.00115164">
        </testcase>
        <testcase classname="tests/cli/permitContinuity.test.ts" name="continuity &gt; fails a walk with a stray lead" time="0.001012597">
        </testcase>
        <testcase classname="tests/cli/permitContinuity.test.ts" name="continuity &gt; stops on a walk that will not parse" time="0.001226161">
        </testcase>
        <testcase classname="tests/cli/permitContinuity.test.ts" name="continuity &gt; refuses to check a show that does not compile" time="0.001371537">
        </testcase>
        <testcase classname="tests/cli/permitContinuity.test.ts" name="continuity &gt; checks resistances on request" time="0.001658809">
        </testcase>
        <testcase classname="tests/cli/permitContinuity.test.ts" name="continuity &gt; lists the pins the walk never reached" time="0.000966088">
        </testcase>
        <testcase classname="tests/cli/permitContinuity.test.ts" name="continuity &gt; says so when the walk covered everything" time="0.000817046">
        </testcase>
        <testcase classname="tests/cli/permitContinuity.test.ts" name="explain &gt; explains a cue by number" time="0.001364643">
        </testcase>
        <testcase classname="tests/cli/permitContinuity.test.ts" name="explain &gt; explains a cue by pin" time="0.000879774">
        </testcase>
        <testcase classname="tests/cli/permitContinuity.test.ts" name="explain &gt; needs a cue to explain" time="0.000235195">
        </testcase>
        <testcase classname="tests/cli/permitContinuity.test.ts" name="explain &gt; says how many cues there are when it cannot find one" time="0.000598834">
        </testcase>
        <testcase classname="tests/cli/permitContinuity.test.ts" name="explain &gt; lists neighbours on request" time="0.000638478">
        </testcase>
        <testcase classname="tests/cli/permitContinuity.test.ts" name="explain &gt; refuses a nonsense window" time="0.000723279">
        </testcase>
    </testsuite>
    <testsuite name="tests/cli/planLayout.test.ts" timestamp="2026-09-04T04:07:00.518Z" hostname="cb8347729b47" tests="24" failures="0" errors="0" skipped="0" time="0.066383719">
        <testcase classname="tests/cli/planLayout.test.ts" name="plan &gt; draws the site" time="0.0161152">
        </testcase>
        <testcase classname="tests/cli/planLayout.test.ts" name="plan &gt; needs an audience distance" time="0.000447427">
        </testcase>
        <testcase classname="tests/cli/planLayout.test.ts" name="plan &gt; takes a size" time="0.003281761">
        </testcase>
        <testcase classname="tests/cli/planLayout.test.ts" name="plan &gt; refuses a nonsense size" time="0.001705357">
        </testcase>
        <testcase classname="tests/cli/planLayout.test.ts" name="plan &gt; draws rings on request" time="0.00327015">
        </testcase>
        <testcase classname="tests/cli/planLayout.test.ts" name="layout &gt; gives the racks by position and bore" time="0.009806501">
        </testcase>
        <testcase classname="tests/cli/planLayout.test.ts" name="layout &gt; prints the tube order on request" time="0.00186532">
        </testcase>
        <testcase classname="tests/cli/planLayout.test.ts" name="layout &gt; names a position carrying two bores" time="0.00111471">
        </testcase>
        <testcase classname="tests/cli/planLayout.test.ts" name="layout &gt; warns when a position needs too many racks" time="0.001867405">
        </testcase>
        <testcase classname="tests/cli/planLayout.test.ts" name="layout &gt; refuses a nonsense rack cap" time="0.001604568">
        </testcase>
        <testcase classname="tests/cli/planLayout.test.ts" name="layout &gt; refuses a show that does not compile" time="0.001242001">
        </testcase>
        <testcase classname="tests/cli/planLayout.test.ts" name="rehearse &gt; writes a plan a watcher can follow" time="0.004979364">
        </testcase>
        <testcase classname="tests/cli/planLayout.test.ts" name="rehearse &gt; counts the watchers" time="0.002314741">
        </testcase>
        <testcase classname="tests/cli/planLayout.test.ts" name="rehearse &gt; takes its own window" time="0.007655058">
        </testcase>
        <testcase classname="tests/cli/planLayout.test.ts" name="rehearse &gt; writes to a file" time="0.000962462">
        </testcase>
        <testcase classname="tests/cli/planLayout.test.ts" name="rehearse &gt; refuses a show that does not compile" time="0.000450082">
        </testcase>
        <testcase classname="tests/cli/planLayout.test.ts" name="rehearse &gt; refuses a nonsense window" time="0.000590978">
        </testcase>
        <testcase classname="tests/cli/planLayout.test.ts" name="annotate &gt; writes the firing time and pins onto each cue" time="0.001126252">
        </testcase>
        <testcase classname="tests/cli/planLayout.test.ts" name="annotate &gt; can leave the pins out" time="0.000918569">
        </testcase>
        <testcase classname="tests/cli/planLayout.test.ts" name="annotate &gt; rewrites in place" time="0.000624261">
        </testcase>
        <testcase classname="tests/cli/planLayout.test.ts" name="annotate &gt; strips annotations back off" time="0.000652646">
        </testcase>
        <testcase classname="tests/cli/planLayout.test.ts" name="annotate &gt; needs a script" time="0.000202875">
        </testcase>
        <testcase classname="tests/cli/planLayout.test.ts" name="annotate &gt; refuses a show that does not compile" time="0.000360011">
        </testcase>
        <testcase classname="tests/cli/planLayout.test.ts" name="annotate &gt; refuses a nonsense pin cap" time="0.000516959">
        </testcase>
    </testsuite>
    <testsuite name="tests/cli/preview.test.ts" timestamp="2026-09-04T04:07:00.519Z" hostname="cb8347729b47" tests="9" failures="0" errors="0" skipped="0" time="0.036415831">
        <testcase classname="tests/cli/preview.test.ts" name="preview &gt; prints both views by default" time="0.017501763">
        </testcase>
        <testcase classname="tests/cli/preview.test.ts" name="preview &gt; prints only the chart" time="0.001764599">
        </testcase>
        <testcase classname="tests/cli/preview.test.ts" name="preview &gt; prints only the storyboard" time="0.002460436">
        </testcase>
        <testcase classname="tests/cli/preview.test.ts" name="preview &gt; always ends with the density line" time="0.002790632">
        </testcase>
        <testcase classname="tests/cli/preview.test.ts" name="preview &gt; takes a slice size and a width" time="0.001608694">
        </testcase>
        <testcase classname="tests/cli/preview.test.ts" name="preview &gt; groups a ripple into one moment with a wide window" time="0.001787935">
        </testcase>
        <testcase classname="tests/cli/preview.test.ts" name="preview &gt; refuses a nonsense slice or width" time="0.003308321">
        </testcase>
        <testcase classname="tests/cli/preview.test.ts" name="preview &gt; still previews a show with errors" time="0.002153716">
        </testcase>
        <testcase classname="tests/cli/preview.test.ts" name="preview &gt; says so for an empty show" time="0.001467517">
        </testcase>
    </testsuite>
    <testsuite name="tests/cli/sheetInventory.test.ts" timestamp="2026-09-04T04:07:00.520Z" hostname="cb8347729b47" tests="19" failures="0" errors="0" skipped="0" time="0.039382988">
        <testcase classname="tests/cli/sheetInventory.test.ts" name="sheet &gt; prints a cue sheet with a header block" time="0.011895234">
        </testcase>
        <testcase classname="tests/cli/sheetInventory.test.ts" name="sheet &gt; can leave the header out" time="0.001879798">
        </testcase>
        <testcase classname="tests/cli/sheetInventory.test.ts" name="sheet &gt; prints a wiring sheet with every pin" time="0.002440059">
        </testcase>
        <testcase classname="tests/cli/sheetInventory.test.ts" name="sheet &gt; prints one block per position" time="0.001744411">
        </testcase>
        <testcase classname="tests/cli/sheetInventory.test.ts" name="sheet &gt; says so when a position sheet has nothing on it" time="0.00068678">
        </testcase>
        <testcase classname="tests/cli/sheetInventory.test.ts" name="sheet &gt; writes to a file" time="0.001391573">
        </testcase>
        <testcase classname="tests/cli/sheetInventory.test.ts" name="sheet &gt; still prints a sheet from a show with errors" time="0.001466706">
        </testcase>
        <testcase classname="tests/cli/sheetInventory.test.ts" name="sheet &gt; can drop the break column" time="0.001004502">
        </testcase>
        <testcase classname="tests/cli/sheetInventory.test.ts" name="inventory &gt; counts what the show consumes without a book" time="0.002029331">
        </testcase>
        <testcase classname="tests/cli/sheetInventory.test.ts" name="inventory &gt; compares against the magazine and finds the shortfall" time="0.002040792">
        </testcase>
        <testcase classname="tests/cli/sheetInventory.test.ts" name="inventory &gt; says so when everything is in stock" time="0.000932424">
        </testcase>
        <testcase classname="tests/cli/sheetInventory.test.ts" name="inventory &gt; lists stock the show never touches on request" time="0.001360515">
        </testcase>
        <testcase classname="tests/cli/sheetInventory.test.ts" name="inventory &gt; reports a magazine book it cannot read" time="0.000703942">
        </testcase>
        <testcase classname="tests/cli/sheetInventory.test.ts" name="inventory &gt; stops on a magazine book that will not parse" time="0.000638067">
        </testcase>
        <testcase classname="tests/cli/sheetInventory.test.ts" name="inventory &gt; leaves the on hand column empty with no book" time="0.001086587">
        </testcase>
        <testcase classname="tests/cli/sheetInventory.test.ts" name="the command list &gt; holds the commands a show needs end to end" time="0.001087989">
        </testcase>
        <testcase classname="tests/cli/sheetInventory.test.ts" name="the command list &gt; gives every command a name, a summary and a usage line" time="0.00179193">
        </testcase>
        <testcase classname="tests/cli/sheetInventory.test.ts" name="the command list &gt; names every command in the overall help" time="0.000862914">
        </testcase>
        <testcase classname="tests/cli/sheetInventory.test.ts" name="the command list &gt; gives every command its own help screen" time="0.002116445">
        </testcase>
    </testsuite>
    <testsuite name="tests/core/codes.test.ts" timestamp="2026-09-04T04:07:00.523Z" hostname="cb8347729b47" tests="17" failures="0" errors="0" skipped="0" time="0.026162845">
        <testcase classname="tests/core/codes.test.ts" name="the ranges &gt; do not overlap and run in order" time="0.001857274">
        </testcase>
        <testcase classname="tests/core/codes.test.ts" name="the ranges &gt; give every range an area and a meaning" time="0.000638999">
        </testcase>
        <testcase classname="tests/core/codes.test.ts" name="every code the source emits &gt; finds a good many of them" time="0.000156876">
        </testcase>
        <testcase classname="tests/core/codes.test.ts" name="every code the source emits &gt; sits inside a documented range" time="0.00118909">
        </testcase>
        <testcase classname="tests/core/codes.test.ts" name="every code the source emits &gt; has a code shaped like a code" time="0.00641423">
        </testcase>
        <testcase classname="tests/core/codes.test.ts" name="every code the source emits &gt; puts loading codes in the loading range" time="0.000483133">
        </testcase>
        <testcase classname="tests/core/codes.test.ts" name="the notes &gt; only note codes the source actually emits" time="0.007555219">
        </testcase>
        <testcase classname="tests/core/codes.test.ts" name="the notes &gt; say something worth saying" time="0.000698732">
        </testcase>
        <testcase classname="tests/core/codes.test.ts" name="lookup &gt; explains a code with a note" time="0.000741563">
        </testcase>
        <testcase classname="tests/core/codes.test.ts" name="lookup &gt; explains a code without one" time="0.000266614">
        </testcase>
        <testcase classname="tests/core/codes.test.ts" name="lookup &gt; takes a code in lower case" time="0.000165663">
        </testcase>
        <testcase classname="tests/core/codes.test.ts" name="lookup &gt; refuses something that is not a code" time="0.000297773">
        </testcase>
        <testcase classname="tests/core/codes.test.ts" name="lookup &gt; refuses a code outside every range" time="0.000366374">
        </testcase>
        <testcase classname="tests/core/codes.test.ts" name="the codes command &gt; lists the ranges by default" time="0.001527011">
        </testcase>
        <testcase classname="tests/core/codes.test.ts" name="the codes command &gt; explains a code" time="0.000521017">
        </testcase>
        <testcase classname="tests/core/codes.test.ts" name="the codes command &gt; refuses something that is not a code" time="0.000480659">
        </testcase>
        <testcase classname="tests/core/codes.test.ts" name="the codes command &gt; lists every noted code on request" time="0.000620533">
        </testcase>
    </testsuite>
    <testsuite name="tests/core/collect.test.ts" timestamp="2026-09-04T04:07:00.525Z" hostname="cb8347729b47" tests="12" failures="0" errors="0" skipped="0" time="0.008276073">
        <testcase classname="tests/core/collect.test.ts" name="countBy &gt; tallies by the key" time="0.002422424">
        </testcase>
        <testcase classname="tests/core/collect.test.ts" name="countBy &gt; counts nothing for an empty list" time="0.000296983">
        </testcase>
        <testcase classname="tests/core/collect.test.ts" name="sumBy &gt; adds a value per key" time="0.000336296">
        </testcase>
        <testcase classname="tests/core/collect.test.ts" name="sumBy &gt; handles a value of zero" time="0.000307272">
        </testcase>
        <testcase classname="tests/core/collect.test.ts" name="groupBy &gt; collects items under their key" time="0.001312624">
        </testcase>
        <testcase classname="tests/core/collect.test.ts" name="groupBy &gt; keeps the order items arrived in" time="0.000291111">
        </testcase>
        <testcase classname="tests/core/collect.test.ts" name="sortedEntries &gt; orders by key rather than by insertion" time="0.000703581">
        </testcase>
        <testcase classname="tests/core/collect.test.ts" name="sortedEntries &gt; takes a comparator, so ids sort the way a person reads them" time="0.000281092">
        </testcase>
        <testcase classname="tests/core/collect.test.ts" name="rankedEntries &gt; puts the largest first" time="0.000231117">
        </testcase>
        <testcase classname="tests/core/collect.test.ts" name="rankedEntries &gt; breaks a tie by key" time="0.0001846">
        </testcase>
        <testcase classname="tests/core/collect.test.ts" name="distinct &gt; lists each value once, sorted" time="0.000189008">
        </testcase>
        <testcase classname="tests/core/collect.test.ts" name="distinct &gt; lists nothing for an empty input" time="0.000129326">
        </testcase>
    </testsuite>
    <testsuite name="tests/core/csv.test.ts" timestamp="2026-09-04T04:07:00.526Z" hostname="cb8347729b47" tests="28" failures="0" errors="0" skipped="0" time="0.0129024">
        <testcase classname="tests/core/csv.test.ts" name="parseCsv &gt; splits plain rows" time="0.001866583">
        </testcase>
        <testcase classname="tests/core/csv.test.ts" name="parseCsv &gt; keeps the line number of each row" time="0.000529802">
        </testcase>
        <testcase classname="tests/core/csv.test.ts" name="parseCsv &gt; trims stray whitespace by default" time="0.000193186">
        </testcase>
        <testcase classname="tests/core/csv.test.ts" name="parseCsv &gt; can be told to keep whitespace" time="0.000203215">
        </testcase>
        <testcase classname="tests/core/csv.test.ts" name="parseCsv &gt; reads a quoted field with the delimiter inside" time="0.000177345">
        </testcase>
        <testcase classname="tests/core/csv.test.ts" name="parseCsv &gt; reads a doubled quote as one quote" time="0.000213314">
        </testcase>
        <testcase classname="tests/core/csv.test.ts" name="parseCsv &gt; keeps whitespace inside a quoted field" time="0.000147589">
        </testcase>
        <testcase classname="tests/core/csv.test.ts" name="parseCsv &gt; reads a newline inside a quoted field" time="0.000953354">
        </testcase>
        <testcase classname="tests/core/csv.test.ts" name="parseCsv &gt; swallows carriage returns" time="0.000347938">
        </testcase>
        <testcase classname="tests/core/csv.test.ts" name="parseCsv &gt; skips blank lines by default" time="0.00018492">
        </testcase>
        <testcase classname="tests/core/csv.test.ts" name="parseCsv &gt; numbers rows past a skipped blank correctly" time="0.000144413">
        </testcase>
        <testcase classname="tests/core/csv.test.ts" name="parseCsv &gt; can be told to keep blank lines" time="0.000173859">
        </testcase>
        <testcase classname="tests/core/csv.test.ts" name="parseCsv &gt; keeps a row of empty fields" time="0.000160093">
        </testcase>
        <testcase classname="tests/core/csv.test.ts" name="parseCsv &gt; handles a trailing newline" time="0.000404616">
        </testcase>
        <testcase classname="tests/core/csv.test.ts" name="parseCsv &gt; handles an empty file" time="0.000433511">
        </testcase>
        <testcase classname="tests/core/csv.test.ts" name="parseCsv &gt; takes another delimiter" time="0.000573385">
        </testcase>
        <testcase classname="tests/core/csv.test.ts" name="parseCsv &gt; refuses a delimiter that is not one character" time="0.000789254">
        </testcase>
        <testcase classname="tests/core/csv.test.ts" name="writeCsv &gt; writes plain fields bare" time="0.000220547">
        </testcase>
        <testcase classname="tests/core/csv.test.ts" name="writeCsv &gt; quotes a field holding the delimiter" time="0.000234585">
        </testcase>
        <testcase classname="tests/core/csv.test.ts" name="writeCsv &gt; doubles an embedded quote" time="0.00011635">
        </testcase>
        <testcase classname="tests/core/csv.test.ts" name="writeCsv &gt; quotes a field with a newline or padding" time="0.00012683">
        </testcase>
        <testcase classname="tests/core/csv.test.ts" name="writeCsv &gt; round trips through the parser" time="0.000193667">
        </testcase>
        <testcase classname="tests/core/csv.test.ts" name="readTable &gt; normalises headers" time="0.000473947">
        </testcase>
        <testcase classname="tests/core/csv.test.ts" name="readTable &gt; maps every record by header" time="0.000154182">
        </testcase>
        <testcase classname="tests/core/csv.test.ts" name="readTable &gt; keeps the source line of each record" time="0.000290519">
        </testcase>
        <testcase classname="tests/core/csv.test.ts" name="readTable &gt; fills a short row with empty strings" time="0.000859137">
        </testcase>
        <testcase classname="tests/core/csv.test.ts" name="readTable &gt; returns nothing for an empty file" time="0.000162477">
        </testcase>
        <testcase classname="tests/core/csv.test.ts" name="readTable &gt; round trips through tableToCsv" time="0.000262166">
        </testcase>
    </testsuite>
    <testsuite name="tests/core/diagnostic.test.ts" timestamp="2026-09-04T04:07:00.528Z" hostname="cb8347729b47" tests="19" failures="0" errors="0" skipped="0" time="0.010746319">
        <testcase classname="tests/core/diagnostic.test.ts" name="constructors &gt; stamps the severity" time="0.001448752">
        </testcase>
        <testcase classname="tests/core/diagnostic.test.ts" name="constructors &gt; leaves optional fields off when not given" time="0.000290711">
        </testcase>
        <testcase classname="tests/core/diagnostic.test.ts" name="constructors &gt; keeps optional fields when given" time="0.000742896">
        </testcase>
        <testcase classname="tests/core/diagnostic.test.ts" name="constructors &gt; recognises an error" time="0.000231489">
        </testcase>
        <testcase classname="tests/core/diagnostic.test.ts" name="ordering &gt; sorts by file name first" time="0.000309837">
        </testcase>
        <testcase classname="tests/core/diagnostic.test.ts" name="ordering &gt; sorts by offset within a file" time="0.000242028">
        </testcase>
        <testcase classname="tests/core/diagnostic.test.ts" name="ordering &gt; puts an error before a warning at the same offset" time="0.000946711">
        </testcase>
        <testcase classname="tests/core/diagnostic.test.ts" name="ordering &gt; falls back to the code" time="0.000284188">
        </testcase>
        <testcase classname="tests/core/diagnostic.test.ts" name="ordering &gt; sinks a diagnostic with no span to the end" time="0.00023263">
        </testcase>
        <testcase classname="tests/core/diagnostic.test.ts" name="DiagnosticBag &gt; counts what it holds" time="0.00076017">
        </testcase>
        <testcase classname="tests/core/diagnostic.test.ts" name="DiagnosticBag &gt; is clean when it holds only warnings" time="0.000170312">
        </testcase>
        <testcase classname="tests/core/diagnostic.test.ts" name="DiagnosticBag &gt; takes a batch" time="0.000180483">
        </testcase>
        <testcase classname="tests/core/diagnostic.test.ts" name="DiagnosticBag &gt; keeps insertion order in all but sorts on request" time="0.000423552">
        </testcase>
        <testcase classname="tests/core/diagnostic.test.ts" name="DiagnosticBag &gt; filters by severity and code" time="0.001060247">
        </testcase>
        <testcase classname="tests/core/diagnostic.test.ts" name="formatting &gt; names the location and shows the source" time="0.000605756">
        </testcase>
        <testcase classname="tests/core/diagnostic.test.ts" name="formatting &gt; can leave the source out" time="0.000224064">
        </testcase>
        <testcase classname="tests/core/diagnostic.test.ts" name="formatting &gt; copes with no location at all" time="0.000175021">
        </testcase>
        <testcase classname="tests/core/diagnostic.test.ts" name="formatting &gt; renders a whole bag in sorted order" time="0.000291572">
        </testcase>
        <testcase classname="tests/core/diagnostic.test.ts" name="summarise &gt; uses singular and plural correctly" time="0.000302192">
        </testcase>
    </testsuite>
    <testsuite name="tests/core/graph.test.ts" timestamp="2026-09-04T04:07:00.530Z" hostname="cb8347729b47" tests="22" failures="0" errors="0" skipped="0" time="0.012873134">
        <testcase classname="tests/core/graph.test.ts" name="buildAdjacency &gt; collects targets under each source" time="0.002455237">
        </testcase>
        <testcase classname="tests/core/graph.test.ts" name="buildAdjacency &gt; gives a target with no outgoing edges an empty list" time="0.000450934">
        </testcase>
        <testcase classname="tests/core/graph.test.ts" name="buildAdjacency &gt; lists every node once" time="0.000387854">
        </testcase>
        <testcase classname="tests/core/graph.test.ts" name="buildAdjacency &gt; handles no edges at all" time="0.000164061">
        </testcase>
        <testcase classname="tests/core/graph.test.ts" name="topologicalOrder &gt; puts a source before everything it reaches" time="0.000636855">
        </testcase>
        <testcase classname="tests/core/graph.test.ts" name="topologicalOrder &gt; breaks ties alphabetically so the order is stable" time="0.000252137">
        </testcase>
        <testcase classname="tests/core/graph.test.ts" name="topologicalOrder &gt; orders an empty graph" time="0.000201231">
        </testcase>
        <testcase classname="tests/core/graph.test.ts" name="topologicalOrder &gt; gives up on a cycle" time="0.000185111">
        </testcase>
        <testcase classname="tests/core/graph.test.ts" name="findCycle &gt; finds nothing in a clean graph" time="0.000619603">
        </testcase>
        <testcase classname="tests/core/graph.test.ts" name="findCycle &gt; names the loop with the start repeated" time="0.000256896">
        </testcase>
        <testcase classname="tests/core/graph.test.ts" name="findCycle &gt; finds a self loop" time="0.00014825">
        </testcase>
        <testcase classname="tests/core/graph.test.ts" name="findCycle &gt; finds a cycle that hangs off a clean branch" time="0.000224695">
        </testcase>
        <testcase classname="tests/core/graph.test.ts" name="reachableFrom &gt; walks the whole chain" time="0.000265932">
        </testcase>
        <testcase classname="tests/core/graph.test.ts" name="reachableFrom &gt; does not include the start" time="0.00011625">
        </testcase>
        <testcase classname="tests/core/graph.test.ts" name="reachableFrom &gt; finds nothing from a leaf" time="0.000351525">
        </testcase>
        <testcase classname="tests/core/graph.test.ts" name="reachableFrom &gt; does not loop forever on a cycle" time="0.000136067">
        </testcase>
        <testcase classname="tests/core/graph.test.ts" name="reachableFrom &gt; finds nothing from a node that is not there" time="0.000172356">
        </testcase>
        <testcase classname="tests/core/graph.test.ts" name="roots and leaves &gt; finds the file nothing includes" time="0.000645801">
        </testcase>
        <testcase classname="tests/core/graph.test.ts" name="roots and leaves &gt; finds the files that include nothing" time="0.000280601">
        </testcase>
        <testcase classname="tests/core/graph.test.ts" name="roots and leaves &gt; has no roots in a pure cycle" time="0.000716285">
        </testcase>
        <testcase classname="tests/core/graph.test.ts" name="reverse &gt; turns every edge around" time="0.000751973">
        </testcase>
        <testcase classname="tests/core/graph.test.ts" name="reverse &gt; sorts the incoming edges" time="0.000374109">
        </testcase>
    </testsuite>
    <testsuite name="tests/core/ids.test.ts" timestamp="2026-09-04T04:07:00.531Z" hostname="cb8347729b47" tests="25" failures="0" errors="0" skipped="0" time="0.009645795">
        <testcase classname="tests/core/ids.test.ts" name="checkId &gt; accepts a dotted lowercase name" time="0.001243013">
        </testcase>
        <testcase classname="tests/core/ids.test.ts" name="checkId &gt; rejects an empty name" time="0.00029629">
        </testcase>
        <testcase classname="tests/core/ids.test.ts" name="checkId &gt; rejects uppercase and says why" time="0.000296932">
        </testcase>
        <testcase classname="tests/core/ids.test.ts" name="checkId &gt; rejects an empty segment" time="0.00019613">
        </testcase>
        <testcase classname="tests/core/ids.test.ts" name="checkId &gt; rejects a space or a slash" time="0.000167788">
        </testcase>
        <testcase classname="tests/core/ids.test.ts" name="checkId &gt; rejects a segment starting with a hyphen" time="0.000169681">
        </testcase>
        <testcase classname="tests/core/ids.test.ts" name="checkId &gt; rejects a name that is far too long" time="0.000209917">
        </testcase>
        <testcase classname="tests/core/ids.test.ts" name="checkId &gt; agrees with isValidId" time="0.000176625">
        </testcase>
        <testcase classname="tests/core/ids.test.ts" name="constructors &gt; brand a valid name" time="0.000316239">
        </testcase>
        <testcase classname="tests/core/ids.test.ts" name="constructors &gt; throw with the kind of name in the message" time="0.001575973">
        </testcase>
        <testcase classname="tests/core/ids.test.ts" name="structure &gt; splits into segments" time="0.000564238">
        </testcase>
        <testcase classname="tests/core/ids.test.ts" name="structure &gt; reads the namespace and the leaf" time="0.000227049">
        </testcase>
        <testcase classname="tests/core/ids.test.ts" name="structure &gt; has no namespace for a bare name" time="0.000122101">
        </testcase>
        <testcase classname="tests/core/ids.test.ts" name="structure &gt; counts depth" time="0.000144023">
        </testcase>
        <testcase classname="tests/core/ids.test.ts" name="isUnder &gt; matches on a segment boundary" time="0.000327851">
        </testcase>
        <testcase classname="tests/core/ids.test.ts" name="isUnder &gt; does not match a partial segment" time="0.000148191">
        </testcase>
        <testcase classname="tests/core/ids.test.ts" name="isUnder &gt; does not match a longer prefix" time="0.000098044">
        </testcase>
        <testcase classname="tests/core/ids.test.ts" name="compareIds &gt; orders numeric segments numerically" time="0.000411448">
        </testcase>
        <testcase classname="tests/core/ids.test.ts" name="compareIds &gt; orders text segments alphabetically" time="0.00012163">
        </testcase>
        <testcase classname="tests/core/ids.test.ts" name="compareIds &gt; puts a shorter name before its own extension" time="0.000095791">
        </testcase>
        <testcase classname="tests/core/ids.test.ts" name="compareIds &gt; says equal names are equal" time="0.000102885">
        </testcase>
        <testcase classname="tests/core/ids.test.ts" name="compareIds &gt; does not compare a number against a word numerically" time="0.000152298">
        </testcase>
        <testcase classname="tests/core/ids.test.ts" name="compareIds &gt; sorts a catalog the way a person reads it" time="0.000171624">
        </testcase>
        <testcase classname="tests/core/ids.test.ts" name="joinId &gt; joins parts with dots" time="0.000132702">
        </testcase>
        <testcase classname="tests/core/ids.test.ts" name="joinId &gt; drops empty parts rather than leaving a double dot" time="0.000109196">
        </testcase>
    </testsuite>
    <testsuite name="tests/core/interval.test.ts" timestamp="2026-09-04T04:07:00.533Z" hostname="cb8347729b47" tests="29" failures="0" errors="0" skipped="0" time="0.018416786">
        <testcase classname="tests/core/interval.test.ts" name="construction &gt; holds a start and an end" time="0.00219809">
        </testcase>
        <testcase classname="tests/core/interval.test.ts" name="construction &gt; builds from a duration" time="0.000479909">
        </testcase>
        <testcase classname="tests/core/interval.test.ts" name="construction &gt; allows an empty window" time="0.000440834">
        </testcase>
        <testcase classname="tests/core/interval.test.ts" name="construction &gt; refuses a backwards window" time="0.001417051">
        </testcase>
        <testcase classname="tests/core/interval.test.ts" name="membership &gt; is half open" time="0.000554429">
        </testcase>
        <testcase classname="tests/core/interval.test.ts" name="membership &gt; treats touching windows as not overlapping" time="0.000488876">
        </testcase>
        <testcase classname="tests/core/interval.test.ts" name="membership &gt; finds the shared part" time="0.001179042">
        </testcase>
        <testcase classname="tests/core/interval.test.ts" name="membership &gt; builds the hull over a gap" time="0.000424092">
        </testcase>
        <testcase classname="tests/core/interval.test.ts" name="shifting and ordering &gt; shifts both ends" time="0.000404155">
        </testcase>
        <testcase classname="tests/core/interval.test.ts" name="shifting and ordering &gt; orders by start then end" time="0.000628299">
        </testcase>
        <testcase classname="tests/core/interval.test.ts" name="shifting and ordering &gt; sorts without touching the input" time="0.000464489">
        </testcase>
        <testcase classname="tests/core/interval.test.ts" name="merge &gt; joins overlapping windows" time="0.00047038">
        </testcase>
        <testcase classname="tests/core/interval.test.ts" name="merge &gt; joins touching windows into one run" time="0.000374108">
        </testcase>
        <testcase classname="tests/core/interval.test.ts" name="merge &gt; keeps separate windows apart" time="0.000387574">
        </testcase>
        <testcase classname="tests/core/interval.test.ts" name="merge &gt; swallows a window inside another" time="0.000360202">
        </testcase>
        <testcase classname="tests/core/interval.test.ts" name="merge &gt; drops empty windows" time="0.000409124">
        </testcase>
        <testcase classname="tests/core/interval.test.ts" name="merge &gt; handles nothing at all" time="0.000228172">
        </testcase>
        <testcase classname="tests/core/interval.test.ts" name="coverage and gaps &gt; counts overlapping time once" time="0.000361796">
        </testcase>
        <testcase classname="tests/core/interval.test.ts" name="coverage and gaps &gt; adds separate windows" time="0.000261034">
        </testcase>
        <testcase classname="tests/core/interval.test.ts" name="coverage and gaps &gt; finds the quiet stretches" time="0.000366553">
        </testcase>
        <testcase classname="tests/core/interval.test.ts" name="coverage and gaps &gt; reports no gaps for one run" time="0.0002799">
        </testcase>
        <testcase classname="tests/core/interval.test.ts" name="peakOverlap &gt; finds how many are live at once and when" time="0.000460632">
        </testcase>
        <testcase classname="tests/core/interval.test.ts" name="peakOverlap &gt; does not count a window that has just ended" time="0.000398133">
        </testcase>
        <testcase classname="tests/core/interval.test.ts" name="peakOverlap &gt; returns zero for nothing" time="0.000208423">
        </testcase>
        <testcase classname="tests/core/interval.test.ts" name="peakOverlap &gt; ignores empty windows" time="0.000287604">
        </testcase>
        <testcase classname="tests/core/interval.test.ts" name="overlappingPairs &gt; names both indexes of each clash" time="0.000469719">
        </testcase>
        <testcase classname="tests/core/interval.test.ts" name="overlappingPairs &gt; keeps the indexes of the original list" time="0.000306379">
        </testcase>
        <testcase classname="tests/core/interval.test.ts" name="overlappingPairs &gt; finds several clashes" time="0.000283406">
        </testcase>
        <testcase classname="tests/core/interval.test.ts" name="overlappingPairs &gt; finds nothing in a clean run" time="0.000324414">
        </testcase>
    </testsuite>
    <testsuite name="tests/core/numeric.test.ts" timestamp="2026-09-04T04:07:00.535Z" hostname="cb8347729b47" tests="27" failures="0" errors="0" skipped="0" time="0.012030439">
        <testcase classname="tests/core/numeric.test.ts" name="clamp and lerp &gt; clamps into the range" time="0.001270084">
        </testcase>
        <testcase classname="tests/core/numeric.test.ts" name="clamp and lerp &gt; refuses backwards bounds" time="0.00091441">
        </testcase>
        <testcase classname="tests/core/numeric.test.ts" name="clamp and lerp &gt; interpolates" time="0.000277636">
        </testcase>
        <testcase classname="tests/core/numeric.test.ts" name="clamp and lerp &gt; inverts, clamped" time="0.000226048">
        </testcase>
        <testcase classname="tests/core/numeric.test.ts" name="rounding &gt; snaps to a step" time="0.000208355">
        </testcase>
        <testcase classname="tests/core/numeric.test.ts" name="rounding &gt; floors and ceils to a step" time="0.00036417">
        </testcase>
        <testcase classname="tests/core/numeric.test.ts" name="rounding &gt; does not leave float dust behind" time="0.000138172">
        </testcase>
        <testcase classname="tests/core/numeric.test.ts" name="rounding &gt; refuses a step of zero or less" time="0.001048724">
        </testcase>
        <testcase classname="tests/core/numeric.test.ts" name="rounding &gt; compares with a tolerance" time="0.000219967">
        </testcase>
        <testcase classname="tests/core/numeric.test.ts" name="aggregates &gt; sums and averages" time="0.000208786">
        </testcase>
        <testcase classname="tests/core/numeric.test.ts" name="aggregates &gt; gives zero for an empty list rather than NaN" time="0.000323302">
        </testcase>
        <testcase classname="tests/core/numeric.test.ts" name="aggregates &gt; finds the median of an even and an odd list" time="0.000130337">
        </testcase>
        <testcase classname="tests/core/numeric.test.ts" name="aggregates &gt; interpolates a percentile" time="0.000159051">
        </testcase>
        <testcase classname="tests/core/numeric.test.ts" name="aggregates &gt; clamps a percentile fraction" time="0.00011099">
        </testcase>
        <testcase classname="tests/core/numeric.test.ts" name="aggregates &gt; does not care about input order" time="0.000683774">
        </testcase>
        <testcase classname="tests/core/numeric.test.ts" name="aggregates &gt; uses the sample variance" time="0.00035969">
        </testcase>
        <testcase classname="tests/core/numeric.test.ts" name="aggregates &gt; finds extremes and reports nothing for an empty list" time="0.000216509">
        </testcase>
        <testcase classname="tests/core/numeric.test.ts" name="isMonotonic &gt; accepts a rising or level run" time="0.000292574">
        </testcase>
        <testcase classname="tests/core/numeric.test.ts" name="isMonotonic &gt; rejects a step backwards" time="0.000118514">
        </testcase>
        <testcase classname="tests/core/numeric.test.ts" name="histogram &gt; splits the range into even buckets" time="0.000775889">
        </testcase>
        <testcase classname="tests/core/numeric.test.ts" name="histogram &gt; puts the maximum in the last bucket" time="0.000145655">
        </testcase>
        <testcase classname="tests/core/numeric.test.ts" name="histogram &gt; copes with every value being the same" time="0.000439772">
        </testcase>
        <testcase classname="tests/core/numeric.test.ts" name="histogram &gt; returns nothing for no data" time="0.000541285">
        </testcase>
        <testcase classname="tests/core/numeric.test.ts" name="histogram &gt; refuses a nonsense bucket count" time="0.000419154">
        </testcase>
        <testcase classname="tests/core/numeric.test.ts" name="bucketBy &gt; counts into fixed width slices from zero" time="0.000192133">
        </testcase>
        <testcase classname="tests/core/numeric.test.ts" name="bucketBy &gt; leaves an empty slice out rather than at zero" time="0.0000948">
        </testcase>
        <testcase classname="tests/core/numeric.test.ts" name="bucketBy &gt; refuses a width of zero" time="0.000159823">
        </testcase>
    </testsuite>
    <testsuite name="tests/core/result.test.ts" timestamp="2026-09-04T04:07:00.538Z" hostname="cb8347729b47" tests="26" failures="0" errors="0" skipped="0" time="0.012768956">
        <testcase classname="tests/core/result.test.ts" name="construction &gt; carries a value" time="0.001322713">
        </testcase>
        <testcase classname="tests/core/result.test.ts" name="construction &gt; carries every error it was given" time="0.000698963">
        </testcase>
        <testcase classname="tests/core/result.test.ts" name="construction &gt; refuses an Err with nothing in it" time="0.000964365">
        </testcase>
        <testcase classname="tests/core/result.test.ts" name="construction &gt; narrows with the guards" time="0.000346957">
        </testcase>
        <testcase classname="tests/core/result.test.ts" name="mapping &gt; maps a value and leaves an error alone" time="0.000256176">
        </testcase>
        <testcase classname="tests/core/result.test.ts" name="mapping &gt; maps errors" time="0.000298835">
        </testcase>
        <testcase classname="tests/core/result.test.ts" name="mapping &gt; does not touch the value when mapping errors" time="0.000180602">
        </testcase>
        <testcase classname="tests/core/result.test.ts" name="mapping &gt; chains" time="0.000308523">
        </testcase>
        <testcase classname="tests/core/result.test.ts" name="unwrapping &gt; falls back" time="0.000188868">
        </testcase>
        <testcase classname="tests/core/result.test.ts" name="unwrapping &gt; throws with every error joined" time="0.000335415">
        </testcase>
        <testcase classname="tests/core/result.test.ts" name="unwrapping &gt; describes an Error object" time="0.000559899">
        </testcase>
        <testcase classname="tests/core/result.test.ts" name="unwrapping &gt; describes a diagnostic shaped object" time="0.000213192">
        </testcase>
        <testcase classname="tests/core/result.test.ts" name="unwrapping &gt; falls back to JSON for anything else" time="0.000197434">
        </testcase>
        <testcase classname="tests/core/result.test.ts" name="unwrapping &gt; returns the value when there is one" time="0.000159532">
        </testcase>
        <testcase classname="tests/core/result.test.ts" name="collecting &gt; gathers values in order" time="0.000289588">
        </testcase>
        <testcase classname="tests/core/result.test.ts" name="collecting &gt; gathers every error rather than the first" time="0.000165553">
        </testcase>
        <testcase classname="tests/core/result.test.ts" name="collecting &gt; collects an empty list into an empty value" time="0.000149663">
        </testcase>
        <testcase classname="tests/core/result.test.ts" name="collecting &gt; traverses with the index" time="0.000178479">
        </testcase>
        <testcase classname="tests/core/result.test.ts" name="collecting &gt; traverses and reports every failure" time="0.000170202">
        </testcase>
        <testcase classname="tests/core/result.test.ts" name="partition &gt; keeps what worked alongside what did not" time="0.000212292">
        </testcase>
        <testcase classname="tests/core/result.test.ts" name="partition &gt; handles an all good list" time="0.000121831">
        </testcase>
        <testcase classname="tests/core/result.test.ts" name="both &gt; pairs two values" time="0.000173459">
        </testcase>
        <testcase classname="tests/core/result.test.ts" name="both &gt; keeps both sides&apos; errors" time="0.000151857">
        </testcase>
        <testcase classname="tests/core/result.test.ts" name="both &gt; keeps one side&apos;s errors when the other is fine" time="0.00015355">
        </testcase>
        <testcase classname="tests/core/result.test.ts" name="attempt &gt; catches a throw" time="0.000192505">
        </testcase>
        <testcase classname="tests/core/result.test.ts" name="attempt &gt; passes a value through" time="0.000108024">
        </testcase>
    </testsuite>
    <testsuite name="tests/core/rng.test.ts" timestamp="2026-09-04T04:07:00.540Z" hostname="cb8347729b47" tests="29" failures="0" errors="0" skipped="0" time="0.052284555">
        <testcase classname="tests/core/rng.test.ts" name="hashString &gt; is stable" time="0.001194631">
        </testcase>
        <testcase classname="tests/core/rng.test.ts" name="hashString &gt; separates similar labels" time="0.000690567">
        </testcase>
        <testcase classname="tests/core/rng.test.ts" name="hashString &gt; returns an unsigned 32 bit value" time="0.000320486">
        </testcase>
        <testcase classname="tests/core/rng.test.ts" name="hashString &gt; hashes the empty string to the offset basis" time="0.000169901">
        </testcase>
        <testcase classname="tests/core/rng.test.ts" name="determinism &gt; gives the same sequence for the same numeric seed" time="0.000433189">
        </testcase>
        <testcase classname="tests/core/rng.test.ts" name="determinism &gt; gives the same sequence for the same string seed" time="0.000197003">
        </testcase>
        <testcase classname="tests/core/rng.test.ts" name="determinism &gt; gives different sequences for different seeds" time="0.000182927">
        </testcase>
        <testcase classname="tests/core/rng.test.ts" name="determinism &gt; does not sit still on a zero seed" time="0.000167607">
        </testcase>
        <testcase classname="tests/core/rng.test.ts" name="determinism &gt; refuses a seed that is not finite" time="0.001733">
        </testcase>
        <testcase classname="tests/core/rng.test.ts" name="ranges &gt; keeps floats in the unit range" time="0.019516468">
        </testcase>
        <testcase classname="tests/core/rng.test.ts" name="ranges &gt; keeps integers inside inclusive bounds" time="0.010027318">
        </testcase>
        <testcase classname="tests/core/rng.test.ts" name="ranges &gt; handles a single value range" time="0.000202532">
        </testcase>
        <testcase classname="tests/core/rng.test.ts" name="ranges &gt; refuses backwards or fractional bounds" time="0.000431366">
        </testcase>
        <testcase classname="tests/core/rng.test.ts" name="ranges &gt; keeps jitter inside the amount" time="0.004242189">
        </testcase>
        <testcase classname="tests/core/rng.test.ts" name="ranges &gt; gives zero jitter for zero amount" time="0.000208294">
        </testcase>
        <testcase classname="tests/core/rng.test.ts" name="ranges &gt; refuses negative jitter" time="0.000292623">
        </testcase>
        <testcase classname="tests/core/rng.test.ts" name="ranges &gt; never fires an impossible chance and always fires a certain one" time="0.002649023">
        </testcase>
        <testcase classname="tests/core/rng.test.ts" name="collections &gt; picks something from the list" time="0.003308101">
        </testcase>
        <testcase classname="tests/core/rng.test.ts" name="collections &gt; refuses to pick from nothing" time="0.000309496">
        </testcase>
        <testcase classname="tests/core/rng.test.ts" name="collections &gt; shuffles without touching the input" time="0.000412652">
        </testcase>
        <testcase classname="tests/core/rng.test.ts" name="collections &gt; actually moves things" time="0.000254872">
        </testcase>
        <testcase classname="tests/core/rng.test.ts" name="collections &gt; samples distinct items" time="0.000701077">
        </testcase>
        <testcase classname="tests/core/rng.test.ts" name="collections &gt; caps a sample at the list length" time="0.000303585">
        </testcase>
        <testcase classname="tests/core/rng.test.ts" name="forking &gt; gives unrelated streams for different labels" time="0.000241467">
        </testcase>
        <testcase classname="tests/core/rng.test.ts" name="forking &gt; gives the same child for the same label" time="0.00013253">
        </testcase>
        <testcase classname="tests/core/rng.test.ts" name="forking &gt; does not advance the parent" time="0.000142349">
        </testcase>
        <testcase classname="tests/core/rng.test.ts" name="save and restore &gt; replays from a snapshot" time="0.000207693">
        </testcase>
        <testcase classname="tests/core/rng.test.ts" name="save and restore &gt; nudges a restored zero state off its fixed point" time="0.000196002">
        </testcase>
        <testcase classname="tests/core/rng.test.ts" name="showRng &gt; is keyed to the show name" time="0.00082386">
        </testcase>
    </testsuite>
    <testsuite name="tests/core/span.test.ts" timestamp="2026-09-04T04:07:00.542Z" hostname="cb8347729b47" tests="26" failures="0" errors="0" skipped="0" time="0.010674782">
        <testcase classname="tests/core/span.test.ts" name="span &gt; holds a start and an end" time="0.001358631">
        </testcase>
        <testcase classname="tests/core/span.test.ts" name="span &gt; allows a zero width span" time="0.00026948">
        </testcase>
        <testcase classname="tests/core/span.test.ts" name="span &gt; refuses a backwards span" time="0.000944979">
        </testcase>
        <testcase classname="tests/core/span.test.ts" name="span &gt; refuses a negative start" time="0.000228312">
        </testcase>
        <testcase classname="tests/core/span.test.ts" name="span &gt; refuses fractional offsets" time="0.000213224">
        </testcase>
        <testcase classname="tests/core/span.test.ts" name="span &gt; joins two spans into the range that covers both" time="0.000621707">
        </testcase>
        <testcase classname="tests/core/span.test.ts" name="span &gt; tests containment with an exclusive end" time="0.000415216">
        </testcase>
        <testcase classname="tests/core/span.test.ts" name="SourceFile positions &gt; counts lines" time="0.00023265">
        </testcase>
        <testcase classname="tests/core/span.test.ts" name="SourceFile positions &gt; puts offset zero on line one column one" time="0.00022672">
        </testcase>
        <testcase classname="tests/core/span.test.ts" name="SourceFile positions &gt; finds a position on a later line" time="0.000178738">
        </testcase>
        <testcase classname="tests/core/span.test.ts" name="SourceFile positions &gt; puts the first character of a line on column one" time="0.000144734">
        </testcase>
        <testcase classname="tests/core/span.test.ts" name="SourceFile positions &gt; clamps past the end of the file" time="0.000590067">
        </testcase>
        <testcase classname="tests/core/span.test.ts" name="SourceFile positions &gt; clamps a negative offset" time="0.000125908">
        </testcase>
        <testcase classname="tests/core/span.test.ts" name="SourceFile positions &gt; round trips line and column back to an offset" time="0.000383236">
        </testcase>
        <testcase classname="tests/core/span.test.ts" name="SourceFile positions &gt; clamps a column past the end of its line" time="0.000107934">
        </testcase>
        <testcase classname="tests/core/span.test.ts" name="SourceFile positions &gt; clamps a line past the end of the file" time="0.000212682">
        </testcase>
        <testcase classname="tests/core/span.test.ts" name="SourceFile text &gt; returns a line without its terminator" time="0.00015823">
        </testcase>
        <testcase classname="tests/core/span.test.ts" name="SourceFile text &gt; returns nothing for a line that is not there" time="0.000124705">
        </testcase>
        <testcase classname="tests/core/span.test.ts" name="SourceFile text &gt; slices a span" time="0.000259351">
        </testcase>
        <testcase classname="tests/core/span.test.ts" name="SourceFile text &gt; handles carriage returns" time="0.000152169">
        </testcase>
        <testcase classname="tests/core/span.test.ts" name="SourceFile text &gt; handles an empty file" time="0.000292764">
        </testcase>
        <testcase classname="tests/core/span.test.ts" name="snippet &gt; underlines the span on its own line" time="0.000384478">
        </testcase>
        <testcase classname="tests/core/span.test.ts" name="snippet &gt; stops a multi line span at the end of its first line" time="0.000284629">
        </testcase>
        <testcase classname="tests/core/span.test.ts" name="snippet &gt; truncates a very long line" time="0.000420266">
        </testcase>
        <testcase classname="tests/core/span.test.ts" name="snippet &gt; marks a zero width span with one caret" time="0.000163409">
        </testcase>
        <testcase classname="tests/core/span.test.ts" name="formatLocation &gt; names the file, line and column" time="0.000134134">
        </testcase>
    </testsuite>
    <testsuite name="tests/core/text.test.ts" timestamp="2026-09-04T04:07:00.544Z" hostname="cb8347729b47" tests="34" failures="0" errors="0" skipped="0" time="0.014897014">
        <testcase classname="tests/core/text.test.ts" name="pad &gt; pads left aligned to the right" time="0.001830324">
        </testcase>
        <testcase classname="tests/core/text.test.ts" name="pad &gt; pads right aligned to the left" time="0.000419834">
        </testcase>
        <testcase classname="tests/core/text.test.ts" name="pad &gt; splits the difference when centred" time="0.000294196">
        </testcase>
        <testcase classname="tests/core/text.test.ts" name="pad &gt; leaves an over long value alone" time="0.000193255">
        </testcase>
        <testcase classname="tests/core/text.test.ts" name="truncate &gt; leaves a short value alone" time="0.000187776">
        </testcase>
        <testcase classname="tests/core/text.test.ts" name="truncate &gt; cuts with an ellipsis" time="0.000194167">
        </testcase>
        <testcase classname="tests/core/text.test.ts" name="truncate &gt; does not add an ellipsis when there is no room" time="0.000163289">
        </testcase>
        <testcase classname="tests/core/text.test.ts" name="renderTable &gt; sizes every column to its widest cell" time="0.000426999">
        </testcase>
        <testcase classname="tests/core/text.test.ts" name="renderTable &gt; right aligns the header of a right aligned column too" time="0.00035872">
        </testcase>
        <testcase classname="tests/core/text.test.ts" name="renderTable &gt; right aligns what it was told to" time="0.000232801">
        </testcase>
        <testcase classname="tests/core/text.test.ts" name="renderTable &gt; draws a rule under the header" time="0.00014812">
        </testcase>
        <testcase classname="tests/core/text.test.ts" name="renderTable &gt; can leave the rule out" time="0.001153564">
        </testcase>
        <testcase classname="tests/core/text.test.ts" name="renderTable &gt; takes a custom separator and indent" time="0.000169961">
        </testcase>
        <testcase classname="tests/core/text.test.ts" name="renderTable &gt; fills a short row with empty cells" time="0.000134535">
        </testcase>
        <testcase classname="tests/core/text.test.ts" name="renderTable &gt; truncates a column that asked for it" time="0.000136819">
        </testcase>
        <testcase classname="tests/core/text.test.ts" name="renderTable &gt; strips trailing space from every line" time="0.00030086">
        </testcase>
        <testcase classname="tests/core/text.test.ts" name="renderTable &gt; renders headers alone when there are no rows" time="0.000212251">
        </testcase>
        <testcase classname="tests/core/text.test.ts" name="wrap &gt; breaks on word boundaries" time="0.000788993">
        </testcase>
        <testcase classname="tests/core/text.test.ts" name="wrap &gt; keeps an over long word on its own line" time="0.000217963">
        </testcase>
        <testcase classname="tests/core/text.test.ts" name="wrap &gt; collapses runs of whitespace" time="0.000137289">
        </testcase>
        <testcase classname="tests/core/text.test.ts" name="wrap &gt; returns one empty line for empty text" time="0.000120288">
        </testcase>
        <testcase classname="tests/core/text.test.ts" name="wrap &gt; gives up on a nonsense width" time="0.000345043">
        </testcase>
        <testcase classname="tests/core/text.test.ts" name="indentLines &gt; prefixes every non empty line" time="0.00024259">
        </testcase>
        <testcase classname="tests/core/text.test.ts" name="plural &gt; uses the singular for one" time="0.000262706">
        </testcase>
        <testcase classname="tests/core/text.test.ts" name="plural &gt; takes an irregular plural" time="0.000169221">
        </testcase>
        <testcase classname="tests/core/text.test.ts" name="listPhrase &gt; joins with a final and" time="0.000195981">
        </testcase>
        <testcase classname="tests/core/text.test.ts" name="fixed &gt; keeps the requested places" time="0.000146718">
        </testcase>
        <testcase classname="tests/core/text.test.ts" name="fixed &gt; never prints negative zero" time="0.000115258">
        </testcase>
        <testcase classname="tests/core/text.test.ts" name="keyValueTable &gt; uses what and value by default" time="0.000371923">
        </testcase>
        <testcase classname="tests/core/text.test.ts" name="keyValueTable &gt; takes its own headers" time="0.000163921">
        </testcase>
        <testcase classname="tests/core/text.test.ts" name="keyValueTable &gt; renders headers alone for no rows" time="0.000308874">
        </testcase>
        <testcase classname="tests/core/text.test.ts" name="countTable &gt; right aligns the count" time="0.000241216">
        </testcase>
        <testcase classname="tests/core/text.test.ts" name="countTable &gt; takes its own headers" time="0.000140827">
        </testcase>
        <testcase classname="tests/core/text.test.ts" name="countTable &gt; renders headers alone for no entries" time="0.000161816">
        </testcase>
    </testsuite>
    <testsuite name="tests/core/timecode.test.ts" timestamp="2026-09-04T04:07:00.546Z" hostname="cb8347729b47" tests="32" failures="0" errors="0" skipped="0" time="0.017693327">
        <testcase classname="tests/core/timecode.test.ts" name="parseShowTime &gt; reads bare seconds" time="0.004856161">
        </testcase>
        <testcase classname="tests/core/timecode.test.ts" name="parseShowTime &gt; reads seconds with a fraction" time="0.000531937">
        </testcase>
        <testcase classname="tests/core/timecode.test.ts" name="parseShowTime &gt; reads minutes and seconds" time="0.000964916">
        </testcase>
        <testcase classname="tests/core/timecode.test.ts" name="parseShowTime &gt; reads minutes past sixty" time="0.000261866">
        </testcase>
        <testcase classname="tests/core/timecode.test.ts" name="parseShowTime &gt; reads a millisecond suffix" time="0.00038578">
        </testcase>
        <testcase classname="tests/core/timecode.test.ts" name="parseShowTime &gt; does not read a millisecond suffix as minutes" time="0.000859036">
        </testcase>
        <testcase classname="tests/core/timecode.test.ts" name="parseShowTime &gt; reads the compound form" time="0.000430775">
        </testcase>
        <testcase classname="tests/core/timecode.test.ts" name="parseShowTime &gt; trims" time="0.000139554">
        </testcase>
        <testcase classname="tests/core/timecode.test.ts" name="parseShowTime &gt; refuses nonsense rather than returning zero" time="0.000448399">
        </testcase>
        <testcase classname="tests/core/timecode.test.ts" name="formatShowTime &gt; prints minutes, seconds and milliseconds" time="0.000504014">
        </testcase>
        <testcase classname="tests/core/timecode.test.ts" name="formatShowTime &gt; prints a negative time with a sign" time="0.000266214">
        </testcase>
        <testcase classname="tests/core/timecode.test.ts" name="formatShowTime &gt; round trips" time="0.000148401">
        </testcase>
        <testcase classname="tests/core/timecode.test.ts" name="parseTimecode &gt; reads a non drop frame code" time="0.00050759">
        </testcase>
        <testcase classname="tests/core/timecode.test.ts" name="parseTimecode &gt; reads a drop frame code with a semicolon" time="0.000176786">
        </testcase>
        <testcase classname="tests/core/timecode.test.ts" name="parseTimecode &gt; refuses a semicolon on a non drop format" time="0.000194317">
        </testcase>
        <testcase classname="tests/core/timecode.test.ts" name="parseTimecode &gt; refuses a frame number the rate cannot hold" time="0.000308594">
        </testcase>
        <testcase classname="tests/core/timecode.test.ts" name="parseTimecode &gt; refuses malformed input" time="0.000273628">
        </testcase>
        <testcase classname="tests/core/timecode.test.ts" name="formatTimecode &gt; pads every field" time="0.00037531">
        </testcase>
        <testcase classname="tests/core/timecode.test.ts" name="formatTimecode &gt; uses a semicolon for drop frame" time="0.000231498">
        </testcase>
        <testcase classname="tests/core/timecode.test.ts" name="frame arithmetic &gt; counts frames from the start of the day" time="0.00029649">
        </testcase>
        <testcase classname="tests/core/timecode.test.ts" name="frame arithmetic &gt; round trips a non drop code through frames" time="0.000299296">
        </testcase>
        <testcase classname="tests/core/timecode.test.ts" name="frame arithmetic &gt; skips the dropped frame numbers" time="0.000236718">
        </testcase>
        <testcase classname="tests/core/timecode.test.ts" name="frame arithmetic &gt; keeps the tenth minute whole" time="0.000198176">
        </testcase>
        <testcase classname="tests/core/timecode.test.ts" name="frame arithmetic &gt; round trips a drop frame code" time="0.0003381">
        </testcase>
        <testcase classname="tests/core/timecode.test.ts" name="frame arithmetic &gt; clamps a negative frame count" time="0.000183587">
        </testcase>
        <testcase classname="tests/core/timecode.test.ts" name="milliseconds &gt; converts a code to milliseconds" time="0.000291792">
        </testcase>
        <testcase classname="tests/core/timecode.test.ts" name="milliseconds &gt; keeps a drop frame hour within a few frames of wall time" time="0.00019573">
        </testcase>
        <testcase classname="tests/core/timecode.test.ts" name="milliseconds &gt; shows what an hour of undropped frames would cost" time="0.000179119">
        </testcase>
        <testcase classname="tests/core/timecode.test.ts" name="milliseconds &gt; round trips milliseconds through a code" time="0.000169821">
        </testcase>
        <testcase classname="tests/core/timecode.test.ts" name="quantiseToFrame &gt; snaps to the nearest frame at 25" time="0.000310949">
        </testcase>
        <testcase classname="tests/core/timecode.test.ts" name="quantiseToFrame &gt; leaves a value already on a frame alone" time="0.000219976">
        </testcase>
        <testcase classname="tests/core/timecode.test.ts" name="quantiseToFrame &gt; reports the frame length" time="0.000387673">
        </testcase>
    </testsuite>
    <testsuite name="tests/core/units.test.ts" timestamp="2026-09-04T04:07:00.549Z" hostname="cb8347729b47" tests="21" failures="0" errors="0" skipped="0" time="0.010673">
        <testcase classname="tests/core/units.test.ts" name="constructors &gt; keeps the number it was given" time="0.001594799">
        </testcase>
        <testcase classname="tests/core/units.test.ts" name="constructors &gt; rejects a negative length" time="0.000451565">
        </testcase>
        <testcase classname="tests/core/units.test.ts" name="constructors &gt; rejects a negative current or resistance" time="0.000395629">
        </testcase>
        <testcase classname="tests/core/units.test.ts" name="constructors &gt; rejects anything that is not finite" time="0.001012596">
        </testcase>
        <testcase classname="tests/core/units.test.ts" name="constructors &gt; allows a negative millisecond value" time="0.000160494">
        </testcase>
        <testcase classname="tests/core/units.test.ts" name="constructors &gt; names the unit in the message" time="0.000840531">
        </testcase>
        <testcase classname="tests/core/units.test.ts" name="imperial conversions &gt; converts inches to millimetres" time="0.00053867">
        </testcase>
        <testcase classname="tests/core/units.test.ts" name="imperial conversions &gt; round trips a caliber" time="0.000171674">
        </testcase>
        <testcase classname="tests/core/units.test.ts" name="imperial conversions &gt; converts feet to metres" time="0.000297893">
        </testcase>
        <testcase classname="tests/core/units.test.ts" name="imperial conversions &gt; round trips a distance" time="0.00017949">
        </testcase>
        <testcase classname="tests/core/units.test.ts" name="time &gt; converts seconds to milliseconds" time="0.00020077">
        </testcase>
        <testcase classname="tests/core/units.test.ts" name="time &gt; adds and subtracts" time="0.000161676">
        </testcase>
        <testcase classname="tests/core/units.test.ts" name="time &gt; scales" time="0.000140877">
        </testcase>
        <testcase classname="tests/core/units.test.ts" name="time &gt; rejects a scale factor that is not finite" time="0.000274239">
        </testcase>
        <testcase classname="tests/core/units.test.ts" name="time &gt; picks the largest and smallest" time="0.000219065">
        </testcase>
        <testcase classname="tests/core/units.test.ts" name="time &gt; refuses an empty comparison" time="0.0003696">
        </testcase>
        <testcase classname="tests/core/units.test.ts" name="aggregates &gt; adds lengths and currents" time="0.000215508">
        </testcase>
        <testcase classname="tests/core/units.test.ts" name="nominal calibers &gt; snaps a converted inch size onto the mortar size" time="0.000453017">
        </testcase>
        <testcase classname="tests/core/units.test.ts" name="nominal calibers &gt; snaps a value that already sits on a size to itself" time="0.000106712">
        </testcase>
        <testcase classname="tests/core/units.test.ts" name="nominal calibers &gt; clamps below the smallest and above the largest" time="0.000111431">
        </testcase>
        <testcase classname="tests/core/units.test.ts" name="nominal calibers &gt; lists the sizes in ascending order" time="0.000750891">
        </testcase>
    </testsuite>
    <testsuite name="tests/export/explain.test.ts" timestamp="2026-09-04T04:07:00.551Z" hostname="cb8347729b47" tests="19" failures="0" errors="0" skipped="0" time="0.008544442">
        <testcase classname="tests/export/explain.test.ts" name="findEvent &gt; finds a cue by its number on the sheet" time="0.000778062">
        </testcase>
        <testcase classname="tests/export/explain.test.ts" name="findEvent &gt; finds a cue by its pin" time="0.000256857">
        </testcase>
        <testcase classname="tests/export/explain.test.ts" name="findEvent &gt; finds a cue by its label" time="0.000205159">
        </testcase>
        <testcase classname="tests/export/explain.test.ts" name="findEvent &gt; finds nothing for a cue that is not there" time="0.000212132">
        </testcase>
        <testcase classname="tests/export/explain.test.ts" name="explainEvent &gt; names the cue, effect, position and pin" time="0.000283517">
        </testcase>
        <testcase classname="tests/export/explain.test.ts" name="explainEvent &gt; walks the timing from the break back to the panel" time="0.000484528">
        </testcase>
        <testcase classname="tests/export/explain.test.ts" name="explainEvent &gt; quotes the timecode of the ignition" time="0.000194748">
        </testcase>
        <testcase classname="tests/export/explain.test.ts" name="explainEvent &gt; gives the envelope, separation and hazard class" time="0.000171334">
        </testcase>
        <testcase classname="tests/export/explain.test.ts" name="explainEvent &gt; gives the module and its limits when it has a rig" time="0.000158831">
        </testcase>
        <testcase classname="tests/export/explain.test.ts" name="explainEvent &gt; leaves the rig block out with no rig" time="0.000392513">
        </testcase>
        <testcase classname="tests/export/explain.test.ts" name="explainEvent &gt; says so when a cue has no label" time="0.000339102">
        </testcase>
        <testcase classname="tests/export/explain.test.ts" name="explainEvent &gt; takes another separation rule" time="0.00025363">
        </testcase>
        <testcase classname="tests/export/explain.test.ts" name="explainEvent &gt; skips the climb line for an effect that does not climb" time="0.000457976">
        </testcase>
        <testcase classname="tests/export/explain.test.ts" name="neighbours &gt; finds what fires close to a cue" time="0.000255012">
        </testcase>
        <testcase classname="tests/export/explain.test.ts" name="neighbours &gt; does not count the cue itself" time="0.001015281">
        </testcase>
        <testcase classname="tests/export/explain.test.ts" name="neighbours &gt; finds nothing for a cue on its own" time="0.000705435">
        </testcase>
        <testcase classname="tests/export/explain.test.ts" name="neighbours &gt; widens with the window" time="0.000493064">
        </testcase>
        <testcase classname="tests/export/explain.test.ts" name="neighbours &gt; says so in the table when nothing is near" time="0.000187745">
        </testcase>
        <testcase classname="tests/export/explain.test.ts" name="neighbours &gt; lists neighbours with their pins" time="0.000185301">
        </testcase>
    </testsuite>
    <testsuite name="tests/export/firingTable.test.ts" timestamp="2026-09-04T04:07:00.553Z" hostname="cb8347729b47" tests="19" failures="0" errors="0" skipped="0" time="0.014454837">
        <testcase classname="tests/export/firingTable.test.ts" name="rows &gt; numbers cues from one" time="0.001604686">
        </testcase>
        <testcase classname="tests/export/firingTable.test.ts" name="rows &gt; writes the ignition time, not the cue time" time="0.000304897">
        </testcase>
        <testcase classname="tests/export/firingTable.test.ts" name="rows &gt; writes the effect, the position and the label" time="0.00024807">
        </testcase>
        <testcase classname="tests/export/firingTable.test.ts" name="rows &gt; leaves the note empty when there is no label" time="0.000148131">
        </testcase>
        <testcase classname="tests/export/firingTable.test.ts" name="address styles &gt; writes a dotted address by default" time="0.000162267">
        </testcase>
        <testcase classname="tests/export/firingTable.test.ts" name="address styles &gt; writes a flat index counting from one" time="0.000260333">
        </testcase>
        <testcase classname="tests/export/firingTable.test.ts" name="address styles &gt; writes a module and pin pair" time="0.000176574">
        </testcase>
        <testcase classname="tests/export/firingTable.test.ts" name="time styles &gt; writes raw milliseconds" time="0.000157719">
        </testcase>
        <testcase classname="tests/export/firingTable.test.ts" name="time styles &gt; writes timecode" time="0.000406901">
        </testcase>
        <testcase classname="tests/export/firingTable.test.ts" name="csv &gt; writes a header by default" time="0.001123426">
        </testcase>
        <testcase classname="tests/export/firingTable.test.ts" name="csv &gt; can leave the header out" time="0.000217643">
        </testcase>
        <testcase classname="tests/export/firingTable.test.ts" name="csv &gt; quotes a label with a comma in it" time="0.000344091">
        </testcase>
        <testcase classname="tests/export/firingTable.test.ts" name="csv &gt; round trips through the csv reader" time="0.000166505">
        </testcase>
        <testcase classname="tests/export/firingTable.test.ts" name="csv &gt; writes just a header for an empty show" time="0.000418202">
        </testcase>
        <testcase classname="tests/export/firingTable.test.ts" name="rig checks &gt; finds a uniform pin count" time="0.000228132">
        </testcase>
        <testcase classname="tests/export/firingTable.test.ts" name="rig checks &gt; finds none on a mixed rig" time="0.006372932">
        </testcase>
        <testcase classname="tests/export/firingTable.test.ts" name="rig checks &gt; allows the dotted style on any rig" time="0.000159612">
        </testcase>
        <testcase classname="tests/export/firingTable.test.ts" name="rig checks &gt; refuses a flat address on a mixed rig and says why" time="0.000128844">
        </testcase>
        <testcase classname="tests/export/firingTable.test.ts" name="rig checks &gt; counts the rows for a firmware limit" time="0.000291442">
        </testcase>
    </testsuite>
    <testsuite name="tests/export/json.test.ts" timestamp="2026-09-04T04:07:00.555Z" hostname="cb8347729b47" tests="21" failures="0" errors="0" skipped="0" time="0.011826994">
        <testcase classname="tests/export/json.test.ts" name="toJsonShow &gt; carries a version" time="0.001448271">
        </testcase>
        <testcase classname="tests/export/json.test.ts" name="toJsonShow &gt; carries the frame format" time="0.000442889">
        </testcase>
        <testcase classname="tests/export/json.test.ts" name="toJsonShow &gt; numbers cues from one" time="0.000641464">
        </testcase>
        <testcase classname="tests/export/json.test.ts" name="toJsonShow &gt; writes times as whole milliseconds" time="0.000247097">
        </testcase>
        <testcase classname="tests/export/json.test.ts" name="toJsonShow &gt; writes the address three ways for three kinds of consumer" time="0.000183226">
        </testcase>
        <testcase classname="tests/export/json.test.ts" name="toJsonShow &gt; describes the effect for a person reading the file" time="0.000165774">
        </testcase>
        <testcase classname="tests/export/json.test.ts" name="toJsonShow &gt; keeps a label and leaves it off when there is none" time="0.000151717">
        </testcase>
        <testcase classname="tests/export/json.test.ts" name="toJsonShow &gt; writes the occupancy window as a pair" time="0.00024335">
        </testcase>
        <testcase classname="tests/export/json.test.ts" name="toJsonShow &gt; summarises the show" time="0.000194457">
        </testcase>
        <testcase classname="tests/export/json.test.ts" name="toJsonShow &gt; leaves the rig out unless it was given one" time="0.001806209">
        </testcase>
        <testcase classname="tests/export/json.test.ts" name="toJsonShow &gt; names the show something rather than nothing" time="0.000239744">
        </testcase>
        <testcase classname="tests/export/json.test.ts" name="writeShowJson and readShowJson &gt; round trips" time="0.000394567">
        </testcase>
        <testcase classname="tests/export/json.test.ts" name="writeShowJson and readShowJson &gt; writes compact json on request" time="0.000274199">
        </testcase>
        <testcase classname="tests/export/json.test.ts" name="writeShowJson and readShowJson &gt; refuses text that is not json" time="0.000173117">
        </testcase>
        <testcase classname="tests/export/json.test.ts" name="writeShowJson and readShowJson &gt; refuses json that is not a show" time="0.000160002">
        </testcase>
        <testcase classname="tests/export/json.test.ts" name="writeShowJson and readShowJson &gt; refuses a version it does not know" time="0.000186222">
        </testcase>
        <testcase classname="tests/export/json.test.ts" name="writeShowJson and readShowJson &gt; accepts a show with no cues" time="0.000236848">
        </testcase>
        <testcase classname="tests/export/json.test.ts" name="consumer helpers &gt; describes a show in one line" time="0.000384437">
        </testcase>
        <testcase classname="tests/export/json.test.ts" name="consumer helpers &gt; finds the cues inside a window" time="0.000504556">
        </testcase>
        <testcase classname="tests/export/json.test.ts" name="consumer helpers &gt; writes plain lines for a consumer that cannot parse json" time="0.000648277">
        </testcase>
        <testcase classname="tests/export/json.test.ts" name="isQuantised &gt; tells a quantised schedule from a raw one" time="0.000225587">
        </testcase>
    </testsuite>
    <testsuite name="tests/export/pack.test.ts" timestamp="2026-09-04T04:07:00.556Z" hostname="cb8347729b47" tests="16" failures="0" errors="0" skipped="0" time="0.042832185">
        <testcase classname="tests/export/pack.test.ts" name="packSections &gt; starts with the summary" time="0.002120363">
        </testcase>
        <testcase classname="tests/export/pack.test.ts" name="packSections &gt; holds the paper a crew carries" time="0.001423685">
        </testcase>
        <testcase classname="tests/export/pack.test.ts" name="packSections &gt; leaves the permit out without a site" time="0.000511208">
        </testcase>
        <testcase classname="tests/export/pack.test.ts" name="packSections &gt; adds the permit when it has a site and details" time="0.004677763">
        </testcase>
        <testcase classname="tests/export/pack.test.ts" name="packSections &gt; adds the layout when it has the assignments" time="0.000537657">
        </testcase>
        <testcase classname="tests/export/pack.test.ts" name="packSections &gt; can leave sections out" time="0.002307818">
        </testcase>
        <testcase classname="tests/export/pack.test.ts" name="packSections &gt; lists every title it can produce" time="0.001897552">
        </testcase>
        <testcase classname="tests/export/pack.test.ts" name="showPack &gt; rules off every section" time="0.001346338">
        </testcase>
        <testcase classname="tests/export/pack.test.ts" name="showPack &gt; takes its numbers from one compile" time="0.003654115">
        </testcase>
        <testcase classname="tests/export/pack.test.ts" name="the pack command &gt; writes the whole thing" time="0.0063351">
        </testcase>
        <testcase classname="tests/export/pack.test.ts" name="the pack command &gt; lists the sections and stops" time="0.000598774">
        </testcase>
        <testcase classname="tests/export/pack.test.ts" name="the pack command &gt; leaves sections out" time="0.003212159">
        </testcase>
        <testcase classname="tests/export/pack.test.ts" name="the pack command &gt; refuses a section it does not know" time="0.001424738">
        </testcase>
        <testcase classname="tests/export/pack.test.ts" name="the pack command &gt; adds the permit when given an audience distance" time="0.003137788">
        </testcase>
        <testcase classname="tests/export/pack.test.ts" name="the pack command &gt; writes to a file" time="0.002781213">
        </testcase>
        <testcase classname="tests/export/pack.test.ts" name="the pack command &gt; refuses a show that does not compile" time="0.004662104">
        </testcase>
    </testsuite>
    <testsuite name="tests/export/permit.test.ts" timestamp="2026-09-04T04:07:00.557Z" hostname="cb8347729b47" tests="22" failures="0" errors="0" skipped="0" time="0.008380211">
        <testcase classname="tests/export/permit.test.ts" name="permitFacts &gt; counts the shots and the positions" time="0.000811015">
        </testcase>
        <testcase classname="tests/export/permit.test.ts" name="permitFacts &gt; finds the largest bore, ignoring the ground piece" time="0.000168879">
        </testcase>
        <testcase classname="tests/export/permit.test.ts" name="permitFacts &gt; quotes the separation the largest effect needs" time="0.000275461">
        </testcase>
        <testcase classname="tests/export/permit.test.ts" name="permitFacts &gt; quotes the tightest separation the site offers" time="0.000269128">
        </testcase>
        <testcase classname="tests/export/permit.test.ts" name="permitFacts &gt; counts each effect" time="0.000152538">
        </testcase>
        <testcase classname="tests/export/permit.test.ts" name="permitFacts &gt; carries the details through" time="0.000141617">
        </testcase>
        <testcase classname="tests/export/permit.test.ts" name="permitFacts &gt; reports a show with no cues without dividing by nothing" time="0.000389427">
        </testcase>
        <testcase classname="tests/export/permit.test.ts" name="permitClears &gt; clears on a site with room" time="0.000433641">
        </testcase>
        <testcase classname="tests/export/permit.test.ts" name="permitClears &gt; does not clear on a tight site" time="0.000239553">
        </testcase>
        <testcase classname="tests/export/permit.test.ts" name="permitClears &gt; clears under the reduced rule where the full one fails" time="0.00062347">
        </testcase>
        <testcase classname="tests/export/permit.test.ts" name="permitClears &gt; clears a show with no cues" time="0.000187545">
        </testcase>
        <testcase classname="tests/export/permit.test.ts" name="permitSummary &gt; names the show, site, date, operator and licence" time="0.000527209">
        </testcase>
        <testcase classname="tests/export/permit.test.ts" name="permitSummary &gt; quotes both metres and feet" time="0.000111711">
        </testcase>
        <testcase classname="tests/export/permit.test.ts" name="permitSummary &gt; says whether it clears" time="0.00010556">
        </testcase>
        <testcase classname="tests/export/permit.test.ts" name="permitSummary &gt; leaves out the optional lines that were not given" time="0.000353359">
        </testcase>
        <testcase classname="tests/export/permit.test.ts" name="permitShotList &gt; gives a row per effect with its count" time="0.000141437">
        </testcase>
        <testcase classname="tests/export/permit.test.ts" name="permitShotList &gt; puts the largest bore first" time="0.000099879">
        </testcase>
        <testcase classname="tests/export/permit.test.ts" name="permitShotList &gt; marks a ground piece as having no bore" time="0.000086925">
        </testcase>
        <testcase classname="tests/export/permit.test.ts" name="permitShotList &gt; quotes a separation for every row" time="0.000286963">
        </testcase>
        <testcase classname="tests/export/permit.test.ts" name="permitTiming &gt; quotes the first and last ignition" time="0.000242649">
        </testcase>
        <testcase classname="tests/export/permit.test.ts" name="permitTiming &gt; says so for an empty show" time="0.000359821">
        </testcase>
        <testcase classname="tests/export/permit.test.ts" name="permitDocument &gt; puts the whole thing together" time="0.000408914">
        </testcase>
    </testsuite>
    <testsuite name="tests/export/sheets.test.ts" timestamp="2026-09-04T04:07:00.559Z" hostname="cb8347729b47" tests="20" failures="0" errors="0" skipped="0" time="0.010386818">
        <testcase classname="tests/export/sheets.test.ts" name="cueSheet &gt; puts the cues in firing order" time="0.00150568">
        </testcase>
        <testcase classname="tests/export/sheets.test.ts" name="cueSheet &gt; prints both the ignition and the break time" time="0.000416027">
        </testcase>
        <testcase classname="tests/export/sheets.test.ts" name="cueSheet &gt; describes the effect the way a person reads it" time="0.000191602">
        </testcase>
        <testcase classname="tests/export/sheets.test.ts" name="cueSheet &gt; prints the label" time="0.000163329">
        </testcase>
        <testcase classname="tests/export/sheets.test.ts" name="cueSheet &gt; can drop the break column" time="0.000895836">
        </testcase>
        <testcase classname="tests/export/sheets.test.ts" name="cueSheet &gt; takes a title" time="0.000296361">
        </testcase>
        <testcase classname="tests/export/sheets.test.ts" name="cueSheet &gt; prints headers alone for an empty show" time="0.000546704">
        </testcase>
        <testcase classname="tests/export/sheets.test.ts" name="wiringSheet &gt; gives every module a block" time="0.000196433">
        </testcase>
        <testcase classname="tests/export/sheets.test.ts" name="wiringSheet &gt; counts what is used on each module" time="0.000312371">
        </testcase>
        <testcase classname="tests/export/sheets.test.ts" name="wiringSheet &gt; lists every pin, used or not" time="0.000185001">
        </testcase>
        <testcase classname="tests/export/sheets.test.ts" name="wiringSheet &gt; prints the lead label a crew reads out" time="0.000102665">
        </testcase>
        <testcase classname="tests/export/sheets.test.ts" name="wiringSheet &gt; leaves an unused pin&apos;s columns empty" time="0.000142209">
        </testcase>
        <testcase classname="tests/export/sheets.test.ts" name="wiringSheet &gt; takes a title" time="0.000213764">
        </testcase>
        <testcase classname="tests/export/sheets.test.ts" name="sheetHeader &gt; counts the cues and quotes the times" time="0.000699593">
        </testcase>
        <testcase classname="tests/export/sheets.test.ts" name="sheetHeader &gt; says when a show needs pre roll" time="0.000315608">
        </testcase>
        <testcase classname="tests/export/sheets.test.ts" name="sheetHeader &gt; does not mention pre roll when there is none" time="0.000269771">
        </testcase>
        <testcase classname="tests/export/sheets.test.ts" name="sheetHeader &gt; says so for an empty show" time="0.000164261">
        </testcase>
        <testcase classname="tests/export/sheets.test.ts" name="positionSheets &gt; gives one sheet per position" time="0.001092427">
        </testcase>
        <testcase classname="tests/export/sheets.test.ts" name="positionSheets &gt; puts only that position&apos;s cues on its sheet" time="0.000196321">
        </testcase>
        <testcase classname="tests/export/sheets.test.ts" name="positionSheets &gt; gives nothing for an empty show" time="0.000413694">
        </testcase>
    </testsuite>
    <testsuite name="tests/export/siteplan.test.ts" timestamp="2026-09-04T04:07:00.561Z" hostname="cb8347729b47" tests="14" failures="0" errors="0" skipped="0" time="0.014258014">
        <testcase classname="tests/export/siteplan.test.ts" name="sitePlan &gt; draws a letter for every position" time="0.001239596">
        </testcase>
        <testcase classname="tests/export/siteplan.test.ts" name="sitePlan &gt; draws the audience line and the hard boundary" time="0.000336246">
        </testcase>
        <testcase classname="tests/export/siteplan.test.ts" name="sitePlan &gt; carries a key and a scale" time="0.000181804">
        </testcase>
        <testcase classname="tests/export/siteplan.test.ts" name="sitePlan &gt; puts north at the top" time="0.000362166">
        </testcase>
        <testcase classname="tests/export/siteplan.test.ts" name="sitePlan &gt; puts east on the right" time="0.000221399">
        </testcase>
        <testcase classname="tests/export/siteplan.test.ts" name="sitePlan &gt; takes a width and a height" time="0.000326468">
        </testcase>
        <testcase classname="tests/export/siteplan.test.ts" name="sitePlan &gt; clamps a nonsense size rather than throwing" time="0.001795769">
        </testcase>
        <testcase classname="tests/export/siteplan.test.ts" name="sitePlan &gt; draws separation rings when asked and given a show" time="0.004033964">
        </testcase>
        <testcase classname="tests/export/siteplan.test.ts" name="sitePlan &gt; draws no rings without a show" time="0.000628159">
        </testcase>
        <testcase classname="tests/export/siteplan.test.ts" name="sitePlan &gt; draws no rings unless asked" time="0.001202426">
        </testcase>
        <testcase classname="tests/export/siteplan.test.ts" name="sitePlan &gt; copes with an empty rig" time="0.000287824">
        </testcase>
        <testcase classname="tests/export/siteplan.test.ts" name="sitePlan &gt; copes with a rig and a site sharing one point" time="0.00046013">
        </testcase>
        <testcase classname="tests/export/siteplan.test.ts" name="firingPositionsUsed &gt; names only the positions a show fires from" time="0.000991626">
        </testcase>
        <testcase classname="tests/export/siteplan.test.ts" name="firingPositionsUsed &gt; names nothing for an empty show" time="0.000242399">
        </testcase>
    </testsuite>
    <testsuite name="tests/rig/allocate.test.ts" timestamp="2026-09-04T04:07:00.562Z" hostname="cb8347729b47" tests="16" failures="0" errors="0" skipped="0" time="0.018509171">
        <testcase classname="tests/rig/allocate.test.ts" name="simple allocation &gt; gives the first shot the first pin" time="0.003869644">
        </testcase>
        <testcase classname="tests/rig/allocate.test.ts" name="simple allocation &gt; never gives two shots the same pin" time="0.001059516">
        </testcase>
        <testcase classname="tests/rig/allocate.test.ts" name="simple allocation &gt; assigns every shot" time="0.00118335">
        </testcase>
        <testcase classname="tests/rig/allocate.test.ts" name="spreading across modules &gt; puts consecutive shots of a ripple on different modules" time="0.001484189">
        </testcase>
        <testcase classname="tests/rig/allocate.test.ts" name="spreading across modules &gt; packs one module at a time when asked to" time="0.000455973">
        </testcase>
        <testcase classname="tests/rig/allocate.test.ts" name="spreading across modules &gt; falls back to a full module&apos;s neighbours when one fills" time="0.002191338">
        </testcase>
        <testcase classname="tests/rig/allocate.test.ts" name="fixed pins &gt; honours a pin the script named" time="0.000562976">
        </testcase>
        <testcase classname="tests/rig/allocate.test.ts" name="fixed pins &gt; does not let an earlier auto shot steal a later fixed pin" time="0.001281334">
        </testcase>
        <testcase classname="tests/rig/allocate.test.ts" name="running out &gt; reports a position with no module" time="0.000880888">
        </testcase>
        <testcase classname="tests/rig/allocate.test.ts" name="running out &gt; reports a position that runs out of pins, once" time="0.001366306">
        </testcase>
        <testcase classname="tests/rig/allocate.test.ts" name="running out &gt; says what to do about it" time="0.000562966">
        </testcase>
        <testcase classname="tests/rig/allocate.test.ts" name="orderings &gt; sorts by pin for the wiring sheet" time="0.000297023">
        </testcase>
        <testcase classname="tests/rig/allocate.test.ts" name="orderings &gt; sorts by time for the panel" time="0.000224535">
        </testcase>
        <testcase classname="tests/rig/allocate.test.ts" name="reports &gt; counts the load on each module" time="0.000606337">
        </testcase>
        <testcase classname="tests/rig/allocate.test.ts" name="reports &gt; lists the pins nothing is wired to" time="0.000313863">
        </testcase>
        <testcase classname="tests/rig/allocate.test.ts" name="reports &gt; describes the allocation in pin order" time="0.000411019">
        </testcase>
    </testsuite>
    <testsuite name="tests/rig/circuit.test.ts" timestamp="2026-09-04T04:07:00.564Z" hostname="cb8347729b47" tests="24" failures="0" errors="0" skipped="0" time="0.011281691">
        <testcase classname="tests/rig/circuit.test.ts" name="match specs &gt; finds one by name, ignoring case" time="0.001593556">
        </testcase>
        <testcase classname="tests/rig/circuit.test.ts" name="match specs &gt; always puts all fire above no fire" time="0.000444801">
        </testcase>
        <testcase classname="tests/rig/circuit.test.ts" name="leadResistance &gt; counts both legs of the run" time="0.000355633">
        </testcase>
        <testcase classname="tests/rig/circuit.test.ts" name="leadResistance &gt; takes a different wire gauge" time="0.000137701">
        </testcase>
        <testcase classname="tests/rig/circuit.test.ts" name="leadResistance &gt; is nothing for no lead at all" time="0.000139295">
        </testcase>
        <testcase classname="tests/rig/circuit.test.ts" name="leadResistance &gt; refuses a negative length" time="0.000934259">
        </testcase>
        <testcase classname="tests/rig/circuit.test.ts" name="circuitResistance &gt; adds the matches and the lead" time="0.000269891">
        </testcase>
        <testcase classname="tests/rig/circuit.test.ts" name="circuitResistance &gt; is just the lead when nothing is wired on" time="0.000189147">
        </testcase>
        <testcase classname="tests/rig/circuit.test.ts" name="firingCurrent &gt; is voltage over resistance" time="0.000249172">
        </testcase>
        <testcase classname="tests/rig/circuit.test.ts" name="firingCurrent &gt; falls as matches are added in series" time="0.000277415">
        </testcase>
        <testcase classname="tests/rig/circuit.test.ts" name="firingCurrent &gt; refuses a dead short" time="0.000313233">
        </testcase>
        <testcase classname="tests/rig/circuit.test.ts" name="verdictFor &gt; fires a single match comfortably" time="0.000207351">
        </testcase>
        <testcase classname="tests/rig/circuit.test.ts" name="verdictFor &gt; fires a reasonable series chain" time="0.000173288">
        </testcase>
        <testcase classname="tests/rig/circuit.test.ts" name="verdictFor &gt; calls out the band between no fire and all fire" time="0.000645842">
        </testcase>
        <testcase classname="tests/rig/circuit.test.ts" name="verdictFor &gt; refuses a circuit that cannot light anything" time="0.000186412">
        </testcase>
        <testcase classname="tests/rig/circuit.test.ts" name="maxSeriesMatches &gt; says how many will still all fire" time="0.000216701">
        </testcase>
        <testcase classname="tests/rig/circuit.test.ts" name="maxSeriesMatches &gt; allows fewer on a longer lead" time="0.00034874">
        </testcase>
        <testcase classname="tests/rig/circuit.test.ts" name="maxSeriesMatches &gt; allows more at a higher voltage" time="0.000152027">
        </testcase>
        <testcase classname="tests/rig/circuit.test.ts" name="maxSeriesMatches &gt; never goes below zero" time="0.000144623">
        </testcase>
        <testcase classname="tests/rig/circuit.test.ts" name="parallel branches &gt; splits evenly between equal branches" time="0.00078707">
        </testcase>
        <testcase classname="tests/rig/circuit.test.ts" name="parallel branches &gt; gives the lower resistance branch the larger share" time="0.000196011">
        </testcase>
        <testcase classname="tests/rig/circuit.test.ts" name="parallel branches &gt; measures how uneven the split is" time="0.000504235">
        </testcase>
        <testcase classname="tests/rig/circuit.test.ts" name="parallel branches &gt; refuses a branch with no resistance" time="0.000269881">
        </testcase>
        <testcase classname="tests/rig/circuit.test.ts" name="describeCircuit &gt; reads as one line on a continuity sheet" time="0.00022742">
        </testcase>
    </testsuite>
    <testsuite name="tests/rig/continuity.test.ts" timestamp="2026-09-04T04:07:00.565Z" hostname="cb8347729b47" tests="25" failures="0" errors="0" skipped="0" time="0.015324183">
        <testcase classname="tests/rig/continuity.test.ts" name="parseContinuity &gt; reads a plain dump" time="0.002795761">
        </testcase>
        <testcase classname="tests/rig/continuity.test.ts" name="parseContinuity &gt; takes any of the pin column spellings" time="0.000935882">
        </testcase>
        <testcase classname="tests/rig/continuity.test.ts" name="parseContinuity &gt; takes any of the state column spellings" time="0.001165456">
        </testcase>
        <testcase classname="tests/rig/continuity.test.ts" name="parseContinuity &gt; reads every spelling of a reading" time="0.000721235">
        </testcase>
        <testcase classname="tests/rig/continuity.test.ts" name="parseContinuity &gt; reads a resistance when the dump has one" time="0.000230646">
        </testcase>
        <testcase classname="tests/rig/continuity.test.ts" name="parseContinuity &gt; leaves the resistance off when it is blank or nonsense" time="0.00023289">
        </testcase>
        <testcase classname="tests/rig/continuity.test.ts" name="parseContinuity &gt; refuses a dump with no usable columns" time="0.000488303">
        </testcase>
        <testcase classname="tests/rig/continuity.test.ts" name="parseContinuity &gt; refuses a row with an unreadable pin" time="0.000209817">
        </testcase>
        <testcase classname="tests/rig/continuity.test.ts" name="parseContinuity &gt; refuses a row with a state it does not know" time="0.00027473">
        </testcase>
        <testcase classname="tests/rig/continuity.test.ts" name="parseContinuity &gt; keeps reading after a bad row" time="0.000252838">
        </testcase>
        <testcase classname="tests/rig/continuity.test.ts" name="reconcile &gt; finds nothing wrong with a matching walk" time="0.000414795">
        </testcase>
        <testcase classname="tests/rig/continuity.test.ts" name="reconcile &gt; finds a cue that will not go" time="0.000306269">
        </testcase>
        <testcase classname="tests/rig/continuity.test.ts" name="reconcile &gt; finds a lead on a pin nothing fires" time="0.000219857">
        </testcase>
        <testcase classname="tests/rig/continuity.test.ts" name="reconcile &gt; does not call an unused open pin stray" time="0.000335866">
        </testcase>
        <testcase classname="tests/rig/continuity.test.ts" name="reconcile &gt; finds a short whether the show uses the pin or not" time="0.000311991">
        </testcase>
        <testcase classname="tests/rig/continuity.test.ts" name="reconcile &gt; finds a pin the walk never reached" time="0.001222874">
        </testcase>
        <testcase classname="tests/rig/continuity.test.ts" name="reconcile &gt; sorts each list by pin" time="0.000298365">
        </testcase>
        <testcase classname="tests/rig/continuity.test.ts" name="checkReconciliation &gt; says nothing about a clean walk" time="0.00024257">
        </testcase>
        <testcase classname="tests/rig/continuity.test.ts" name="checkReconciliation &gt; errors on a dead cue, a short and a stray lead" time="0.000701467">
        </testcase>
        <testcase classname="tests/rig/continuity.test.ts" name="checkReconciliation &gt; explains why a stray lead matters" time="0.000167317">
        </testcase>
        <testcase classname="tests/rig/continuity.test.ts" name="resistances &gt; accepts a reading close to what the circuit should give" time="0.000246357">
        </testcase>
        <testcase classname="tests/rig/continuity.test.ts" name="resistances &gt; rejects a reading well off" time="0.00019059">
        </testcase>
        <testcase classname="tests/rig/continuity.test.ts" name="resistances &gt; warns about a joint that reads high" time="0.000387033">
        </testcase>
        <testcase classname="tests/rig/continuity.test.ts" name="resistances &gt; ignores a row with no resistance or an open pin" time="0.000319785">
        </testcase>
        <testcase classname="tests/rig/continuity.test.ts" name="unwalkedPins &gt; names the pins the walk never covered" time="0.000786208">
        </testcase>
    </testsuite>
    <testsuite name="tests/rig/layout.test.ts" timestamp="2026-09-04T04:07:00.567Z" hostname="cb8347729b47" tests="19" failures="0" errors="0" skipped="0" time="0.021111286">
        <testcase classname="tests/rig/layout.test.ts" name="tubesPerRack &gt; fits fewer tubes as the bore grows" time="0.001034238">
        </testcase>
        <testcase classname="tests/rig/layout.test.ts" name="tubesPerRack &gt; gives a ground piece a rack of one" time="0.000238351">
        </testcase>
        <testcase classname="tests/rig/layout.test.ts" name="rackNeeds &gt; counts the racks a run of tubes needs" time="0.000854517">
        </testcase>
        <testcase classname="tests/rig/layout.test.ts" name="rackNeeds &gt; keeps bores apart at one position" time="0.008548349">
        </testcase>
        <testcase classname="tests/rig/layout.test.ts" name="rackNeeds &gt; keeps positions apart" time="0.000567114">
        </testcase>
        <testcase classname="tests/rig/layout.test.ts" name="rackNeeds &gt; lists the pins in wiring order" time="0.00046483">
        </testcase>
        <testcase classname="tests/rig/layout.test.ts" name="rackNeeds &gt; treats a ground piece as having no bore" time="0.000349922">
        </testcase>
        <testcase classname="tests/rig/layout.test.ts" name="rackNeeds &gt; gives nothing for a show with no cues" time="0.00017412">
        </testcase>
        <testcase classname="tests/rig/layout.test.ts" name="rackTotals and tubeOrder &gt; totals racks by bore across the show" time="0.001313456">
        </testcase>
        <testcase classname="tests/rig/layout.test.ts" name="rackTotals and tubeOrder &gt; leaves ground pieces out of the rack order" time="0.000216219">
        </testcase>
        <testcase classname="tests/rig/layout.test.ts" name="rackTotals and tubeOrder &gt; counts tubes for the hire order" time="0.000307433">
        </testcase>
        <testcase classname="tests/rig/layout.test.ts" name="checkLayout &gt; notes a bore with a lot of spare tubes" time="0.000796247">
        </testcase>
        <testcase classname="tests/rig/layout.test.ts" name="checkLayout &gt; says nothing when the racks are nearly full" time="0.000982369">
        </testcase>
        <testcase classname="tests/rig/layout.test.ts" name="checkLayout &gt; warns when a position needs more racks than a crew stands" time="0.000816094">
        </testcase>
        <testcase classname="tests/rig/layout.test.ts" name="checkLayout &gt; takes its own cap" time="0.000537007">
        </testcase>
        <testcase classname="tests/rig/layout.test.ts" name="mixedBorePositions &gt; finds a position carrying two bores" time="0.000537037">
        </testcase>
        <testcase classname="tests/rig/layout.test.ts" name="mixedBorePositions &gt; finds none where each position carries one bore" time="0.000284057">
        </testcase>
        <testcase classname="tests/rig/layout.test.ts" name="reports &gt; describes the layout with the pin range" time="0.000738948">
        </testcase>
        <testcase classname="tests/rig/layout.test.ts" name="reports &gt; names the positions nothing fires from" time="0.000655411">
        </testcase>
    </testsuite>
    <testsuite name="tests/rig/module.test.ts" timestamp="2026-09-04T04:07:00.570Z" hostname="cb8347729b47" tests="19" failures="0" errors="0" skipped="0" time="0.023790537">
        <testcase classname="tests/rig/module.test.ts" name="models &gt; finds a model by name, ignoring case" time="0.002072122">
        </testcase>
        <testcase classname="tests/rig/module.test.ts" name="models &gt; gives nothing for a model it does not know" time="0.00035913">
        </testcase>
        <testcase classname="tests/rig/module.test.ts" name="models &gt; never claims more simultaneous outputs than it has pins" time="0.000942184">
        </testcase>
        <testcase classname="tests/rig/module.test.ts" name="models &gt; gives every model a firing pulse and a current" time="0.0005331">
        </testcase>
        <testcase classname="tests/rig/module.test.ts" name="firingModule &gt; holds its number, model and position" time="0.000287283">
        </testcase>
        <testcase classname="tests/rig/module.test.ts" name="firingModule &gt; leaves the note off when there is none" time="0.003942211">
        </testcase>
        <testcase classname="tests/rig/module.test.ts" name="firingModule &gt; refuses a module number of zero" time="0.001372207">
        </testcase>
        <testcase classname="tests/rig/module.test.ts" name="pins &gt; lists every pin on the module" time="0.002738664">
        </testcase>
        <testcase classname="tests/rig/module.test.ts" name="pins &gt; claims the pins it holds and no others" time="0.000333171">
        </testcase>
        <testcase classname="tests/rig/module.test.ts" name="perPinCurrent &gt; shares the firing current across the simultaneous limit" time="0.000412541">
        </testcase>
        <testcase classname="tests/rig/module.test.ts" name="perPinCurrent &gt; gives a lower per pin draw on a module that fires everything" time="0.000262417">
        </testcase>
        <testcase classname="tests/rig/module.test.ts" name="usageOf &gt; counts what is taken on this module only" time="0.000366313">
        </testcase>
        <testcase classname="tests/rig/module.test.ts" name="usageOf &gt; counts a repeated address once" time="0.000374389">
        </testcase>
        <testcase classname="tests/rig/module.test.ts" name="usageOf &gt; reports a whole module free when nothing is taken" time="0.000189659">
        </testcase>
        <testcase classname="tests/rig/module.test.ts" name="firstFreePin &gt; starts at pin one" time="0.000300729">
        </testcase>
        <testcase classname="tests/rig/module.test.ts" name="firstFreePin &gt; skips what is taken" time="0.005746445">
        </testcase>
        <testcase classname="tests/rig/module.test.ts" name="firstFreePin &gt; gives nothing when the module is full" time="0.000289197">
        </testcase>
        <testcase classname="tests/rig/module.test.ts" name="firstFreePin &gt; ignores pins taken on another module" time="0.000402041">
        </testcase>
        <testcase classname="tests/rig/module.test.ts" name="describeModule &gt; reads as one line on a rig sheet" time="0.000208094">
        </testcase>
    </testsuite>
    <testsuite name="tests/rig/parse.test.ts" timestamp="2026-09-04T04:07:00.571Z" hostname="cb8347729b47" tests="26" failures="0" errors="0" skipped="0" time="0.013373561">
        <testcase classname="tests/rig/parse.test.ts" name="a clean sheet &gt; raises nothing" time="0.001206984">
        </testcase>
        <testcase classname="tests/rig/parse.test.ts" name="a clean sheet &gt; builds the positions with their coordinates" time="0.000256045">
        </testcase>
        <testcase classname="tests/rig/parse.test.ts" name="a clean sheet &gt; keeps the trailing words as a note" time="0.000238482">
        </testcase>
        <testcase classname="tests/rig/parse.test.ts" name="a clean sheet &gt; leaves the note off when there is none" time="0.000146528">
        </testcase>
        <testcase classname="tests/rig/parse.test.ts" name="a clean sheet &gt; builds the modules on their models" time="0.000339462">
        </testcase>
        <testcase classname="tests/rig/parse.test.ts" name="a clean sheet &gt; reads the settings" time="0.000212182">
        </testcase>
        <testcase classname="tests/rig/parse.test.ts" name="a clean sheet &gt; ignores comments and blank lines" time="0.000129115">
        </testcase>
        <testcase classname="tests/rig/parse.test.ts" name="defaults &gt; uses a standard match at 24 volts on 25 metres" time="0.000328352">
        </testcase>
        <testcase classname="tests/rig/parse.test.ts" name="defaults &gt; builds an empty rig from an empty file" time="0.000259351">
        </testcase>
        <testcase classname="tests/rig/parse.test.ts" name="position problems &gt; refuses an unusable name" time="0.000995875">
        </testcase>
        <testcase classname="tests/rig/parse.test.ts" name="position problems &gt; refuses a missing at" time="0.000283276">
        </testcase>
        <testcase classname="tests/rig/parse.test.ts" name="position problems &gt; refuses coordinates that are not numbers" time="0.00027466">
        </testcase>
        <testcase classname="tests/rig/parse.test.ts" name="position problems &gt; refuses a missing coordinate" time="0.000240425">
        </testcase>
        <testcase classname="tests/rig/parse.test.ts" name="module problems &gt; refuses a case number that is not a whole number" time="0.000944106">
        </testcase>
        <testcase classname="tests/rig/parse.test.ts" name="module problems &gt; refuses an unknown model and names it" time="0.000242428">
        </testcase>
        <testcase classname="tests/rig/parse.test.ts" name="module problems &gt; refuses a missing at" time="0.002437062">
        </testcase>
        <testcase classname="tests/rig/parse.test.ts" name="module problems &gt; refuses an unusable position name" time="0.00026483">
        </testcase>
        <testcase classname="tests/rig/parse.test.ts" name="module problems &gt; warns when a case number is used twice" time="0.00038079">
        </testcase>
        <testcase classname="tests/rig/parse.test.ts" name="module problems &gt; errors when a module stands at a position that is never defined" time="0.000234435">
        </testcase>
        <testcase classname="tests/rig/parse.test.ts" name="setting problems &gt; refuses an unknown match" time="0.000262477">
        </testcase>
        <testcase classname="tests/rig/parse.test.ts" name="setting problems &gt; refuses a voltage of zero or less" time="0.000407882">
        </testcase>
        <testcase classname="tests/rig/parse.test.ts" name="setting problems &gt; refuses a negative lead" time="0.000257117">
        </testcase>
        <testcase classname="tests/rig/parse.test.ts" name="setting problems &gt; accepts a lead of zero" time="0.00015852">
        </testcase>
        <testcase classname="tests/rig/parse.test.ts" name="unknown statements &gt; names the keyword and lists the real ones" time="0.000658126">
        </testcase>
        <testcase classname="tests/rig/parse.test.ts" name="unknown statements &gt; points at the line it came from" time="0.000299326">
        </testcase>
        <testcase classname="tests/rig/parse.test.ts" name="unknown statements &gt; keeps reading after a bad line" time="0.000188637">
        </testcase>
    </testsuite>
    <testsuite name="tests/rig/pin.test.ts" timestamp="2026-09-04T04:07:00.573Z" hostname="cb8347729b47" tests="23" failures="0" errors="0" skipped="0" time="0.014184436">
        <testcase classname="tests/rig/pin.test.ts" name="pinAddress &gt; holds a module and a pin" time="0.0013523">
        </testcase>
        <testcase classname="tests/rig/pin.test.ts" name="pinAddress &gt; refuses a pin of zero, since the terminals start at one" time="0.001216503">
        </testcase>
        <testcase classname="tests/rig/pin.test.ts" name="pinAddress &gt; refuses a fractional address" time="0.0003751">
        </testcase>
        <testcase classname="tests/rig/pin.test.ts" name="parsePin &gt; reads every spelling a crew uses" time="0.001377566">
        </testcase>
        <testcase classname="tests/rig/pin.test.ts" name="parsePin &gt; ignores case and surrounding space" time="0.000251626">
        </testcase>
        <testcase classname="tests/rig/pin.test.ts" name="parsePin &gt; refuses nonsense" time="0.000367174">
        </testcase>
        <testcase classname="tests/rig/pin.test.ts" name="formatting &gt; pads so a sorted list lines up" time="0.0003328">
        </testcase>
        <testcase classname="tests/rig/pin.test.ts" name="formatting &gt; labels a lead the way it is read out" time="0.000675118">
        </testcase>
        <testcase classname="tests/rig/pin.test.ts" name="formatting &gt; round trips through the parser" time="0.000589475">
        </testcase>
        <testcase classname="tests/rig/pin.test.ts" name="comparison &gt; says two of the same address are the same" time="0.000288606">
        </testcase>
        <testcase classname="tests/rig/pin.test.ts" name="comparison &gt; orders by module then pin" time="0.000369358">
        </testcase>
        <testcase classname="tests/rig/pin.test.ts" name="comparison &gt; sorts without touching the input" time="0.0002803">
        </testcase>
        <testcase classname="tests/rig/pin.test.ts" name="comparison &gt; keys uniquely" time="0.000362477">
        </testcase>
        <testcase classname="tests/rig/pin.test.ts" name="pinRange &gt; walks a run inside one module" time="0.000423922">
        </testcase>
        <testcase classname="tests/rig/pin.test.ts" name="pinRange &gt; crosses a module boundary" time="0.000251898">
        </testcase>
        <testcase classname="tests/rig/pin.test.ts" name="pinRange &gt; walks backwards when the ends are reversed" time="0.000249772">
        </testcase>
        <testcase classname="tests/rig/pin.test.ts" name="pinRange &gt; gives one address when both ends are the same" time="0.000858334">
        </testcase>
        <testcase classname="tests/rig/pin.test.ts" name="pinRange &gt; refuses a pin past the end of a module" time="0.000394497">
        </testcase>
        <testcase classname="tests/rig/pin.test.ts" name="pinRange &gt; refuses a module with no pins" time="0.000275461">
        </testcase>
        <testcase classname="tests/rig/pin.test.ts" name="pinRange &gt; lists a whole module" time="0.000405849">
        </testcase>
        <testcase classname="tests/rig/pin.test.ts" name="flat indexing &gt; counts from zero across the rig" time="0.000461654">
        </testcase>
        <testcase classname="tests/rig/pin.test.ts" name="flat indexing &gt; round trips" time="0.000424843">
        </testcase>
        <testcase classname="tests/rig/pin.test.ts" name="flat indexing &gt; refuses a negative or fractional index" time="0.00056985">
        </testcase>
    </testsuite>
    <testsuite name="tests/rig/redundancy.test.ts" timestamp="2026-09-04T04:07:00.576Z" hostname="cb8347729b47" tests="32" failures="0" errors="0" skipped="0" time="0.04145542">
        <testcase classname="tests/rig/redundancy.test.ts" name="shouldDouble &gt; doubles a large shell by default" time="0.004363128">
        </testcase>
        <testcase classname="tests/rig/redundancy.test.ts" name="shouldDouble &gt; leaves a small one alone" time="0.000621476">
        </testcase>
        <testcase classname="tests/rig/redundancy.test.ts" name="shouldDouble &gt; takes another bore threshold" time="0.000360803">
        </testcase>
        <testcase classname="tests/rig/redundancy.test.ts" name="shouldDouble &gt; doubles an effect named outright" time="0.000357637">
        </testcase>
        <testcase classname="tests/rig/redundancy.test.ts" name="shouldDouble &gt; doubles a cue by its label" time="0.000516478">
        </testcase>
        <testcase classname="tests/rig/redundancy.test.ts" name="shouldDouble &gt; lets never win over the other rules" time="0.000405177">
        </testcase>
        <testcase classname="tests/rig/redundancy.test.ts" name="planRedundancy &gt; gives a large shell a second pin" time="0.000763706">
        </testcase>
        <testcase classname="tests/rig/redundancy.test.ts" name="planRedundancy &gt; leaves a small shell with one" time="0.000432378">
        </testcase>
        <testcase classname="tests/rig/redundancy.test.ts" name="planRedundancy &gt; prefers a different module for the backup" time="0.001135078">
        </testcase>
        <testcase classname="tests/rig/redundancy.test.ts" name="planRedundancy &gt; falls back to the same module when there is only one" time="0.001174663">
        </testcase>
        <testcase classname="tests/rig/redundancy.test.ts" name="planRedundancy &gt; never gives two cues the same backup pin" time="0.000730242">
        </testcase>
        <testcase classname="tests/rig/redundancy.test.ts" name="planRedundancy &gt; says when there is nowhere left to put a backup" time="0.000887419">
        </testcase>
        <testcase classname="tests/rig/redundancy.test.ts" name="planRedundancy &gt; plans nothing for a show with no cues" time="0.000247578">
        </testcase>
        <testcase classname="tests/rig/redundancy.test.ts" name="checkRedundancy &gt; says nothing about a fully protected show" time="0.000415857">
        </testcase>
        <testcase classname="tests/rig/redundancy.test.ts" name="checkRedundancy &gt; warns about a cue it could not protect" time="0.000764828">
        </testcase>
        <testcase classname="tests/rig/redundancy.test.ts" name="checkRedundancy &gt; notes a backup sharing a module with its primary" time="0.000379669">
        </testcase>
        <testcase classname="tests/rig/redundancy.test.ts" name="cost &gt; counts the extra pins and where they go" time="0.000490248">
        </testcase>
        <testcase classname="tests/rig/redundancy.test.ts" name="cost &gt; costs nothing when nothing is doubled" time="0.000317271">
        </testcase>
        <testcase classname="tests/rig/redundancy.test.ts" name="reports &gt; lists the doubled cues" time="0.000751612">
        </testcase>
        <testcase classname="tests/rig/redundancy.test.ts" name="reports &gt; marks a backup on the same module" time="0.000284038">
        </testcase>
        <testcase classname="tests/rig/redundancy.test.ts" name="reports &gt; says so when nothing is doubled" time="0.000291322">
        </testcase>
        <testcase classname="tests/rig/redundancy.test.ts" name="reports &gt; names the effects the default rule would double" time="0.000498524">
        </testcase>
        <testcase classname="tests/rig/redundancy.test.ts" name="reports &gt; agrees with carriesWeight on a shell" time="0.000500538">
        </testcase>
        <testcase classname="tests/rig/redundancy.test.ts" name="the double command &gt; plans a backup for the large shell only" time="0.006346141">
        </testcase>
        <testcase classname="tests/rig/redundancy.test.ts" name="the double command &gt; takes another bore threshold" time="0.001037233">
        </testcase>
        <testcase classname="tests/rig/redundancy.test.ts" name="the double command &gt; doubles by label" time="0.000823399">
        </testcase>
        <testcase classname="tests/rig/redundancy.test.ts" name="the double command &gt; leaves an effect alone when told to" time="0.000837284">
        </testcase>
        <testcase classname="tests/rig/redundancy.test.ts" name="the double command &gt; lists the candidates and stops" time="0.001134337">
        </testcase>
        <testcase classname="tests/rig/redundancy.test.ts" name="the double command &gt; says so when the rule would catch nothing" time="0.000619342">
        </testcase>
        <testcase classname="tests/rig/redundancy.test.ts" name="the double command &gt; refuses a show that does not compile" time="0.000931123">
        </testcase>
        <testcase classname="tests/rig/redundancy.test.ts" name="the double command &gt; refuses a nonsense bore" time="0.000569788">
        </testcase>
        <testcase classname="tests/rig/redundancy.test.ts" name="the double command &gt; appears in the pack" time="0.010273755">
        </testcase>
    </testsuite>
    <testsuite name="tests/rig/rig.test.ts" timestamp="2026-09-04T04:07:00.578Z" hostname="cb8347729b47" tests="27" failures="0" errors="0" skipped="0" time="0.020329707">
        <testcase classname="tests/rig/rig.test.ts" name="firingPosition &gt; holds coordinates and an optional note" time="0.001519376">
        </testcase>
        <testcase classname="tests/rig/rig.test.ts" name="firingPosition &gt; refuses a coordinate that is not finite" time="0.000942214">
        </testcase>
        <testcase classname="tests/rig/rig.test.ts" name="firingPosition &gt; measures the distance between two positions" time="0.000340805">
        </testcase>
        <testcase classname="tests/rig/rig.test.ts" name="shape &gt; counts modules, positions and pins" time="0.0002959">
        </testcase>
        <testcase classname="tests/rig/rig.test.ts" name="shape &gt; lists modules by case number" time="0.000622959">
        </testcase>
        <testcase classname="tests/rig/rig.test.ts" name="shape &gt; lists positions in reading order" time="0.000300628">
        </testcase>
        <testcase classname="tests/rig/rig.test.ts" name="shape &gt; replaces a module with the same case number" time="0.000228652">
        </testcase>
        <testcase classname="tests/rig/rig.test.ts" name="shape &gt; lists the models actually in use" time="0.006912623">
        </testcase>
        <testcase classname="tests/rig/rig.test.ts" name="lookup &gt; finds a module and a position by name" time="0.000343941">
        </testcase>
        <testcase classname="tests/rig/rig.test.ts" name="lookup &gt; gives nothing for what it does not hold" time="0.000193696">
        </testcase>
        <testcase classname="tests/rig/rig.test.ts" name="lookup &gt; groups modules by position" time="0.00031706">
        </testcase>
        <testcase classname="tests/rig/rig.test.ts" name="pins &gt; owns an address that lands on a real module" time="0.000270733">
        </testcase>
        <testcase classname="tests/rig/rig.test.ts" name="pins &gt; disowns an address past the end of a module" time="0.000481081">
        </testcase>
        <testcase classname="tests/rig/rig.test.ts" name="pins &gt; says which position a pin is at" time="0.000145997">
        </testcase>
        <testcase classname="tests/rig/rig.test.ts" name="pins &gt; lists every pin in the rig in order" time="0.001018889">
        </testcase>
        <testcase classname="tests/rig/rig.test.ts" name="pins &gt; lists the pins at one position" time="0.002430811">
        </testcase>
        <testcase classname="tests/rig/rig.test.ts" name="wiring problems &gt; names a position a module claims that does not exist" time="0.000306461">
        </testcase>
        <testcase classname="tests/rig/rig.test.ts" name="wiring problems &gt; names a position with nothing standing at it" time="0.000173188">
        </testcase>
        <testcase classname="tests/rig/rig.test.ts" name="wiring problems &gt; finds no problems in a clean rig" time="0.000116421">
        </testcase>
        <testcase classname="tests/rig/rig.test.ts" name="free pins &gt; starts at the lowest module and pin" time="0.000192525">
        </testcase>
        <testcase classname="tests/rig/rig.test.ts" name="free pins &gt; moves on to the next module when one fills" time="0.000200048">
        </testcase>
        <testcase classname="tests/rig/rig.test.ts" name="free pins &gt; gives nothing when the whole rig is full" time="0.000195881">
        </testcase>
        <testcase classname="tests/rig/rig.test.ts" name="free pins &gt; can be held to one position" time="0.000212823">
        </testcase>
        <testcase classname="tests/rig/rig.test.ts" name="free pins &gt; counts what is left" time="0.000229644">
        </testcase>
        <testcase classname="tests/rig/rig.test.ts" name="free pins &gt; does not count an address the rig does not own" time="0.000118454">
        </testcase>
        <testcase classname="tests/rig/rig.test.ts" name="reports &gt; describes the rig by position" time="0.00020546">
        </testcase>
        <testcase classname="tests/rig/rig.test.ts" name="reports &gt; summarises usage per module" time="0.000283045">
        </testcase>
    </testsuite>
    <testsuite name="tests/rig/wiring.test.ts" timestamp="2026-09-04T04:07:00.579Z" hostname="cb8347729b47" tests="24" failures="0" errors="0" skipped="0" time="0.030124974">
        <testcase classname="tests/rig/wiring.test.ts" name="runLength &gt; adds slack for the route and for both ends" time="0.001580411">
        </testcase>
        <testcase classname="tests/rig/wiring.test.ts" name="runLength &gt; walks along the rack for a mortar further down it" time="0.000426528">
        </testcase>
        <testcase classname="tests/rig/wiring.test.ts" name="runLength &gt; treats a negative index as the first tube" time="0.000231338">
        </testcase>
        <testcase classname="tests/rig/wiring.test.ts" name="runLength &gt; never gives a run of nothing" time="0.000182005">
        </testcase>
        <testcase classname="tests/rig/wiring.test.ts" name="runsFor &gt; gives a run per cue" time="0.004516638">
        </testcase>
        <testcase classname="tests/rig/wiring.test.ts" name="runsFor &gt; gives a short run when the module is at the position" time="0.000905484">
        </testcase>
        <testcase classname="tests/rig/wiring.test.ts" name="runsFor &gt; gives a longer run to each tube further down the rack" time="0.003238899">
        </testcase>
        <testcase classname="tests/rig/wiring.test.ts" name="runsFor &gt; counts the rack position separately at each position" time="0.000430594">
        </testcase>
        <testcase classname="tests/rig/wiring.test.ts" name="runsFor &gt; computes the resistance of both legs" time="0.000731584">
        </testcase>
        <testcase classname="tests/rig/wiring.test.ts" name="runsFor &gt; takes another wire gauge" time="0.000460551">
        </testcase>
        <testcase classname="tests/rig/wiring.test.ts" name="wiringReport &gt; counts both legs in the total" time="0.000729821">
        </testcase>
        <testcase classname="tests/rig/wiring.test.ts" name="wiringReport &gt; finds the longest run" time="0.002146522">
        </testcase>
        <testcase classname="tests/rig/wiring.test.ts" name="wiringReport &gt; reports nothing for a show with no cues" time="0.000200749">
        </testcase>
        <testcase classname="tests/rig/wiring.test.ts" name="checkWiring &gt; passes a short run" time="0.000390047">
        </testcase>
        <testcase classname="tests/rig/wiring.test.ts" name="checkWiring &gt; fails a run too long for the match to fire over" time="0.001043604">
        </testcase>
        <testcase classname="tests/rig/wiring.test.ts" name="checkWiring &gt; names the pin so a crew knows which lead to shorten" time="0.000797981">
        </testcase>
        <testcase classname="tests/rig/wiring.test.ts" name="checkWiring &gt; warns about a run that sits between no fire and all fire" time="0.000569497">
        </testcase>
        <testcase classname="tests/rig/wiring.test.ts" name="checkWiring &gt; passes the same run at a higher voltage" time="0.000816665">
        </testcase>
        <testcase classname="tests/rig/wiring.test.ts" name="checkWiring &gt; fails sooner with several matches in series" time="0.000280341">
        </testcase>
        <testcase classname="tests/rig/wiring.test.ts" name="maxRunMetres &gt; says how far a match will fire" time="0.000182285">
        </testcase>
        <testcase classname="tests/rig/wiring.test.ts" name="maxRunMetres &gt; goes further at a higher voltage and shorter with more matches" time="0.000147499">
        </testcase>
        <testcase classname="tests/rig/wiring.test.ts" name="maxRunMetres &gt; gives nothing when the matches alone use the whole budget" time="0.000245595">
        </testcase>
        <testcase classname="tests/rig/wiring.test.ts" name="reports &gt; describes the wiring in one line" time="0.000420506">
        </testcase>
        <testcase classname="tests/rig/wiring.test.ts" name="reports &gt; totals cable by position" time="0.006647893">
        </testcase>
    </testsuite>
    <testsuite name="tests/safety/crowd.test.ts" timestamp="2026-09-04T04:07:00.580Z" hostname="cb8347729b47" tests="32" failures="0" errors="0" skipped="0" time="0.014821612">
        <testcase classname="tests/safety/crowd.test.ts" name="areaOf and capacityFor &gt; multiplies frontage by depth" time="0.001486543">
        </testcase>
        <testcase classname="tests/safety/crowd.test.ts" name="areaOf and capacityFor &gt; holds more people at a higher density" time="0.000340815">
        </testcase>
        <testcase classname="tests/safety/crowd.test.ts" name="areaOf and capacityFor &gt; rounds down rather than up" time="0.000245254">
        </testcase>
        <testcase classname="tests/safety/crowd.test.ts" name="areaOf and capacityFor &gt; holds nobody in no space" time="0.000159041">
        </testcase>
        <testcase classname="tests/safety/crowd.test.ts" name="areaOf and capacityFor &gt; orders the densities sensibly" time="0.000366975">
        </testcase>
        <testcase classname="tests/safety/crowd.test.ts" name="frontageOf &gt; measures a straight line" time="0.000260564">
        </testcase>
        <testcase classname="tests/safety/crowd.test.ts" name="frontageOf &gt; adds the segments of a polyline" time="0.000232691">
        </testcase>
        <testcase classname="tests/safety/crowd.test.ts" name="crowdVerdict &gt; reports capacity, headroom and density" time="0.000438099">
        </testcase>
        <testcase classname="tests/safety/crowd.test.ts" name="crowdVerdict &gt; goes negative on headroom when the field is too small" time="0.000206141">
        </testcase>
        <testcase classname="tests/safety/crowd.test.ts" name="crowdVerdict &gt; reports a clearance time when it knows the exits" time="0.000245785">
        </testcase>
        <testcase classname="tests/safety/crowd.test.ts" name="crowdVerdict &gt; leaves the clearance off without exits" time="0.000160043">
        </testcase>
        <testcase classname="tests/safety/crowd.test.ts" name="crowdVerdict &gt; takes another exit rate" time="0.000170733">
        </testcase>
        <testcase classname="tests/safety/crowd.test.ts" name="checkCrowd &gt; passes a comfortable plan" time="0.000485939">
        </testcase>
        <testcase classname="tests/safety/crowd.test.ts" name="checkCrowd &gt; fails a field that cannot hold the crowd" time="0.00034874">
        </testcase>
        <testcase classname="tests/safety/crowd.test.ts" name="checkCrowd &gt; warns when the field is nearly full" time="0.001007807">
        </testcase>
        <testcase classname="tests/safety/crowd.test.ts" name="checkCrowd &gt; fails a density past what is a viewing area" time="0.00030597">
        </testcase>
        <testcase classname="tests/safety/crowd.test.ts" name="checkCrowd &gt; warns when no exits are given" time="0.000256516">
        </testcase>
        <testcase classname="tests/safety/crowd.test.ts" name="checkCrowd &gt; warns about a clearance that takes too long" time="0.000324705">
        </testcase>
        <testcase classname="tests/safety/crowd.test.ts" name="depthNeeded &gt; says how far back the area has to run" time="0.000249161">
        </testcase>
        <testcase classname="tests/safety/crowd.test.ts" name="depthNeeded &gt; needs less depth at a higher density" time="0.000181634">
        </testcase>
        <testcase classname="tests/safety/crowd.test.ts" name="depthNeeded &gt; cannot fit anybody behind no frontage" time="0.000182966">
        </testcase>
        <testcase classname="tests/safety/crowd.test.ts" name="insideViewingArea &gt; puts a point close to the line inside" time="0.000227691">
        </testcase>
        <testcase classname="tests/safety/crowd.test.ts" name="insideViewingArea &gt; puts a point beyond the depth outside" time="0.00021697">
        </testcase>
        <testcase classname="tests/safety/crowd.test.ts" name="insideViewingArea &gt; measures to the nearest segment of a polyline" time="0.000223143">
        </testcase>
        <testcase classname="tests/safety/crowd.test.ts" name="describeCrowd &gt; reads as a table with the density spelled out" time="0.00058185">
        </testcase>
        <testcase classname="tests/safety/crowd.test.ts" name="describeCrowd &gt; leaves the clearance row out without exits" time="0.000402352">
        </testcase>
        <testcase classname="tests/safety/crowd.test.ts" name="the crowd command &gt; reports capacity for a field" time="0.001232141">
        </testcase>
        <testcase classname="tests/safety/crowd.test.ts" name="the crowd command &gt; fails a field that cannot hold the crowd" time="0.000598532">
        </testcase>
        <testcase classname="tests/safety/crowd.test.ts" name="the crowd command &gt; says how deep the area needs to be" time="0.000244853">
        </testcase>
        <testcase classname="tests/safety/crowd.test.ts" name="the crowd command &gt; needs a frontage and a headcount" time="0.000230706">
        </testcase>
        <testcase classname="tests/safety/crowd.test.ts" name="the crowd command &gt; needs a depth unless it is being asked for one" time="0.000191193">
        </testcase>
        <testcase classname="tests/safety/crowd.test.ts" name="the crowd command &gt; refuses a density it does not know" time="0.000413001">
        </testcase>
    </testsuite>
    <testsuite name="tests/safety/distance.test.ts" timestamp="2026-09-04T04:07:00.582Z" hostname="cb8347729b47" tests="20" failures="0" errors="0" skipped="0" time="0.013379272">
        <testcase classname="tests/safety/distance.test.ts" name="nfpa 1123 &gt; gives seventy feet per inch of bore" time="0.001456537">
        </testcase>
        <testcase classname="tests/safety/distance.test.ts" name="nfpa 1123 &gt; rounds a metric bore up to the next half inch" time="0.000525545">
        </testcase>
        <testcase classname="tests/safety/distance.test.ts" name="nfpa 1123 &gt; puts a six inch shell further out than most people guess" time="0.000277295">
        </testcase>
        <testcase classname="tests/safety/distance.test.ts" name="nfpa 1123 &gt; rises with bore" time="0.000444311">
        </testcase>
        <testcase classname="tests/safety/distance.test.ts" name="the other rules &gt; halves the distance under the reduced rule" time="0.000182987">
        </testcase>
        <testcase classname="tests/safety/distance.test.ts" name="the other rules &gt; uses a banded table for the european rule" time="0.000549681">
        </testcase>
        <testcase classname="tests/safety/distance.test.ts" name="the other rules &gt; does not give the same answer as the american rule" time="0.000270101">
        </testcase>
        <testcase classname="tests/safety/distance.test.ts" name="the other rules &gt; holds the top band for anything past the table" time="0.00013211">
        </testcase>
        <testcase classname="tests/safety/distance.test.ts" name="per effect &gt; uses the bore for a shell" time="0.000367866">
        </testcase>
        <testcase classname="tests/safety/distance.test.ts" name="per effect &gt; gives a mine less than its bore would ask for" time="0.000221359">
        </testcase>
        <testcase classname="tests/safety/distance.test.ts" name="per effect &gt; never puts anything closer than twenty five metres" time="0.000201261">
        </testcase>
        <testcase classname="tests/safety/distance.test.ts" name="per effect &gt; lets a wide mine ask for more than a narrow one" time="0.000139845">
        </testcase>
        <testcase classname="tests/safety/distance.test.ts" name="per effect &gt; takes the worst effect in a show" time="0.000234013">
        </testcase>
        <testcase classname="tests/safety/distance.test.ts" name="per effect &gt; asks for nothing when there is nothing to fire" time="0.000139435">
        </testcase>
        <testcase classname="tests/safety/distance.test.ts" name="largestCalibreFor &gt; finds the biggest bore a field can take" time="0.00263117">
        </testcase>
        <testcase classname="tests/safety/distance.test.ts" name="largestCalibreFor &gt; is one millimetre short of allowing a bore it cannot fit" time="0.001876441">
        </testcase>
        <testcase classname="tests/safety/distance.test.ts" name="largestCalibreFor &gt; allows a bigger bore under the reduced rule" time="0.001037594">
        </testcase>
        <testcase classname="tests/safety/distance.test.ts" name="largestCalibreFor &gt; allows nothing on a field with no room" time="0.00037493">
        </testcase>
        <testcase classname="tests/safety/distance.test.ts" name="reporting &gt; quotes both metres and feet and the rule" time="0.000283106">
        </testcase>
        <testcase classname="tests/safety/distance.test.ts" name="reporting &gt; flags the bores that need a written justification" time="0.000159121">
        </testcase>
    </testsuite>
    <testsuite name="tests/safety/noise.test.ts" timestamp="2026-09-04T04:07:00.583Z" hostname="cb8347729b47" tests="28" failures="0" errors="0" skipped="0" time="0.015191972">
        <testcase classname="tests/safety/noise.test.ts" name="levelAtTenFor &gt; gets louder with the bore" time="0.000872681">
        </testcase>
        <testcase classname="tests/safety/noise.test.ts" name="levelAtTenFor &gt; makes a salute the loudest thing on the field" time="0.000271795">
        </testcase>
        <testcase classname="tests/safety/noise.test.ts" name="levelAtTenFor &gt; keeps a ground piece well below a shell" time="0.000203536">
        </testcase>
        <testcase classname="tests/safety/noise.test.ts" name="levelAt &gt; is the reference level at ten metres" time="0.000231317">
        </testcase>
        <testcase classname="tests/safety/noise.test.ts" name="levelAt &gt; drops six decibels for every doubling" time="0.000249421">
        </testcase>
        <testcase classname="tests/safety/noise.test.ts" name="levelAt &gt; does not divide by zero at the source" time="0.000179079">
        </testcase>
        <testcase classname="tests/safety/noise.test.ts" name="combineLevels &gt; adds three decibels for two equal sources" time="0.000318734">
        </testcase>
        <testcase classname="tests/safety/noise.test.ts" name="combineLevels &gt; barely moves for one much quieter source" time="0.000162457">
        </testcase>
        <testcase classname="tests/safety/noise.test.ts" name="combineLevels &gt; is nothing for no sources" time="0.000146047">
        </testcase>
        <testcase classname="tests/safety/noise.test.ts" name="noiseFindings &gt; measures each effect from its own position" time="0.001668869">
        </testcase>
        <testcase classname="tests/safety/noise.test.ts" name="noiseFindings &gt; orders findings loudest first" time="0.000436736">
        </testcase>
        <testcase classname="tests/safety/noise.test.ts" name="noiseFindings &gt; reports one finding per effect and position" time="0.001271116">
        </testcase>
        <testcase classname="tests/safety/noise.test.ts" name="noiseFindings &gt; finds nothing in an empty show" time="0.000991767">
        </testcase>
        <testcase classname="tests/safety/noise.test.ts" name="peakLevel &gt; is louder for several shells at once than for one" time="0.001133044">
        </testcase>
        <testcase classname="tests/safety/noise.test.ts" name="peakLevel &gt; does not add shells that are seconds apart" time="0.00072381">
        </testcase>
        <testcase classname="tests/safety/noise.test.ts" name="peakLevel &gt; is zero for an empty show" time="0.000166034">
        </testcase>
        <testcase classname="tests/safety/noise.test.ts" name="checkNoise &gt; says nothing when no limit is set" time="0.000192374">
        </testcase>
        <testcase classname="tests/safety/noise.test.ts" name="checkNoise &gt; fails a show over the limit" time="0.000588794">
        </testcase>
        <testcase classname="tests/safety/noise.test.ts" name="checkNoise &gt; warns when a show is close to the limit" time="0.001163864">
        </testcase>
        <testcase classname="tests/safety/noise.test.ts" name="checkNoise &gt; passes a show well inside the limit" time="0.000157769">
        </testcase>
        <testcase classname="tests/safety/noise.test.ts" name="checkNoise &gt; names the individual effects that break the limit" time="0.000143851">
        </testcase>
        <testcase classname="tests/safety/noise.test.ts" name="planning helpers &gt; finds the largest bore that stays quiet enough" time="0.000400558">
        </testcase>
        <testcase classname="tests/safety/noise.test.ts" name="planning helpers &gt; finds nothing when even the smallest is too loud" time="0.000198737">
        </testcase>
        <testcase classname="tests/safety/noise.test.ts" name="planning helpers &gt; says whether a show fits before a curfew" time="0.000300439">
        </testcase>
        <testcase classname="tests/safety/noise.test.ts" name="planning helpers &gt; clamps a licence figure into something a meter reads" time="0.000266815">
        </testcase>
        <testcase classname="tests/safety/noise.test.ts" name="reports &gt; describes the noise in one line" time="0.000271744">
        </testcase>
        <testcase classname="tests/safety/noise.test.ts" name="reports &gt; says so for an empty show" time="0.000256214">
        </testcase>
        <testcase classname="tests/safety/noise.test.ts" name="reports &gt; names the moment of the loudest effect" time="0.000421198">
        </testcase>
    </testsuite>
    <testsuite name="tests/safety/rules.test.ts" timestamp="2026-09-04T04:07:00.584Z" hostname="cb8347729b47" tests="22" failures="0" errors="0" skipped="0" time="0.018373885">
        <testcase classname="tests/safety/rules.test.ts" name="separation &gt; passes a three inch anywhere on this field" time="0.004406821">
        </testcase>
        <testcase classname="tests/safety/rules.test.ts" name="separation &gt; fails a six inch from a position that is too close" time="0.001566695">
        </testcase>
        <testcase classname="tests/safety/rules.test.ts" name="separation &gt; quotes what it wanted and what it had" time="0.000386842">
        </testcase>
        <testcase classname="tests/safety/rules.test.ts" name="separation &gt; reports one finding per position and effect, not per shot" time="0.000882221">
        </testcase>
        <testcase classname="tests/safety/rules.test.ts" name="separation &gt; passes the same shell from a position with room" time="0.000311359">
        </testcase>
        <testcase classname="tests/safety/rules.test.ts" name="separation &gt; passes everything under the reduced rule" time="0.000357637">
        </testcase>
        <testcase classname="tests/safety/rules.test.ts" name="separation &gt; orders findings worst first" time="0.000881208">
        </testcase>
        <testcase classname="tests/safety/rules.test.ts" name="airspace &gt; says nothing when no ceiling is set" time="0.000439513">
        </testcase>
        <testcase classname="tests/safety/rules.test.ts" name="airspace &gt; fails a shell that reaches through the ceiling" time="0.000693242">
        </testcase>
        <testcase classname="tests/safety/rules.test.ts" name="airspace &gt; passes a shell that stays under it" time="0.000316919">
        </testcase>
        <testcase classname="tests/safety/rules.test.ts" name="airspace &gt; reports each effect once however often it fires" time="0.000412901">
        </testcase>
        <testcase classname="tests/safety/rules.test.ts" name="fallout &gt; fails when the disc crosses a hard boundary" time="0.000572614">
        </testcase>
        <testcase classname="tests/safety/rules.test.ts" name="fallout &gt; passes a small effect that stays inside" time="0.000248109">
        </testcase>
        <testcase classname="tests/safety/rules.test.ts" name="fallout &gt; pushes the disc further with wind behind it" time="0.00048043">
        </testcase>
        <testcase classname="tests/safety/rules.test.ts" name="checkSafety &gt; passes a clean show" time="0.001161808">
        </testcase>
        <testcase classname="tests/safety/rules.test.ts" name="checkSafety &gt; collects every kind of failure at once" time="0.000980546">
        </testcase>
        <testcase classname="tests/safety/rules.test.ts" name="checkSafety &gt; stops everything at the wind hold" time="0.000404466">
        </testcase>
        <testcase classname="tests/safety/rules.test.ts" name="checkSafety &gt; reports no wind verdict when no wind was given" time="0.000456203">
        </testcase>
        <testcase classname="tests/safety/rules.test.ts" name="tightestMargin &gt; is positive on a comfortable show" time="0.000602259">
        </testcase>
        <testcase classname="tests/safety/rules.test.ts" name="tightestMargin &gt; goes negative when a position is too close" time="0.000342368">
        </testcase>
        <testcase classname="tests/safety/rules.test.ts" name="tightestMargin &gt; is zero for an empty show" time="0.000198816">
        </testcase>
        <testcase classname="tests/safety/rules.test.ts" name="siteSummary &gt; names the nearest boundary to each position" time="0.000353179">
        </testcase>
    </testsuite>
    <testsuite name="tests/safety/site.test.ts" timestamp="2026-09-04T04:07:00.586Z" hostname="cb8347729b47" tests="19" failures="0" errors="0" skipped="0" time="0.015535052">
        <testcase classname="tests/safety/site.test.ts" name="point and boundary &gt; refuses a coordinate that is not finite" time="0.002668751">
        </testcase>
        <testcase classname="tests/safety/site.test.ts" name="point and boundary &gt; refuses a boundary with one point" time="0.0005806">
        </testcase>
        <testcase classname="tests/safety/site.test.ts" name="point and boundary &gt; marks a hard boundary" time="0.000492592">
        </testcase>
        <testcase classname="tests/safety/site.test.ts" name="distanceToSegment &gt; measures the perpendicular where it lands on the segment" time="0.000456925">
        </testcase>
        <testcase classname="tests/safety/site.test.ts" name="distanceToSegment &gt; measures to an endpoint where the perpendicular misses" time="0.000240987">
        </testcase>
        <testcase classname="tests/safety/site.test.ts" name="distanceToSegment &gt; handles a segment of no length" time="0.000351635">
        </testcase>
        <testcase classname="tests/safety/site.test.ts" name="distanceToSegment &gt; is zero on the segment itself" time="0.000230165">
        </testcase>
        <testcase classname="tests/safety/site.test.ts" name="distanceToBoundary &gt; measures square onto a slanted segment, not to its nearest corner" time="0.000470671">
        </testcase>
        <testcase classname="tests/safety/site.test.ts" name="distanceToBoundary &gt; measures a straight line" time="0.0004865">
        </testcase>
        <testcase classname="tests/safety/site.test.ts" name="distanceToBoundary &gt; measures from a point past the end of the line" time="0.000294378">
        </testcase>
        <testcase classname="tests/safety/site.test.ts" name="positions &gt; reads a position as a point" time="0.00098782">
        </testcase>
        <testcase classname="tests/safety/site.test.ts" name="positions &gt; measures a position to the audience" time="0.000363338">
        </testcase>
        <testcase classname="tests/safety/site.test.ts" name="clearances &gt; lists every boundary closest first" time="0.001960261">
        </testcase>
        <testcase classname="tests/safety/site.test.ts" name="clearances &gt; marks which are hard" time="0.000880527">
        </testcase>
        <testcase classname="tests/safety/site.test.ts" name="clearances &gt; finds the tightest clearance on the whole site" time="0.000758746">
        </testcase>
        <testcase classname="tests/safety/site.test.ts" name="clearances &gt; finds nothing when there are no positions" time="0.000243291">
        </testcase>
        <testcase classname="tests/safety/site.test.ts" name="falloutClears &gt; names a hard boundary the fallout would cross" time="0.000379308">
        </testcase>
        <testcase classname="tests/safety/site.test.ts" name="falloutClears &gt; names nothing when the disc stays inside" time="0.000262667">
        </testcase>
        <testcase classname="tests/safety/site.test.ts" name="falloutClears &gt; ignores the spectator line, which the separation rule covers" time="0.000306269">
        </testcase>
    </testsuite>
    <testsuite name="tests/safety/wind.test.ts" timestamp="2026-09-04T04:07:00.587Z" hostname="cb8347729b47" tests="26" failures="0" errors="0" skipped="0" time="0.009577176">
        <testcase classname="tests/safety/wind.test.ts" name="wind &gt; normalises the direction into a compass bearing" time="0.00117874">
        </testcase>
        <testcase classname="tests/safety/wind.test.ts" name="wind &gt; refuses a direction that is not a number" time="0.000931453">
        </testcase>
        <testcase classname="tests/safety/wind.test.ts" name="descent &gt; takes eighteen seconds to come down from a six inch break" time="0.000286803">
        </testcase>
        <testcase classname="tests/safety/wind.test.ts" name="descent &gt; brings a dud down much faster" time="0.000235296">
        </testcase>
        <testcase classname="tests/safety/wind.test.ts" name="descent &gt; refuses a descent rate of zero" time="0.000225566">
        </testcase>
        <testcase classname="tests/safety/wind.test.ts" name="drift &gt; moves debris further than most people expect" time="0.000217562">
        </testcase>
        <testcase classname="tests/safety/wind.test.ts" name="drift &gt; scales with wind speed and with height" time="0.000185191">
        </testcase>
        <testcase classname="tests/safety/wind.test.ts" name="drift &gt; moves nothing in still air" time="0.000154683">
        </testcase>
        <testcase classname="tests/safety/wind.test.ts" name="drift &gt; moves a dud less, because it is down sooner" time="0.000290931">
        </testcase>
        <testcase classname="tests/safety/wind.test.ts" name="driftedCentre &gt; moves east when the wind blows east" time="0.000340214">
        </testcase>
        <testcase classname="tests/safety/wind.test.ts" name="driftedCentre &gt; moves north when the wind blows north" time="0.000138352">
        </testcase>
        <testcase classname="tests/safety/wind.test.ts" name="driftedCentre &gt; leaves the centre alone in still air" time="0.000548599">
        </testcase>
        <testcase classname="tests/safety/wind.test.ts" name="inflatedRadius &gt; grows the disc by the drift" time="0.000168389">
        </testcase>
        <testcase classname="tests/safety/wind.test.ts" name="verdicts &gt; is clear in a light breeze" time="0.000178868">
        </testcase>
        <testcase classname="tests/safety/wind.test.ts" name="verdicts &gt; is caution in the band" time="0.000150786">
        </testcase>
        <testcase classname="tests/safety/wind.test.ts" name="verdicts &gt; holds at the hold speed" time="0.000157619">
        </testcase>
        <testcase classname="tests/safety/wind.test.ts" name="maxHeightFor &gt; says how high the crew can still break" time="0.000350012">
        </testcase>
        <testcase classname="tests/safety/wind.test.ts" name="maxHeightFor &gt; allows anything in still air" time="0.000128192">
        </testcase>
        <testcase classname="tests/safety/wind.test.ts" name="checkWind &gt; stops the show over the hold speed" time="0.00085615">
        </testcase>
        <testcase classname="tests/safety/wind.test.ts" name="checkWind &gt; warns inside the caution band" time="0.000216731">
        </testcase>
        <testcase classname="tests/safety/wind.test.ts" name="checkWind &gt; errors when the drift is past the room available" time="0.00020059">
        </testcase>
        <testcase classname="tests/safety/wind.test.ts" name="checkWind &gt; warns when the drift is close to the room available" time="0.000216279">
        </testcase>
        <testcase classname="tests/safety/wind.test.ts" name="checkWind &gt; says nothing on a still evening with room to spare" time="0.000123784">
        </testcase>
        <testcase classname="tests/safety/wind.test.ts" name="reporting &gt; names the compass point" time="0.000180752">
        </testcase>
        <testcase classname="tests/safety/wind.test.ts" name="reporting &gt; reads as one line" time="0.000133051">
        </testcase>
        <testcase classname="tests/safety/wind.test.ts" name="reporting &gt; clamps a nonsense gust reading" time="0.000146106">
        </testcase>
    </testsuite>
    <testsuite name="tests/script/annotate.test.ts" timestamp="2026-09-04T04:07:00.589Z" hostname="cb8347729b47" tests="15" failures="0" errors="0" skipped="0" time="0.021244177">
        <testcase classname="tests/script/annotate.test.ts" name="annotateScript &gt; puts the firing time on each cue line" time="0.005978094">
        </testcase>
        <testcase classname="tests/script/annotate.test.ts" name="annotateScript &gt; puts the pins on the line too" time="0.000599584">
        </testcase>
        <testcase classname="tests/script/annotate.test.ts" name="annotateScript &gt; leaves blank lines and headers alone" time="0.000673855">
        </testcase>
        <testcase classname="tests/script/annotate.test.ts" name="annotateScript &gt; summarises a long run rather than listing every pin" time="0.001293379">
        </testcase>
        <testcase classname="tests/script/annotate.test.ts" name="annotateScript &gt; takes its own run length before summarising" time="0.000471522">
        </testcase>
        <testcase classname="tests/script/annotate.test.ts" name="annotateScript &gt; can leave the pins out" time="0.000556763">
        </testcase>
        <testcase classname="tests/script/annotate.test.ts" name="annotateScript &gt; is stable, so annotating twice gives the same text" time="0.005080555">
        </testcase>
        <testcase classname="tests/script/annotate.test.ts" name="annotateScript &gt; annotates a group body where it is written" time="0.000849327">
        </testcase>
        <testcase classname="tests/script/annotate.test.ts" name="annotateScript &gt; leaves a script with no cues untouched" time="0.00084037">
        </testcase>
        <testcase classname="tests/script/annotate.test.ts" name="stripAnnotations &gt; takes the comments back off" time="0.000489637">
        </testcase>
        <testcase classname="tests/script/annotate.test.ts" name="stripAnnotations &gt; leaves an ordinary comment alone" time="0.000114386">
        </testcase>
        <testcase classname="tests/script/annotate.test.ts" name="stripAnnotations &gt; does nothing to a source with no annotations" time="0.000103436">
        </testcase>
        <testcase classname="tests/script/annotate.test.ts" name="isAnnotated &gt; recognises an annotated script" time="0.000354861">
        </testcase>
        <testcase classname="tests/script/annotate.test.ts" name="counting &gt; says how many lines carry an answer" time="0.000299236">
        </testcase>
        <testcase classname="tests/script/annotate.test.ts" name="counting &gt; lists the statements that could carry one" time="0.001302846">
        </testcase>
    </testsuite>
    <testsuite name="tests/script/ast.test.ts" timestamp="2026-09-04T04:07:00.590Z" hostname="cb8347729b47" tests="19" failures="0" errors="0" skipped="0" time="0.012233593">
        <testcase classname="tests/script/ast.test.ts" name="classification &gt; recognises every cue statement" time="0.002021836">
        </testcase>
        <testcase classname="tests/script/ast.test.ts" name="classification &gt; does not treat a header or a group as a cue" time="0.000421217">
        </testcase>
        <testcase classname="tests/script/ast.test.ts" name="classification &gt; separates statements that put shots up from play" time="0.000448248">
        </testcase>
        <testcase classname="tests/script/ast.test.ts" name="shotsIn &gt; counts one for a fire" time="0.000262376">
        </testcase>
        <testcase classname="tests/script/ast.test.ts" name="shotsIn &gt; counts the run of a ripple and a fan" time="0.000282926">
        </testcase>
        <testcase classname="tests/script/ast.test.ts" name="shotsIn &gt; counts a chase over its positions and passes" time="0.000246737">
        </testcase>
        <testcase classname="tests/script/ast.test.ts" name="shotsIn &gt; counts nothing for a play or a group header" time="0.000310658">
        </testcase>
        <testcase classname="tests/script/ast.test.ts" name="names &gt; reads the effect a statement fires" time="0.000984914">
        </testcase>
        <testcase classname="tests/script/ast.test.ts" name="names &gt; reads the positions a statement uses" time="0.001179552">
        </testcase>
        <testcase classname="tests/script/ast.test.ts" name="names &gt; copies a chase&apos;s positions rather than aliasing them" time="0.001221462">
        </testcase>
        <testcase classname="tests/script/ast.test.ts" name="walk &gt; visits every statement and every group body" time="0.000340034">
        </testcase>
        <testcase classname="tests/script/ast.test.ts" name="walk &gt; visits nothing for an empty script" time="0.000222842">
        </testcase>
        <testcase classname="tests/script/ast.test.ts" name="groups &gt; lists the groups" time="0.000259942">
        </testcase>
        <testcase classname="tests/script/ast.test.ts" name="groups &gt; finds a group by name" time="0.000341476">
        </testcase>
        <testcase classname="tests/script/ast.test.ts" name="totalShots &gt; counts top level statements" time="0.000272977">
        </testcase>
        <testcase classname="tests/script/ast.test.ts" name="totalShots &gt; counts a group only where it is played" time="0.00034857">
        </testcase>
        <testcase classname="tests/script/ast.test.ts" name="totalShots &gt; counts a group twice when it is played twice" time="0.000181573">
        </testcase>
        <testcase classname="tests/script/ast.test.ts" name="totalShots &gt; counts nothing for a play of a group that is not there" time="0.000201692">
        </testcase>
        <testcase classname="tests/script/ast.test.ts" name="totalShots &gt; counts nothing in an empty script" time="0.000176434">
        </testcase>
    </testsuite>
    <testsuite name="tests/script/expand.test.ts" timestamp="2026-09-04T04:07:00.592Z" hostname="cb8347729b47" tests="24" failures="0" errors="0" skipped="0" time="0.017186898">
        <testcase classname="tests/script/expand.test.ts" name="fire &gt; makes one shot" time="0.005091857">
        </testcase>
        <testcase classname="tests/script/expand.test.ts" name="fire &gt; carries a fixed pin, a height and a label through" time="0.000841543">
        </testcase>
        <testcase classname="tests/script/expand.test.ts" name="fire &gt; keeps the span it came from" time="0.000278377">
        </testcase>
        <testcase classname="tests/script/expand.test.ts" name="ripple &gt; lays shots out at an even interval from the cue time" time="0.00044368">
        </testcase>
        <testcase classname="tests/script/expand.test.ts" name="ripple &gt; numbers the shots in order" time="0.000331237">
        </testcase>
        <testcase classname="tests/script/expand.test.ts" name="ripple &gt; puts every shot on auto pin" time="0.000320577">
        </testcase>
        <testcase classname="tests/script/expand.test.ts" name="ripple &gt; applies jitter inside the amount asked for" time="0.00134689">
        </testcase>
        <testcase classname="tests/script/expand.test.ts" name="ripple &gt; gives the same jitter for the same seed" time="0.000555392">
        </testcase>
        <testcase classname="tests/script/expand.test.ts" name="ripple &gt; gives different jitter for a different seed" time="0.000400167">
        </testcase>
        <testcase classname="tests/script/expand.test.ts" name="ripple &gt; does not let one macro&apos;s edit move another&apos;s jitter" time="0.000636605">
        </testcase>
        <testcase classname="tests/script/expand.test.ts" name="fan &gt; centres the run on the cue time" time="0.000251426">
        </testcase>
        <testcase classname="tests/script/expand.test.ts" name="fan &gt; puts a single shot fan exactly on the beat" time="0.000203305">
        </testcase>
        <testcase classname="tests/script/expand.test.ts" name="fan &gt; spans exactly the spread it was given" time="0.000277174">
        </testcase>
        <testcase classname="tests/script/expand.test.ts" name="chase &gt; runs across the positions in order" time="0.000361544">
        </testcase>
        <testcase classname="tests/script/expand.test.ts" name="chase &gt; wraps round for a second pass" time="0.00039137">
        </testcase>
        <testcase classname="tests/script/expand.test.ts" name="groups &gt; offsets the body by the play time" time="0.000377835">
        </testcase>
        <testcase classname="tests/script/expand.test.ts" name="groups &gt; does not emit the group where it is defined" time="0.000203665">
        </testcase>
        <testcase classname="tests/script/expand.test.ts" name="groups &gt; expands a macro inside a group" time="0.000286513">
        </testcase>
        <testcase classname="tests/script/expand.test.ts" name="groups &gt; refuses a play of a group that is not there" time="0.000589826">
        </testcase>
        <testcase classname="tests/script/expand.test.ts" name="groups &gt; refuses a group that plays itself" time="0.000318332">
        </testcase>
        <testcase classname="tests/script/expand.test.ts" name="ordering and caps &gt; sorts the whole show by time" time="0.000319434">
        </testcase>
        <testcase classname="tests/script/expand.test.ts" name="ordering and caps &gt; refuses a macro that would produce more than the cap" time="0.000277586">
        </testcase>
        <testcase classname="tests/script/expand.test.ts" name="ordering and caps &gt; takes a raised cap" time="0.000778664">
        </testcase>
        <testcase classname="tests/script/expand.test.ts" name="ordering and caps &gt; skips the headers" time="0.000341497">
        </testcase>
    </testsuite>
    <testsuite name="tests/script/format.test.ts" timestamp="2026-09-04T04:07:00.594Z" hostname="cb8347729b47" tests="21" failures="0" errors="0" skipped="0" time="0.014123671">
        <testcase classname="tests/script/format.test.ts" name="cue lines &gt; writes a plain fire" time="0.003150372">
        </testcase>
        <testcase classname="tests/script/format.test.ts" name="cue lines &gt; writes a whole second with one decimal place" time="0.000587553">
        </testcase>
        <testcase classname="tests/script/format.test.ts" name="cue lines &gt; writes a minute form time when asked" time="0.00043302">
        </testcase>
        <testcase classname="tests/script/format.test.ts" name="cue lines &gt; writes a minute form time as seconds by default" time="0.000229664">
        </testcase>
        <testcase classname="tests/script/format.test.ts" name="cue lines &gt; writes the clauses in a fixed order" time="0.000648147">
        </testcase>
        <testcase classname="tests/script/format.test.ts" name="cue lines &gt; quotes a label that needs it" time="0.000536445">
        </testcase>
        <testcase classname="tests/script/format.test.ts" name="cue lines &gt; writes a ripple with a whole second gap in seconds" time="0.000296391">
        </testcase>
        <testcase classname="tests/script/format.test.ts" name="cue lines &gt; writes a sub second gap in milliseconds" time="0.000222221">
        </testcase>
        <testcase classname="tests/script/format.test.ts" name="cue lines &gt; writes a fan with its spread and jitter" time="0.000557275">
        </testcase>
        <testcase classname="tests/script/format.test.ts" name="cue lines &gt; writes a chase and only names passes when it is not one" time="0.000719672">
        </testcase>
        <testcase classname="tests/script/format.test.ts" name="cue lines &gt; writes a play" time="0.000186222">
        </testcase>
        <testcase classname="tests/script/format.test.ts" name="headers and groups &gt; writes each header on its own line" time="0.000366173">
        </testcase>
        <testcase classname="tests/script/format.test.ts" name="headers and groups &gt; writes an include with quotes" time="0.000156677">
        </testcase>
        <testcase classname="tests/script/format.test.ts" name="headers and groups &gt; indents a group body" time="0.000247808">
        </testcase>
        <testcase classname="tests/script/format.test.ts" name="headers and groups &gt; takes another indent width" time="0.000699996">
        </testcase>
        <testcase classname="tests/script/format.test.ts" name="headers and groups &gt; puts a blank line between the headers and the cues" time="0.00034884">
        </testcase>
        <testcase classname="tests/script/format.test.ts" name="headers and groups &gt; puts a blank line round a group" time="0.001016354">
        </testcase>
        <testcase classname="tests/script/format.test.ts" name="headers and groups &gt; writes nothing for an empty script" time="0.000155605">
        </testcase>
        <testcase classname="tests/script/format.test.ts" name="round trips &gt; is stable, so formatting twice changes nothing" time="0.00063895">
        </testcase>
        <testcase classname="tests/script/format.test.ts" name="round trips &gt; survives a parse after formatting" time="0.000785066">
        </testcase>
        <testcase classname="tests/script/format.test.ts" name="round trips &gt; collapses two spellings of the same show onto one text" time="0.00017992">
        </testcase>
    </testsuite>
    <testsuite name="tests/script/include.test.ts" timestamp="2026-09-04T04:07:00.596Z" hostname="cb8347729b47" tests="17" failures="0" errors="0" skipped="0" time="0.013639514">
        <testcase classname="tests/script/include.test.ts" name="resolveInclude &gt; resolves against the including file&apos;s folder" time="0.001180103">
        </testcase>
        <testcase classname="tests/script/include.test.ts" name="resolveInclude &gt; walks up with a double dot" time="0.000225877">
        </testcase>
        <testcase classname="tests/script/include.test.ts" name="resolveInclude &gt; ignores a single dot" time="0.000161386">
        </testcase>
        <testcase classname="tests/script/include.test.ts" name="resolveInclude &gt; keeps an absolute path as it is" time="0.000152078">
        </testcase>
        <testcase classname="tests/script/include.test.ts" name="resolveInclude &gt; resolves from a file at the top level" time="0.000148121">
        </testcase>
        <testcase classname="tests/script/include.test.ts" name="loadScript &gt; pulls the statements of both files together" time="0.003429171">
        </testcase>
        <testcase classname="tests/script/include.test.ts" name="loadScript &gt; lists every file it read" time="0.000488745">
        </testcase>
        <testcase classname="tests/script/include.test.ts" name="loadScript &gt; drops the include statement itself" time="0.000293385">
        </testcase>
        <testcase classname="tests/script/include.test.ts" name="loadScript &gt; names the entry file as the source" time="0.000337038">
        </testcase>
        <testcase classname="tests/script/include.test.ts" name="loadScript &gt; reports a file it cannot read and says who asked for it" time="0.000514804">
        </testcase>
        <testcase classname="tests/script/include.test.ts" name="loadScript &gt; reports a missing entry file with no help line" time="0.001272939">
        </testcase>
        <testcase classname="tests/script/include.test.ts" name="loadScript &gt; reads a file included twice only once" time="0.000540203">
        </testcase>
        <testcase classname="tests/script/include.test.ts" name="loadScript &gt; reports a loop with the whole path round it" time="0.000487422">
        </testcase>
        <testcase classname="tests/script/include.test.ts" name="loadScript &gt; does not hang on a loop" time="0.000688032">
        </testcase>
        <testcase classname="tests/script/include.test.ts" name="loadScript &gt; passes a parse error in an included file through" time="0.000584566">
        </testcase>
        <testcase classname="tests/script/include.test.ts" name="duplicateGroups &gt; finds two groups with the same name" time="0.001593256">
        </testcase>
        <testcase classname="tests/script/include.test.ts" name="duplicateGroups &gt; finds none when the names differ" time="0.00025384">
        </testcase>
    </testsuite>
    <testsuite name="tests/script/lint.test.ts" timestamp="2026-09-04T04:07:00.598Z" hostname="cb8347729b47" tests="22" failures="0" errors="0" skipped="0" time="0.017474763">
        <testcase classname="tests/script/lint.test.ts" name="a clean script &gt; raises nothing" time="0.00617645">
        </testcase>
        <testcase classname="tests/script/lint.test.ts" name="groups &gt; warns about a group nothing plays" time="0.001073722">
        </testcase>
        <testcase classname="tests/script/lint.test.ts" name="groups &gt; says nothing about a group that is played" time="0.000488754">
        </testcase>
        <testcase classname="tests/script/lint.test.ts" name="groups &gt; warns about an empty group" time="0.000328421">
        </testcase>
        <testcase classname="tests/script/lint.test.ts" name="groups &gt; counts a play from inside another group" time="0.000388945">
        </testcase>
        <testcase classname="tests/script/lint.test.ts" name="intervals &gt; warns about a ripple tighter than a frame or two" time="0.000418312">
        </testcase>
        <testcase classname="tests/script/lint.test.ts" name="intervals &gt; warns about a chase just as tightly" time="0.000433019">
        </testcase>
        <testcase classname="tests/script/lint.test.ts" name="intervals &gt; takes its own threshold" time="0.000913429">
        </testcase>
        <testcase classname="tests/script/lint.test.ts" name="intervals &gt; warns about a fan with no spread" time="0.000447948">
        </testcase>
        <testcase classname="tests/script/lint.test.ts" name="intervals &gt; notes a very long run" time="0.000291722">
        </testcase>
        <testcase classname="tests/script/lint.test.ts" name="collisions &gt; warns about two cues from one position on one instant" time="0.000381271">
        </testcase>
        <testcase classname="tests/script/lint.test.ts" name="collisions &gt; says nothing when the positions differ" time="0.000267026">
        </testcase>
        <testcase classname="tests/script/lint.test.ts" name="collisions &gt; says nothing when the times differ" time="0.000237249">
        </testcase>
        <testcase classname="tests/script/lint.test.ts" name="collisions &gt; reports a third cue on the same instant only once more" time="0.00050199">
        </testcase>
        <testcase classname="tests/script/lint.test.ts" name="quiet stretches &gt; notes a long gap in the script" time="0.00024328">
        </testcase>
        <testcase classname="tests/script/lint.test.ts" name="quiet stretches &gt; takes its own threshold" time="0.000318082">
        </testcase>
        <testcase classname="tests/script/lint.test.ts" name="quiet stretches &gt; does not care what order the cues were written in" time="0.00018532">
        </testcase>
        <testcase classname="tests/script/lint.test.ts" name="headers &gt; warns about a script with no show name" time="0.000207984">
        </testcase>
        <testcase classname="tests/script/lint.test.ts" name="headers &gt; warns about two seeds or two frame rates" time="0.000324264">
        </testcase>
        <testcase classname="tests/script/lint.test.ts" name="headers &gt; says nothing about one of each" time="0.000236027">
        </testcase>
        <testcase classname="tests/script/lint.test.ts" name="lintClean &gt; is false when anything was raised" time="0.00017454">
        </testcase>
        <testcase classname="tests/script/lint.test.ts" name="lintClean &gt; ignores notes, which are not warnings" time="0.000484017">
        </testcase>
    </testsuite>
    <testsuite name="tests/script/parser.test.ts" timestamp="2026-09-04T04:07:00.599Z" hostname="cb8347729b47" tests="38" failures="0" errors="0" skipped="0" time="0.020122666">
        <testcase classname="tests/script/parser.test.ts" name="headers &gt; reads a show name" time="0.00295871">
        </testcase>
        <testcase classname="tests/script/parser.test.ts" name="headers &gt; reads a seed" time="0.000762844">
        </testcase>
        <testcase classname="tests/script/parser.test.ts" name="headers &gt; reads a frame rate and the drop flag" time="0.000489887">
        </testcase>
        <testcase classname="tests/script/parser.test.ts" name="headers &gt; refuses a frame rate nothing plays at" time="0.001113306">
        </testcase>
        <testcase classname="tests/script/parser.test.ts" name="headers &gt; reads an include" time="0.000328983">
        </testcase>
        <testcase classname="tests/script/parser.test.ts" name="headers &gt; refuses a header with nothing after it" time="0.000963764">
        </testcase>
        <testcase classname="tests/script/parser.test.ts" name="fire &gt; reads a plain cue" time="0.001075245">
        </testcase>
        <testcase classname="tests/script/parser.test.ts" name="fire &gt; reads a minute form time" time="0.000369388">
        </testcase>
        <testcase classname="tests/script/parser.test.ts" name="fire &gt; takes a fixed pin" time="0.000528179">
        </testcase>
        <testcase classname="tests/script/parser.test.ts" name="fire &gt; takes a lowered break and a label" time="0.000316138">
        </testcase>
        <testcase classname="tests/script/parser.test.ts" name="fire &gt; takes the clauses in any order" time="0.000506158">
        </testcase>
        <testcase classname="tests/script/parser.test.ts" name="fire &gt; takes a quoted label" time="0.000223363">
        </testcase>
        <testcase classname="tests/script/parser.test.ts" name="fire &gt; leaves optional clauses off when they are not given" time="0.000208904">
        </testcase>
        <testcase classname="tests/script/parser.test.ts" name="fire &gt; refuses a missing from" time="0.000355202">
        </testcase>
        <testcase classname="tests/script/parser.test.ts" name="fire &gt; refuses a time that is not a time" time="0.000297603">
        </testcase>
        <testcase classname="tests/script/parser.test.ts" name="fire &gt; refuses a bad pin address" time="0.000560841">
        </testcase>
        <testcase classname="tests/script/parser.test.ts" name="fire &gt; refuses an unknown clause and lists the real ones" time="0.000173488">
        </testcase>
        <testcase classname="tests/script/parser.test.ts" name="ripple and fan &gt; reads a ripple" time="0.000383486">
        </testcase>
        <testcase classname="tests/script/parser.test.ts" name="ripple and fan &gt; reads a fan with jitter" time="0.000508262">
        </testcase>
        <testcase classname="tests/script/parser.test.ts" name="ripple and fan &gt; refuses a count of zero" time="0.000207092">
        </testcase>
        <testcase classname="tests/script/parser.test.ts" name="ripple and fan &gt; refuses a missing of" time="0.000413352">
        </testcase>
        <testcase classname="tests/script/parser.test.ts" name="ripple and fan &gt; refuses a ripple with no every" time="0.000428722">
        </testcase>
        <testcase classname="tests/script/parser.test.ts" name="chase &gt; reads the positions it runs across" time="0.00021665">
        </testcase>
        <testcase classname="tests/script/parser.test.ts" name="chase &gt; takes a pass count" time="0.000308004">
        </testcase>
        <testcase classname="tests/script/parser.test.ts" name="chase &gt; refuses a chase across one position" time="0.000289178">
        </testcase>
        <testcase classname="tests/script/parser.test.ts" name="groups &gt; collects the body into the group" time="0.000336367">
        </testcase>
        <testcase classname="tests/script/parser.test.ts" name="groups &gt; keeps the play outside the group" time="0.000215258">
        </testcase>
        <testcase classname="tests/script/parser.test.ts" name="groups &gt; refuses an end with nothing open" time="0.000239664">
        </testcase>
        <testcase classname="tests/script/parser.test.ts" name="groups &gt; refuses a group inside a group" time="0.000273338">
        </testcase>
        <testcase classname="tests/script/parser.test.ts" name="groups &gt; refuses a group that is never closed" time="0.000539791">
        </testcase>
        <testcase classname="tests/script/parser.test.ts" name="groups &gt; refuses a header inside a group" time="0.000321859">
        </testcase>
        <testcase classname="tests/script/parser.test.ts" name="recovery &gt; keeps reading after a bad line" time="0.000246867">
        </testcase>
        <testcase classname="tests/script/parser.test.ts" name="recovery &gt; reports every bad line rather than the first" time="0.000440253">
        </testcase>
        <testcase classname="tests/script/parser.test.ts" name="recovery &gt; points at the line the mistake is on" time="0.000209477">
        </testcase>
        <testcase classname="tests/script/parser.test.ts" name="recovery &gt; ignores comments and blank lines" time="0.000229705">
        </testcase>
        <testcase classname="tests/script/parser.test.ts" name="recovery &gt; parses an empty script into nothing" time="0.000304267">
        </testcase>
        <testcase classname="tests/script/parser.test.ts" name="recovery &gt; names the source it came from" time="0.000264501">
        </testcase>
        <testcase classname="tests/script/parser.test.ts" name="recovery &gt; refuses a cue verb it does not know" time="0.000172918">
        </testcase>
    </testsuite>
    <testsuite name="tests/script/renumber.test.ts" timestamp="2026-09-04T04:07:00.603Z" hostname="cb8347729b47" tests="22" failures="0" errors="0" skipped="0" time="0.014088334">
        <testcase classname="tests/script/renumber.test.ts" name="planLabels &gt; names every cue" time="0.003937623">
        </testcase>
        <testcase classname="tests/script/renumber.test.ts" name="planLabels &gt; leaves a cue that already has one alone" time="0.000506638">
        </testcase>
        <testcase classname="tests/script/renumber.test.ts" name="planLabels &gt; names a cue from what it is and when" time="0.000419494">
        </testcase>
        <testcase classname="tests/script/renumber.test.ts" name="planLabels &gt; does not collide with a label already in the script" time="0.000363449">
        </testcase>
        <testcase classname="tests/script/renumber.test.ts" name="planLabels &gt; does not collide with another generated label" time="0.000302152">
        </testcase>
        <testcase classname="tests/script/renumber.test.ts" name="planLabels &gt; does not rename later cues when one is inserted at the start" time="0.000953334">
        </testcase>
        <testcase classname="tests/script/renumber.test.ts" name="planLabels &gt; skips a play, which names the group not the cue" time="0.00037513">
        </testcase>
        <testcase classname="tests/script/renumber.test.ts" name="planLabels &gt; names cues inside a group too" time="0.000318171">
        </testcase>
        <testcase classname="tests/script/renumber.test.ts" name="planLabels &gt; keeps a generated label short" time="0.000289518">
        </testcase>
        <testcase classname="tests/script/renumber.test.ts" name="duplicateLabels &gt; finds a label used twice" time="0.000770008">
        </testcase>
        <testcase classname="tests/script/renumber.test.ts" name="duplicateLabels &gt; finds none when they differ" time="0.000214176">
        </testcase>
        <testcase classname="tests/script/renumber.test.ts" name="checkLabels &gt; warns about a duplicate" time="0.000355462">
        </testcase>
        <testcase classname="tests/script/renumber.test.ts" name="checkLabels &gt; notes how many cues have no label" time="0.000577113">
        </testcase>
        <testcase classname="tests/script/renumber.test.ts" name="checkLabels &gt; says nothing about a fully labelled script" time="0.000244783">
        </testcase>
        <testcase classname="tests/script/renumber.test.ts" name="checkLabels &gt; says nothing about a script with no cues" time="0.00017465">
        </testcase>
        <testcase classname="tests/script/renumber.test.ts" name="applyLabels &gt; adds a label to the lines that lack one" time="0.000400568">
        </testcase>
        <testcase classname="tests/script/renumber.test.ts" name="applyLabels &gt; leaves a labelled line byte for byte alone" time="0.000236958">
        </testcase>
        <testcase classname="tests/script/renumber.test.ts" name="applyLabels &gt; leaves a header alone" time="0.000262566">
        </testcase>
        <testcase classname="tests/script/renumber.test.ts" name="applyLabels &gt; keeps a trailing comment after the label" time="0.00019073">
        </testcase>
        <testcase classname="tests/script/renumber.test.ts" name="applyLabels &gt; is stable, so applying twice changes nothing the second time" time="0.000335695">
        </testcase>
        <testcase classname="tests/script/renumber.test.ts" name="applyLabels &gt; produces a script that still parses" time="0.000375651">
        </testcase>
        <testcase classname="tests/script/renumber.test.ts" name="previewLabel &gt; shows the cue as it would be written" time="0.000556854">
        </testcase>
    </testsuite>
    <testsuite name="tests/script/resolve.test.ts" timestamp="2026-09-04T04:07:00.604Z" hostname="cb8347729b47" tests="22" failures="0" errors="0" skipped="0" time="0.013592516">
        <testcase classname="tests/script/resolve.test.ts" name="editDistance &gt; is zero for the same string" time="0.00141097">
        </testcase>
        <testcase classname="tests/script/resolve.test.ts" name="editDistance &gt; counts a substitution, an insertion and a deletion" time="0.000330484">
        </testcase>
        <testcase classname="tests/script/resolve.test.ts" name="editDistance &gt; gives up past the cap rather than doing the work" time="0.000310327">
        </testcase>
        <testcase classname="tests/script/resolve.test.ts" name="nearestName &gt; finds a near miss" time="0.00031732">
        </testcase>
        <testcase classname="tests/script/resolve.test.ts" name="nearestName &gt; suggests nothing when nothing is close" time="0.000158379">
        </testcase>
        <testcase classname="tests/script/resolve.test.ts" name="nearestName &gt; suggests nothing from an empty catalog" time="0.000228142">
        </testcase>
        <testcase classname="tests/script/resolve.test.ts" name="resolving names &gt; attaches the effect to the shot" time="0.002138378">
        </testcase>
        <testcase classname="tests/script/resolve.test.ts" name="resolving names &gt; refuses an effect the catalog does not hold" time="0.001892611">
        </testcase>
        <testcase classname="tests/script/resolve.test.ts" name="resolving names &gt; suggests a near miss on the effect name" time="0.000434953">
        </testcase>
        <testcase classname="tests/script/resolve.test.ts" name="resolving names &gt; reports an unknown name once however often it appears" time="0.000481612">
        </testcase>
        <testcase classname="tests/script/resolve.test.ts" name="resolving names &gt; refuses a position the rig does not hold" time="0.000553467">
        </testcase>
        <testcase classname="tests/script/resolve.test.ts" name="resolving names &gt; suggests a near miss on the position name" time="0.000271905">
        </testcase>
        <testcase classname="tests/script/resolve.test.ts" name="resolving names &gt; keeps resolving after a bad shot" time="0.000387684">
        </testcase>
        <testcase classname="tests/script/resolve.test.ts" name="fixed pins &gt; accepts a pin that exists at the right position" time="0.000503653">
        </testcase>
        <testcase classname="tests/script/resolve.test.ts" name="fixed pins &gt; refuses a pin the rig does not have" time="0.000432629">
        </testcase>
        <testcase classname="tests/script/resolve.test.ts" name="fixed pins &gt; refuses a pin at the wrong position" time="0.000204508">
        </testcase>
        <testcase classname="tests/script/resolve.test.ts" name="fixed pins &gt; refuses two cues on the same pin" time="0.000225156">
        </testcase>
        <testcase classname="tests/script/resolve.test.ts" name="fixed pins &gt; leaves fixedPin off an auto shot" time="0.00018514">
        </testcase>
        <testcase classname="tests/script/resolve.test.ts" name="summaries &gt; lists the effects used in reading order" time="0.00046499">
        </testcase>
        <testcase classname="tests/script/resolve.test.ts" name="summaries &gt; counts what the show consumes" time="0.000496098">
        </testcase>
        <testcase classname="tests/script/resolve.test.ts" name="summaries &gt; counts the load on each position" time="0.000391621">
        </testcase>
        <testcase classname="tests/script/resolve.test.ts" name="summaries &gt; counts nothing for an empty show" time="0.000182815">
        </testcase>
    </testsuite>
    <testsuite name="tests/script/token.test.ts" timestamp="2026-09-04T04:07:00.605Z" hostname="cb8347729b47" tests="24" failures="0" errors="0" skipped="0" time="0.012251197">
        <testcase classname="tests/script/token.test.ts" name="words &gt; reads a dotted name as one word" time="0.001829933">
        </testcase>
        <testcase classname="tests/script/token.test.ts" name="words &gt; allows hyphens and underscores inside a word" time="0.000443159">
        </testcase>
        <testcase classname="tests/script/token.test.ts" name="words &gt; does not start a word with a digit" time="0.000289678">
        </testcase>
        <testcase classname="tests/script/token.test.ts" name="numbers and times &gt; reads a whole number" time="0.000278007">
        </testcase>
        <testcase classname="tests/script/token.test.ts" name="numbers and times &gt; reads a decimal" time="0.000224114">
        </testcase>
        <testcase classname="tests/script/token.test.ts" name="numbers and times &gt; reads a colon form as a time" time="0.000218544">
        </testcase>
        <testcase classname="tests/script/token.test.ts" name="numbers and times &gt; reads a negative number" time="0.000153219">
        </testcase>
        <testcase classname="tests/script/token.test.ts" name="numbers and times &gt; keeps a unit suffix on the number" time="0.000196152">
        </testcase>
        <testcase classname="tests/script/token.test.ts" name="numbers and times &gt; does not swallow a trailing dot into the number" time="0.000891528">
        </testcase>
        <testcase classname="tests/script/token.test.ts" name="strings &gt; reads a quoted string without its quotes" time="0.000190571">
        </testcase>
        <testcase classname="tests/script/token.test.ts" name="strings &gt; takes an escaped quote" time="0.002454956">
        </testcase>
        <testcase classname="tests/script/token.test.ts" name="strings &gt; complains about a string that runs off the line" time="0.000231728">
        </testcase>
        <testcase classname="tests/script/token.test.ts" name="strings &gt; still produces a token for the broken string" time="0.000142499">
        </testcase>
        <testcase classname="tests/script/token.test.ts" name="comments and whitespace &gt; drops everything after a hash" time="0.000338992">
        </testcase>
        <testcase classname="tests/script/token.test.ts" name="comments and whitespace &gt; keeps the newline after a comment" time="0.000582983">
        </testcase>
        <testcase classname="tests/script/token.test.ts" name="comments and whitespace &gt; ignores tabs and carriage returns" time="0.00013772">
        </testcase>
        <testcase classname="tests/script/token.test.ts" name="line structure &gt; keeps newlines as tokens" time="0.00024811">
        </testcase>
        <testcase classname="tests/script/token.test.ts" name="line structure &gt; groups tokens by line" time="0.00028027">
        </testcase>
        <testcase classname="tests/script/token.test.ts" name="line structure &gt; drops blank lines when grouping" time="0.000187064">
        </testcase>
        <testcase classname="tests/script/token.test.ts" name="line structure &gt; groups an empty file into nothing" time="0.000114667">
        </testcase>
        <testcase classname="tests/script/token.test.ts" name="spans &gt; points at the exact text of a token" time="0.000370752">
        </testcase>
        <testcase classname="tests/script/token.test.ts" name="spans &gt; ends the file with an eof at the last offset" time="0.000149854">
        </testcase>
        <testcase classname="tests/script/token.test.ts" name="junk &gt; complains about a character with no meaning and carries on" time="0.000214055">
        </testcase>
        <testcase classname="tests/script/token.test.ts" name="describeToken &gt; names the invisible tokens in words" time="0.000156376">
        </testcase>
    </testsuite>
    <testsuite name="tests/sim/preview.test.ts" timestamp="2026-09-04T04:07:00.606Z" hostname="cb8347729b47" tests="19" failures="0" errors="0" skipped="0" time="0.014872127">
        <testcase classname="tests/sim/preview.test.ts" name="litPerSlice &gt; counts what is lit in each slice" time="0.001557106">
        </testcase>
        <testcase classname="tests/sim/preview.test.ts" name="litPerSlice &gt; has a slice for the gap in the middle" time="0.000289798">
        </testcase>
        <testcase classname="tests/sim/preview.test.ts" name="litPerSlice &gt; counts nothing for an empty show" time="0.000749669">
        </testcase>
        <testcase classname="tests/sim/preview.test.ts" name="litPerSlice &gt; gives one slice for a very short show" time="0.001129507">
        </testcase>
        <testcase classname="tests/sim/preview.test.ts" name="previewStart &gt; is the first visible moment, not the first ignition" time="0.000509995">
        </testcase>
        <testcase classname="tests/sim/preview.test.ts" name="previewStart &gt; is zero for an empty show" time="0.000277716">
        </testcase>
        <testcase classname="tests/sim/preview.test.ts" name="previewChart &gt; draws a row per wrap with a time label" time="0.000738798">
        </testcase>
        <testcase classname="tests/sim/preview.test.ts" name="previewChart &gt; marks the busiest slices with the heaviest block" time="0.000278527">
        </testcase>
        <testcase classname="tests/sim/preview.test.ts" name="previewChart &gt; leaves an empty slice blank" time="0.000722807">
        </testcase>
        <testcase classname="tests/sim/preview.test.ts" name="previewChart &gt; says what a column is worth" time="0.000268007">
        </testcase>
        <testcase classname="tests/sim/preview.test.ts" name="previewChart &gt; says so for an empty show" time="0.000238772">
        </testcase>
        <testcase classname="tests/sim/preview.test.ts" name="beatsOf &gt; groups shots that happen together" time="0.00038548">
        </testcase>
        <testcase classname="tests/sim/preview.test.ts" name="beatsOf &gt; starts a new moment after a gap" time="0.000298856">
        </testcase>
        <testcase classname="tests/sim/preview.test.ts" name="beatsOf &gt; splits a ripple when the window is tight" time="0.003085018">
        </testcase>
        <testcase classname="tests/sim/preview.test.ts" name="beatsOf &gt; anchors a moment at its first shot" time="0.000229704">
        </testcase>
        <testcase classname="tests/sim/preview.test.ts" name="beatsOf &gt; finds nothing in an empty show" time="0.000297532">
        </testcase>
        <testcase classname="tests/sim/preview.test.ts" name="storyboard &gt; gives a row per moment with the positions and the effects" time="0.000973332">
        </testcase>
        <testcase classname="tests/sim/preview.test.ts" name="storyboard &gt; counts repeats rather than listing them" time="0.000432709">
        </testcase>
        <testcase classname="tests/sim/preview.test.ts" name="storyboard &gt; says so for an empty show" time="0.000637066">
        </testcase>
    </testsuite>
    <testsuite name="tests/sim/trajectory.test.ts" timestamp="2026-09-04T04:07:00.608Z" hostname="cb8347729b47" tests="20" failures="0" errors="0" skipped="0" time="0.779217353">
        <testcase classname="tests/sim/trajectory.test.ts" name="trajectoryFor &gt; starts on the ground" time="0.062621128">
        </testcase>
        <testcase classname="tests/sim/trajectory.test.ts" name="trajectoryFor &gt; reaches the apogee the lift table quotes" time="0.054472665">
        </testcase>
        <testcase classname="tests/sim/trajectory.test.ts" name="trajectoryFor &gt; agrees with the table across the range" time="0.390875233">
        </testcase>
        <testcase classname="tests/sim/trajectory.test.ts" name="trajectoryFor &gt; fits a drag term above zero" time="0.05100898">
        </testcase>
        <testcase classname="tests/sim/trajectory.test.ts" name="trajectoryFor &gt; reaches the apogee at the time the table quotes" time="0.045419401">
        </testcase>
        <testcase classname="tests/sim/trajectory.test.ts" name="trajectoryFor &gt; climbs then falls" time="0.033930186">
        </testcase>
        <testcase classname="tests/sim/trajectory.test.ts" name="trajectoryFor &gt; gets a bigger shell higher" time="0.081429273">
        </testcase>
        <testcase classname="tests/sim/trajectory.test.ts" name="heightAt &gt; is zero at launch and before it" time="0.000239683">
        </testcase>
        <testcase classname="tests/sim/trajectory.test.ts" name="heightAt &gt; interpolates between steps" time="0.00017986">
        </testcase>
        <testcase classname="tests/sim/trajectory.test.ts" name="heightAt &gt; rises monotonically up to the apogee" time="0.001402033">
        </testcase>
        <testcase classname="tests/sim/trajectory.test.ts" name="heightAt &gt; holds the last point past the end of the curve" time="0.000139563">
        </testcase>
        <testcase classname="tests/sim/trajectory.test.ts" name="speedAt &gt; leaves the mortar fast and upward" time="0.000546094">
        </testcase>
        <testcase classname="tests/sim/trajectory.test.ts" name="speedAt &gt; is near zero at the apogee" time="0.000136709">
        </testcase>
        <testcase classname="tests/sim/trajectory.test.ts" name="speedAt &gt; is downward after the apogee" time="0.000122631">
        </testcase>
        <testcase classname="tests/sim/trajectory.test.ts" name="speedAt &gt; gives zero past the end of the curve" time="0.000095121">
        </testcase>
        <testcase classname="tests/sim/trajectory.test.ts" name="timeToHeight &gt; finds when the shell passes a height on the way up" time="0.000462255">
        </testcase>
        <testcase classname="tests/sim/trajectory.test.ts" name="timeToHeight &gt; finds nothing for a height it never reaches" time="0.000193637">
        </testcase>
        <testcase classname="tests/sim/trajectory.test.ts" name="timeToHeight &gt; finds zero for the ground" time="0.000099729">
        </testcase>
        <testcase classname="tests/sim/trajectory.test.ts" name="timeToHeight &gt; takes longer to reach a greater height" time="0.000104648">
        </testcase>
        <testcase classname="tests/sim/trajectory.test.ts" name="flightTime &gt; runs well past the apogee" time="0.05329159">
        </testcase>
    </testsuite>
    <testsuite name="tests/timeline/balance.test.ts" timestamp="2026-09-04T04:07:00.611Z" hostname="cb8347729b47" tests="22" failures="0" errors="0" skipped="0" time="0.017582296">
        <testcase classname="tests/timeline/balance.test.ts" name="positionShares &gt; counts the shots and the share at each position" time="0.002553773">
        </testcase>
        <testcase classname="tests/timeline/balance.test.ts" name="positionShares &gt; orders positions across the field" time="0.001014079">
        </testcase>
        <testcase classname="tests/timeline/balance.test.ts" name="positionShares &gt; gives nothing for an empty show" time="0.000362215">
        </testcase>
        <testcase classname="tests/timeline/balance.test.ts" name="lateralLean &gt; is near zero for an even show" time="0.00042278">
        </testcase>
        <testcase classname="tests/timeline/balance.test.ts" name="lateralLean &gt; leans right when the work is on the right" time="0.00028532">
        </testcase>
        <testcase classname="tests/timeline/balance.test.ts" name="lateralLean &gt; leans left the other way round" time="0.001150517">
        </testcase>
        <testcase classname="tests/timeline/balance.test.ts" name="lateralLean &gt; is zero for a show from one position" time="0.000363137">
        </testcase>
        <testcase classname="tests/timeline/balance.test.ts" name="lateralLean &gt; is zero for an empty show" time="0.000292444">
        </testcase>
        <testcase classname="tests/timeline/balance.test.ts" name="timeBalance &gt; splits the show into quarters" time="0.000344352">
        </testcase>
        <testcase classname="tests/timeline/balance.test.ts" name="timeBalance &gt; puts the last shot in the last quarter" time="0.000234042">
        </testcase>
        <testcase classname="tests/timeline/balance.test.ts" name="timeBalance &gt; reports the span" time="0.000237009">
        </testcase>
        <testcase classname="tests/timeline/balance.test.ts" name="timeBalance &gt; reports zeroes for an empty show" time="0.000530415">
        </testcase>
        <testcase classname="tests/timeline/balance.test.ts" name="timeBalance &gt; gives a front loaded show a small finale share" time="0.001531478">
        </testcase>
        <testcase classname="tests/timeline/balance.test.ts" name="checkBalance &gt; says nothing about an even show" time="0.000477855">
        </testcase>
        <testcase classname="tests/timeline/balance.test.ts" name="checkBalance &gt; warns about a lopsided show and says which way" time="0.000751422">
        </testcase>
        <testcase classname="tests/timeline/balance.test.ts" name="checkBalance &gt; takes its own lean limit" time="0.000439561">
        </testcase>
        <testcase classname="tests/timeline/balance.test.ts" name="checkBalance &gt; notes a show that front loads" time="0.000552796">
        </testcase>
        <testcase classname="tests/timeline/balance.test.ts" name="checkBalance &gt; notes positions carrying very different amounts" time="0.000874966">
        </testcase>
        <testcase classname="tests/timeline/balance.test.ts" name="checkBalance &gt; says nothing about that with only two positions" time="0.000279348">
        </testcase>
        <testcase classname="tests/timeline/balance.test.ts" name="checkBalance &gt; says nothing about an empty show" time="0.000514353">
        </testcase>
        <testcase classname="tests/timeline/balance.test.ts" name="describeBalance &gt; reads as a table with a lean line" time="0.000973773">
        </testcase>
        <testcase classname="tests/timeline/balance.test.ts" name="describeBalance &gt; signs a positive lean" time="0.000338431">
        </testcase>
    </testsuite>
    <testsuite name="tests/timeline/chain.test.ts" timestamp="2026-09-04T04:07:00.613Z" hostname="cb8347729b47" tests="18" failures="0" errors="0" skipped="0" time="0.022953784">
        <testcase classname="tests/timeline/chain.test.ts" name="chainCandidates &gt; finds an even run at one position" time="0.009086127">
        </testcase>
        <testcase classname="tests/timeline/chain.test.ts" name="chainCandidates &gt; saves one pin less than the run length" time="0.001866322">
        </testcase>
        <testcase classname="tests/timeline/chain.test.ts" name="chainCandidates &gt; cuts the fuse to match the interval" time="0.000851872">
        </testcase>
        <testcase classname="tests/timeline/chain.test.ts" name="chainCandidates &gt; does not chain a run of two" time="0.000701838">
        </testcase>
        <testcase classname="tests/timeline/chain.test.ts" name="chainCandidates &gt; does not chain across positions" time="0.000633218">
        </testcase>
        <testcase classname="tests/timeline/chain.test.ts" name="chainCandidates &gt; does not chain two different effects together" time="0.000639169">
        </testcase>
        <testcase classname="tests/timeline/chain.test.ts" name="chainCandidates &gt; breaks a run where the interval changes" time="0.001191025">
        </testcase>
        <testcase classname="tests/timeline/chain.test.ts" name="chainCandidates &gt; caps a chain at the length it was given" time="0.000575038">
        </testcase>
        <testcase classname="tests/timeline/chain.test.ts" name="chainCandidates &gt; orders candidates by how many pins they save" time="0.000631425">
        </testcase>
        <testcase classname="tests/timeline/chain.test.ts" name="chainCandidates &gt; finds nothing in a show of single shots" time="0.000759498">
        </testcase>
        <testcase classname="tests/timeline/chain.test.ts" name="chainCandidates &gt; finds nothing in an empty show" time="0.000172296">
        </testcase>
        <testcase classname="tests/timeline/chain.test.ts" name="chainDrift &gt; is nothing for a run already evenly spaced" time="0.000326689">
        </testcase>
        <testcase classname="tests/timeline/chain.test.ts" name="chainDrift &gt; grows when the run was jittered" time="0.000349882">
        </testcase>
        <testcase classname="tests/timeline/chain.test.ts" name="suggestChains &gt; notes each run with the fuse to cut and the pins saved" time="0.000783243">
        </testcase>
        <testcase classname="tests/timeline/chain.test.ts" name="suggestChains &gt; says nothing about a show with no runs" time="0.000204698">
        </testcase>
        <testcase classname="tests/timeline/chain.test.ts" name="overlongChains &gt; warns about a run longer than a chain can carry" time="0.001349354">
        </testcase>
        <testcase classname="tests/timeline/chain.test.ts" name="overlongChains &gt; says nothing about a run inside the limit" time="0.000225437">
        </testcase>
        <testcase classname="tests/timeline/chain.test.ts" name="describeChain &gt; reads as one line with the pins at each end" time="0.000339502">
        </testcase>
    </testsuite>
    <testsuite name="tests/timeline/density.test.ts" timestamp="2026-09-04T04:07:00.615Z" hostname="cb8347729b47" tests="18" failures="0" errors="0" skipped="0" time="0.019069752">
        <testcase classname="tests/timeline/density.test.ts" name="visibleWindows &gt; starts at the break rather than the ignition" time="0.004707479">
        </testcase>
        <testcase classname="tests/timeline/density.test.ts" name="densityReport &gt; counts one effect at a time in a sparse show" time="0.000962241">
        </testcase>
        <testcase classname="tests/timeline/density.test.ts" name="densityReport &gt; counts the overlap in a tight run" time="0.002315963">
        </testcase>
        <testcase classname="tests/timeline/density.test.ts" name="densityReport &gt; measures lit time and span" time="0.000624152">
        </testcase>
        <testcase classname="tests/timeline/density.test.ts" name="densityReport &gt; finds the lulls between effects" time="0.00154864">
        </testcase>
        <testcase classname="tests/timeline/density.test.ts" name="densityReport &gt; ignores a gap under the threshold" time="0.00081299">
        </testcase>
        <testcase classname="tests/timeline/density.test.ts" name="densityReport &gt; takes a threshold of its own" time="0.000441746">
        </testcase>
        <testcase classname="tests/timeline/density.test.ts" name="densityReport &gt; reports zeroes for an empty show" time="0.000388275">
        </testcase>
        <testcase classname="tests/timeline/density.test.ts" name="densityCurve &gt; buckets breaks into slices" time="0.001009">
        </testcase>
        <testcase classname="tests/timeline/density.test.ts" name="densityCurve &gt; finds the busiest slice" time="0.000353789">
        </testcase>
        <testcase classname="tests/timeline/density.test.ts" name="densityCurve &gt; finds nothing in an empty show" time="0.000778474">
        </testcase>
        <testcase classname="tests/timeline/density.test.ts" name="checkDensity &gt; warns when too much is lit at once" time="0.000693172">
        </testcase>
        <testcase classname="tests/timeline/density.test.ts" name="checkDensity &gt; says nothing about density when no cap was given" time="0.000550192">
        </testcase>
        <testcase classname="tests/timeline/density.test.ts" name="checkDensity &gt; warns about each lull with its length and start" time="0.000283567">
        </testcase>
        <testcase classname="tests/timeline/density.test.ts" name="checkDensity &gt; raises nothing for a steady show" time="0.000679816">
        </testcase>
        <testcase classname="tests/timeline/density.test.ts" name="eventsAtPeak &gt; names what is lit at the busiest instant" time="0.000421297">
        </testcase>
        <testcase classname="tests/timeline/density.test.ts" name="eventsAtPeak &gt; names nothing in an empty show" time="0.000187184">
        </testcase>
        <testcase classname="tests/timeline/density.test.ts" name="describeDensity &gt; reads as one line" time="0.000442767">
        </testcase>
    </testsuite>
    <testsuite name="tests/timeline/diff.test.ts" timestamp="2026-09-04T04:07:00.617Z" hostname="cb8347729b47" tests="18" failures="0" errors="0" skipped="0" time="0.022685706">
        <testcase classname="tests/timeline/diff.test.ts" name="diffSchedules &gt; finds nothing between a show and itself" time="0.002295866">
        </testcase>
        <testcase classname="tests/timeline/diff.test.ts" name="diffSchedules &gt; finds a cue that moved in time and by how much" time="0.002224952">
        </testcase>
        <testcase classname="tests/timeline/diff.test.ts" name="diffSchedules &gt; does not call an insertion a renumbering" time="0.001270175">
        </testcase>
        <testcase classname="tests/timeline/diff.test.ts" name="diffSchedules &gt; finds a cue that went away" time="0.000511819">
        </testcase>
        <testcase classname="tests/timeline/diff.test.ts" name="diffSchedules &gt; finds an effect swapped onto the same pin" time="0.001021474">
        </testcase>
        <testcase classname="tests/timeline/diff.test.ts" name="diffSchedules &gt; ignores a move of less than a millisecond" time="0.000837886">
        </testcase>
        <testcase classname="tests/timeline/diff.test.ts" name="diffSchedules &gt; sorts changes by pin" time="0.003661931">
        </testcase>
        <testcase classname="tests/timeline/diff.test.ts" name="summariseDiff &gt; counts each kind of change" time="0.001445656">
        </testcase>
        <testcase classname="tests/timeline/diff.test.ts" name="summariseDiff &gt; counts the cues nothing happened to" time="0.000780237">
        </testcase>
        <testcase classname="tests/timeline/diff.test.ts" name="rewiring &gt; says a show of moves needs no rewiring" time="0.000711267">
        </testcase>
        <testcase classname="tests/timeline/diff.test.ts" name="rewiring &gt; says an added cue does need a visit" time="0.002230711">
        </testcase>
        <testcase classname="tests/timeline/diff.test.ts" name="reports &gt; says so when nothing changed" time="0.000202823">
        </testcase>
        <testcase classname="tests/timeline/diff.test.ts" name="reports &gt; shows the shift of a move with a sign" time="0.00063428">
        </testcase>
        <testcase classname="tests/timeline/diff.test.ts" name="reports &gt; shows what a swap replaced" time="0.000173539">
        </testcase>
        <testcase classname="tests/timeline/diff.test.ts" name="reports &gt; groups changes by position" time="0.000996887">
        </testcase>
        <testcase classname="tests/timeline/diff.test.ts" name="reports &gt; summarises per position" time="0.000442668">
        </testcase>
        <testcase classname="tests/timeline/diff.test.ts" name="reports &gt; puts the rewiring list in pin order" time="0.00056556">
        </testcase>
        <testcase classname="tests/timeline/diff.test.ts" name="reports &gt; leaves moves out of the walk" time="0.00044387">
        </testcase>
    </testsuite>
    <testsuite name="tests/timeline/load.test.ts" timestamp="2026-09-04T04:07:00.619Z" hostname="cb8347729b47" tests="19" failures="0" errors="0" skipped="0" time="0.018735029">
        <testcase classname="tests/timeline/load.test.ts" name="moduleLoad &gt; counts one output for a single cue" time="0.004572514">
        </testcase>
        <testcase classname="tests/timeline/load.test.ts" name="moduleLoad &gt; counts outputs that overlap inside one pulse" time="0.000664047">
        </testcase>
        <testcase classname="tests/timeline/load.test.ts" name="moduleLoad &gt; does not count cues further apart than the pulse" time="0.000376222">
        </testcase>
        <testcase classname="tests/timeline/load.test.ts" name="moduleLoad &gt; flags a module asked for more than it can do" time="0.001164203">
        </testcase>
        <testcase classname="tests/timeline/load.test.ts" name="moduleLoad &gt; scales the peak current with the outputs live" time="0.000440523">
        </testcase>
        <testcase classname="tests/timeline/load.test.ts" name="moduleLoad &gt; goes over the supply without going over the output limit" time="0.000926664">
        </testcase>
        <testcase classname="tests/timeline/load.test.ts" name="moduleLoad &gt; uses the module&apos;s own share when no draw is given" time="0.000767203">
        </testcase>
        <testcase classname="tests/timeline/load.test.ts" name="moduleLoad &gt; reports the instant the peak happens" time="0.000230186">
        </testcase>
        <testcase classname="tests/timeline/load.test.ts" name="loadReport &gt; leaves out modules nothing fires from" time="0.001317413">
        </testcase>
        <testcase classname="tests/timeline/load.test.ts" name="loadReport &gt; reports every module in use" time="0.000514583">
        </testcase>
        <testcase classname="tests/timeline/load.test.ts" name="checkLoad &gt; errors when a module is over its simultaneous limit" time="0.000762984">
        </testcase>
        <testcase classname="tests/timeline/load.test.ts" name="checkLoad &gt; warns about a supply that cannot hold the draw" time="0.001301113">
        </testcase>
        <testcase classname="tests/timeline/load.test.ts" name="checkLoad &gt; raises nothing for a comfortable show" time="0.000281152">
        </testcase>
        <testcase classname="tests/timeline/load.test.ts" name="checkLoad &gt; names the module in the message" time="0.000345013">
        </testcase>
        <testcase classname="tests/timeline/load.test.ts" name="showPeak &gt; counts across every module at once" time="0.000850389">
        </testcase>
        <testcase classname="tests/timeline/load.test.ts" name="showPeak &gt; is zero for an empty show" time="0.000194417">
        </testcase>
        <testcase classname="tests/timeline/load.test.ts" name="crowdedEvents &gt; groups the cues that share a pulse" time="0.000531646">
        </testcase>
        <testcase classname="tests/timeline/load.test.ts" name="crowdedEvents &gt; finds nothing when the cues are spread out" time="0.0007452">
        </testcase>
        <testcase classname="tests/timeline/load.test.ts" name="describeLoad &gt; reads as one line and flags an overload" time="0.000615946">
        </testcase>
    </testsuite>
    <testsuite name="tests/timeline/misfire.test.ts" timestamp="2026-09-04T04:07:00.620Z" hostname="cb8347729b47" tests="20" failures="0" errors="0" skipped="0" time="0.012175653">
        <testcase classname="tests/timeline/misfire.test.ts" name="misfiresIn &gt; finds the events on the pins that failed" time="0.002035613">
        </testcase>
        <testcase classname="tests/timeline/misfire.test.ts" name="misfiresIn &gt; finds several at once" time="0.000347057">
        </testcase>
        <testcase classname="tests/timeline/misfire.test.ts" name="misfiresIn &gt; ignores a pin the show never used" time="0.000598933">
        </testcase>
        <testcase classname="tests/timeline/misfire.test.ts" name="misfiresIn &gt; records when the cue should have fired" time="0.000166525">
        </testcase>
        <testcase classname="tests/timeline/misfire.test.ts" name="waiting periods &gt; waits half an hour for a loaded mortar" time="0.00019031">
        </testcase>
        <testcase classname="tests/timeline/misfire.test.ts" name="waiting periods &gt; waits five minutes for a ground piece" time="0.000259441">
        </testcase>
        <testcase classname="tests/timeline/misfire.test.ts" name="waiting periods &gt; keeps the mortar wait far longer than the ground one" time="0.000234063">
        </testcase>
        <testcase classname="tests/timeline/misfire.test.ts" name="clearAt &gt; counts from the end of the show, not from the cue" time="0.000354981">
        </testcase>
        <testcase classname="tests/timeline/misfire.test.ts" name="clearAt &gt; takes the longest wait of any misfire" time="0.000361975">
        </testcase>
        <testcase classname="tests/timeline/misfire.test.ts" name="clearAt &gt; is nothing when nothing misfired" time="0.000287534">
        </testcase>
        <testcase classname="tests/timeline/misfire.test.ts" name="planRefires &gt; refuses to refire a shell" time="0.000418754">
        </testcase>
        <testcase classname="tests/timeline/misfire.test.ts" name="planRefires &gt; finds a spare pin for a ground piece" time="0.000390369">
        </testcase>
        <testcase classname="tests/timeline/misfire.test.ts" name="planRefires &gt; does not hand two misfires the same spare" time="0.000453919">
        </testcase>
        <testcase classname="tests/timeline/misfire.test.ts" name="planRefires &gt; says when there is nowhere left to move it" time="0.001313255">
        </testcase>
        <testcase classname="tests/timeline/misfire.test.ts" name="checkMisfires &gt; says nothing when nothing failed" time="0.000472666">
        </testcase>
        <testcase classname="tests/timeline/misfire.test.ts" name="checkMisfires &gt; warns with the time nobody may approach before" time="0.000332058">
        </testcase>
        <testcase classname="tests/timeline/misfire.test.ts" name="checkMisfires &gt; notes each misfire separately" time="0.000332369">
        </testcase>
        <testcase classname="tests/timeline/misfire.test.ts" name="the incident book &gt; writes a line per misfire in time order" time="0.000313523">
        </testcase>
        <testcase classname="tests/timeline/misfire.test.ts" name="the incident book &gt; writes the ground piece wait as five minutes" time="0.000342198">
        </testcase>
        <testcase classname="tests/timeline/misfire.test.ts" name="the incident book &gt; reports the rate" time="0.000805223">
        </testcase>
    </testsuite>
    <testsuite name="tests/timeline/quantise.test.ts" timestamp="2026-09-04T04:07:00.622Z" hostname="cb8347729b47" tests="17" failures="0" errors="0" skipped="0" time="0.013534736">
        <testcase classname="tests/timeline/quantise.test.ts" name="snapping &gt; puts every ignition on a frame boundary" time="0.004584326">
        </testcase>
        <testcase classname="tests/timeline/quantise.test.ts" name="snapping &gt; moves the visible time by the same amount" time="0.000413372">
        </testcase>
        <testcase classname="tests/timeline/quantise.test.ts" name="snapping &gt; moves the occupancy window with it" time="0.000316609">
        </testcase>
        <testcase classname="tests/timeline/quantise.test.ts" name="snapping &gt; records how far each event moved" time="0.000317772">
        </testcase>
        <testcase classname="tests/timeline/quantise.test.ts" name="snapping &gt; leaves an event already on a frame alone" time="0.000237289">
        </testcase>
        <testcase classname="tests/timeline/quantise.test.ts" name="snapping &gt; keeps the pre roll and duration of the schedule it came from" time="0.000287043">
        </testcase>
        <testcase classname="tests/timeline/quantise.test.ts" name="snapping &gt; quantises an empty show into nothing" time="0.000577473">
        </testcase>
        <testcase classname="tests/timeline/quantise.test.ts" name="driftReport &gt; finds the worst mover and names it" time="0.001206284">
        </testcase>
        <testcase classname="tests/timeline/quantise.test.ts" name="driftReport &gt; reports the frame length it snapped to" time="0.000608011">
        </testcase>
        <testcase classname="tests/timeline/quantise.test.ts" name="driftReport &gt; never moves anything by more than half a frame" time="0.000768926">
        </testcase>
        <testcase classname="tests/timeline/quantise.test.ts" name="driftReport &gt; reports zeroes for an empty show" time="0.000404165">
        </testcase>
        <testcase classname="tests/timeline/quantise.test.ts" name="collapsed runs &gt; finds two cues that land on the same frame" time="0.000792791">
        </testcase>
        <testcase classname="tests/timeline/quantise.test.ts" name="collapsed runs &gt; finds none in a run the frame rate can hold" time="0.000240304">
        </testcase>
        <testcase classname="tests/timeline/quantise.test.ts" name="collapsed runs &gt; warns about a collapsed run and names the first pair" time="0.000481953">
        </testcase>
        <testcase classname="tests/timeline/quantise.test.ts" name="collapsed runs &gt; raises nothing for a comfortable show" time="0.000228943">
        </testcase>
        <testcase classname="tests/timeline/quantise.test.ts" name="tightestGap &gt; finds the closest pair of ignitions" time="0.000257807">
        </testcase>
        <testcase classname="tests/timeline/quantise.test.ts" name="tightestGap &gt; reports nothing for a show with one cue" time="0.000167416">
        </testcase>
    </testsuite>
    <testsuite name="tests/timeline/rehearsal.test.ts" timestamp="2026-09-04T04:07:00.624Z" hostname="cb8347729b47" tests="18" failures="0" errors="0" skipped="0" time="0.021672418">
        <testcase classname="tests/timeline/rehearsal.test.ts" name="rehearsalSteps &gt; gives a step per module per moment" time="0.007530813">
        </testcase>
        <testcase classname="tests/timeline/rehearsal.test.ts" name="rehearsalSteps &gt; groups cues that a watcher cannot tell apart" time="0.001304849">
        </testcase>
        <testcase classname="tests/timeline/rehearsal.test.ts" name="rehearsalSteps &gt; splits modules within one moment" time="0.001908883">
        </testcase>
        <testcase classname="tests/timeline/rehearsal.test.ts" name="rehearsalSteps &gt; takes its own window" time="0.00110459">
        </testcase>
        <testcase classname="tests/timeline/rehearsal.test.ts" name="rehearsalSteps &gt; names the pins in each step" time="0.001198508">
        </testcase>
        <testcase classname="tests/timeline/rehearsal.test.ts" name="rehearsalSteps &gt; phrases one light differently from several" time="0.000766651">
        </testcase>
        <testcase classname="tests/timeline/rehearsal.test.ts" name="rehearsalSteps &gt; gives nothing for an empty show" time="0.000278978">
        </testcase>
        <testcase classname="tests/timeline/rehearsal.test.ts" name="rehearsalSteps &gt; groups within a quarter second by default" time="0.000338149">
        </testcase>
        <testcase classname="tests/timeline/rehearsal.test.ts" name="rehearsalPlan &gt; counts the watchers needed" time="0.000945379">
        </testcase>
        <testcase classname="tests/timeline/rehearsal.test.ts" name="rehearsalPlan &gt; names the modules nothing fires from" time="0.000608972">
        </testcase>
        <testcase classname="tests/timeline/rehearsal.test.ts" name="rehearsalPlan &gt; runs to the last step" time="0.00048572">
        </testcase>
        <testcase classname="tests/timeline/rehearsal.test.ts" name="rehearsalPlan &gt; has no duration for an empty show" time="0.000281092">
        </testcase>
        <testcase classname="tests/timeline/rehearsal.test.ts" name="checkRehearsal &gt; notes moments a watcher cannot count" time="0.000855239">
        </testcase>
        <testcase classname="tests/timeline/rehearsal.test.ts" name="checkRehearsal &gt; notes idle modules" time="0.000359992">
        </testcase>
        <testcase classname="tests/timeline/rehearsal.test.ts" name="checkRehearsal &gt; warns when more modules are live than a crew can watch" time="0.000463947">
        </testcase>
        <testcase classname="tests/timeline/rehearsal.test.ts" name="checkRehearsal &gt; says nothing about a simple show" time="0.00030625">
        </testcase>
        <testcase classname="tests/timeline/rehearsal.test.ts" name="describeRehearsal &gt; reads as a table of moments" time="0.0008398">
        </testcase>
        <testcase classname="tests/timeline/rehearsal.test.ts" name="describeRehearsal &gt; says so for an empty show" time="0.000180361">
        </testcase>
    </testsuite>
    <testsuite name="tests/timeline/schedule.test.ts" timestamp="2026-09-04T04:07:00.626Z" hostname="cb8347729b47" tests="18" failures="0" errors="0" skipped="0" time="0.014854754">
        <testcase classname="tests/timeline/schedule.test.ts" name="compensation &gt; fires a shell early enough to break on its cue" time="0.001349114">
        </testcase>
        <testcase classname="tests/timeline/schedule.test.ts" name="compensation &gt; fires a mine almost on its cue" time="0.000520064">
        </testcase>
        <testcase classname="tests/timeline/schedule.test.ts" name="compensation &gt; applies a lowered break to the compensation" time="0.000955789">
        </testcase>
        <testcase classname="tests/timeline/schedule.test.ts" name="compensation &gt; carries the lowered break onto the effect it schedules" time="0.000403043">
        </testcase>
        <testcase classname="tests/timeline/schedule.test.ts" name="compensation &gt; does not put a height on an effect that has no break" time="0.000384617">
        </testcase>
        <testcase classname="tests/timeline/schedule.test.ts" name="ordering &gt; sorts by ignition rather than by cue time" time="0.00222463">
        </testcase>
        <testcase classname="tests/timeline/schedule.test.ts" name="ordering &gt; breaks a tie by pin" time="0.000547627">
        </testcase>
        <testcase classname="tests/timeline/schedule.test.ts" name="pre roll &gt; is zero when nothing fires before the clock" time="0.000569347">
        </testcase>
        <testcase classname="tests/timeline/schedule.test.ts" name="pre roll &gt; is the earliest ignition when a big shell opens the show" time="0.000426608">
        </testcase>
        <testcase classname="tests/timeline/schedule.test.ts" name="pre roll &gt; can be absorbed by moving the whole show" time="0.000552055">
        </testcase>
        <testcase classname="tests/timeline/schedule.test.ts" name="pre roll &gt; leaves a show with no pre roll alone" time="0.000313414">
        </testcase>
        <testcase classname="tests/timeline/schedule.test.ts" name="duration &gt; runs from the first ignition to the last light out" time="0.000538058">
        </testcase>
        <testcase classname="tests/timeline/schedule.test.ts" name="duration &gt; is nothing for an empty show" time="0.000351086">
        </testcase>
        <testcase classname="tests/timeline/schedule.test.ts" name="shifting &gt; moves every time by the same amount" time="0.000531406">
        </testcase>
        <testcase classname="tests/timeline/schedule.test.ts" name="queries &gt; finds what is live at an instant" time="0.00032751">
        </testcase>
        <testcase classname="tests/timeline/schedule.test.ts" name="queries &gt; finds the ignitions in a window" time="0.00116754">
        </testcase>
        <testcase classname="tests/timeline/schedule.test.ts" name="queries &gt; finds the events on a module and at a position" time="0.000490629">
        </testcase>
        <testcase classname="tests/timeline/schedule.test.ts" name="queries &gt; finds the shell that has to go up first" time="0.000293395">
        </testcase>
    </testsuite>
    <testsuite name="tests/timeline/sync.test.ts" timestamp="2026-09-04T04:07:00.627Z" hostname="cb8347729b47" tests="25" failures="0" errors="0" skipped="0" time="0.015985214">
        <testcase classname="tests/timeline/sync.test.ts" name="beatGrid &gt; refuses an empty grid" time="0.001786581">
        </testcase>
        <testcase classname="tests/timeline/sync.test.ts" name="beatGrid &gt; refuses a nonsense tempo" time="0.000594695">
        </testcase>
        <testcase classname="tests/timeline/sync.test.ts" name="beatGrid &gt; refuses a nonsense bar length" time="0.000233281">
        </testcase>
        <testcase classname="tests/timeline/sync.test.ts" name="beatGrid &gt; sorts sections by where they start" time="0.000275261">
        </testcase>
        <testcase classname="tests/timeline/sync.test.ts" name="beat length &gt; is half a second at 120" time="0.000194107">
        </testcase>
        <testcase classname="tests/timeline/sync.test.ts" name="beat length &gt; changes with the tempo section" time="0.000173769">
        </testcase>
        <testcase classname="tests/timeline/sync.test.ts" name="nearestBeat and offBeat &gt; finds the beat a moment is closest to" time="0.000354771">
        </testcase>
        <testcase classname="tests/timeline/sync.test.ts" name="nearestBeat and offBeat &gt; reports a late break as positive" time="0.000196612">
        </testcase>
        <testcase classname="tests/timeline/sync.test.ts" name="nearestBeat and offBeat &gt; reports nothing off for a break on the beat" time="0.000146948">
        </testcase>
        <testcase classname="tests/timeline/sync.test.ts" name="nearestBeat and offBeat &gt; snaps a moment onto its beat" time="0.000156106">
        </testcase>
        <testcase classname="tests/timeline/sync.test.ts" name="nearestBeat and offBeat &gt; uses the section a moment sits in" time="0.00013712">
        </testcase>
        <testcase classname="tests/timeline/sync.test.ts" name="barPosition &gt; counts bars and beats from one" time="0.000985434">
        </testcase>
        <testcase classname="tests/timeline/sync.test.ts" name="barPosition &gt; does not fall a beat short from floating point" time="0.000203034">
        </testcase>
        <testcase classname="tests/timeline/sync.test.ts" name="barPosition &gt; clamps before the section start" time="0.000319525">
        </testcase>
        <testcase classname="tests/timeline/sync.test.ts" name="barPosition &gt; counts within a three four bar" time="0.000225847">
        </testcase>
        <testcase classname="tests/timeline/sync.test.ts" name="syncReport &gt; says a show cut to the beat is on the beat" time="0.004180902">
        </testcase>
        <testcase classname="tests/timeline/sync.test.ts" name="syncReport &gt; finds the worst offender and names it" time="0.000430695">
        </testcase>
        <testcase classname="tests/timeline/sync.test.ts" name="syncReport &gt; counts a break inside the tight window as on the beat" time="0.000317781">
        </testcase>
        <testcase classname="tests/timeline/sync.test.ts" name="syncReport &gt; calls an empty show perfectly in time" time="0.000275452">
        </testcase>
        <testcase classname="tests/timeline/sync.test.ts" name="syncReport &gt; uses a tight window of two frames by default" time="0.00013175">
        </testcase>
        <testcase classname="tests/timeline/sync.test.ts" name="checkSync &gt; says nothing about a tight show" time="0.000389006">
        </testcase>
        <testcase classname="tests/timeline/sync.test.ts" name="checkSync &gt; warns about a break well off the beat and says which way" time="0.000618791">
        </testcase>
        <testcase classname="tests/timeline/sync.test.ts" name="checkSync &gt; warns when most of the show misses the grid" time="0.000489977">
        </testcase>
        <testcase classname="tests/timeline/sync.test.ts" name="checkSync &gt; says nothing about an empty show" time="0.000515846">
        </testcase>
        <testcase classname="tests/timeline/sync.test.ts" name="describeSync &gt; reads as one line" time="0.000824541">
        </testcase>
    </testsuite>
</testsuites>

+ held-back files re-checked before their suite: OK
+ vitest -> /verify/reports/new.xml (2 files)
(node:2059) MaxListenersExceededWarning: Possible EventEmitter memory leak detected. 11 unhandledRejection listeners added to [process]. MaxListeners is 10. Use emitter.setMaxListeners() to increase limit
(Use `node --trace-warnings ...` to show where the warning was created)
+ suite exit 1
+ raw junit stream (28627 bytes) for /verify/reports/new.xml:
<?xml version="1.0" encoding="UTF-8" ?>
<testsuites name="vitest tests" tests="49" failures="49" errors="0" time="1.138">
    <testsuite name="tests/cli/bookFlags.test.ts" timestamp="2026-09-04T04:07:02.266Z" hostname="cb8347729b47" tests="14" failures="14" errors="0" skipped="0" time="0.035691711">
        <testcase classname="tests/cli/bookFlags.test.ts" name="check --magazine &gt; is ready when every shortfall has an exact stand-in" time="0.008979153">
            <failure message="expected 2 to be +0 // Object.is equality" type="AssertionError">
AssertionError: expected 2 to be +0 // Object.is equality

- Expected
+ Received

- 0
+ 2

 ❯ tests/cli/bookFlags.test.ts:81:18
            </failure>
        </testcase>
        <testcase classname="tests/cli/bookFlags.test.ts" name="check --magazine &gt; fails the show when a cue has nothing to fire" time="0.000868373">
            <failure message="expected 2 to be 1 // Object.is equality" type="AssertionError">
AssertionError: expected 2 to be 1 // Object.is equality

- Expected
+ Received

- 1
+ 2

 ❯ tests/cli/bookFlags.test.ts:89:18
            </failure>
        </testcase>
        <testcase classname="tests/cli/bookFlags.test.ts" name="check --magazine &gt; says nothing about stock until a magazine is given" time="0.011241176">
            <failure message="expected &apos;unknown flag --magazine\nportfire che…&apos; to contain &apos;PF1600&apos;" type="AssertionError">
AssertionError: expected &apos;unknown flag --magazine\nportfire che…&apos; to contain &apos;PF1600&apos;

- Expected
+ Received

- PF1600
+ unknown flag --magazine
+ portfire check, read a show and report everything wrong with it
+
+ usage: portfire check &lt;script&gt; [options]
+
+ options:
+   --catalog         the effect catalog csv
+   --rig             the rig sheet
+   --frame           frame rate the panel runs at [24|25|30|30drop]
+   --seed            override the script&apos;s jitter seed
+   --pack            fill each module before moving to the next
+   --absorb-preroll  move the show so nothing fires before zero
+   --advice          also run the checks that are matters of judgement
+   --max-lit         warn past this many effects lit at once
+   --lull            warn past a gap this long, in seconds
+   --ceiling         airspace ceiling in metres
+   --audience        metres from the origin to the line
+   --wind            wind speed in metres per second
+   --wind-from       wind bearing in degrees
+   --rule            separation rule [nfpa-1123|cen-category-4|reduced]
+   --quiet           print only the verdict
+   --stats           print the timing and load numbers

 ❯ tests/cli/bookFlags.test.ts:98:42
            </failure>
        </testcase>
        <testcase classname="tests/cli/bookFlags.test.ts" name="--pull &gt; leaves nothing to cover the palms once the willow lot is pulled" time="0.001160517">
            <failure message="expected 2 to be 1 // Object.is equality" type="AssertionError">
AssertionError: expected 2 to be 1 // Object.is equality

- Expected
+ Received

- 1
+ 2

 ❯ tests/cli/bookFlags.test.ts:106:18
            </failure>
        </testcase>
        <testcase classname="tests/cli/bookFlags.test.ts" name="--pull &gt; takes several lots, comma separated" time="0.002218819">
            <failure message="expected [] to have a length of 4 but got +0" type="AssertionError">
AssertionError: expected [] to have a length of 4 but got +0

- Expected
+ Received

- 4
+ 0

 ❯ tests/cli/bookFlags.test.ts:114:18
            </failure>
        </testcase>
        <testcase classname="tests/cli/bookFlags.test.ts" name="sheet --magazine &gt; shows which delivery each cue fires from" time="0.000905533">
            <failure message="expected 2 to be +0 // Object.is equality" type="AssertionError">
AssertionError: expected 2 to be +0 // Object.is equality

- Expected
+ Received

- 0
+ 2

 ❯ tests/cli/bookFlags.test.ts:125:18
            </failure>
        </testcase>
        <testcase classname="tests/cli/bookFlags.test.ts" name="sheet --magazine &gt; leaves the lot blank on a cue nothing covered" time="0.000785216">
            <failure message="the given combination of arguments (undefined and string) is invalid for this assertion. You can use an array, a map, an object, a set, a string, or a weakset instead of a string" type="AssertionError">
AssertionError: the given combination of arguments (undefined and string) is invalid for this assertion. You can use an array, a map, an object, a set, a string, or a weakset instead of a string
 ❯ tests/cli/bookFlags.test.ts:139:21
            </failure>
        </testcase>
        <testcase classname="tests/cli/bookFlags.test.ts" name="sheet --magazine &gt; keeps the column, every cell empty, for a book holding nothing" time="0.000648508">
            <failure message="expected 2 to be 1 // Object.is equality" type="AssertionError">
AssertionError: expected 2 to be 1 // Object.is equality

- Expected
+ Received

- 1
+ 2

 ❯ tests/cli/bookFlags.test.ts:147:18
            </failure>
        </testcase>
        <testcase classname="tests/cli/bookFlags.test.ts" name="inventory --magazine &gt; keeps the shortfall on the order list after a stand-in covers it" time="0.003184086">
            <failure message="expected &apos;shell.150.palm       3        2      …&apos; to match /\b1\b.*shell\.150\.willow|shell\.150\…/" type="AssertionError">
AssertionError: expected &apos;shell.150.palm       3        2      …&apos; to match /\b1\b.*shell\.150\.willow|shell\.150\…/

- Expected: 
/\b1\b.*shell\.150\.willow|shell\.150\.willow.*\b1\b/

+ Received: 
&quot;shell.150.palm       3        2      1
&quot;

 ❯ tests/cli/bookFlags.test.ts:166:19
            </failure>
        </testcase>
        <testcase classname="tests/cli/bookFlags.test.ts" name="explain --magazine &gt; names the lot and what the script asked for on a covered cue" time="0.000592682">
            <failure message="expected &apos;&apos; to contain &apos;shell.150.willow&apos;" type="AssertionError">
AssertionError: expected &apos;&apos; to contain &apos;shell.150.willow&apos;

- Expected
+ Received

- shell.150.willow

 ❯ tests/cli/bookFlags.test.ts:176:17
            </failure>
        </testcase>
        <testcase classname="tests/cli/bookFlags.test.ts" name="every show command &gt; takes the flags wherever the catalog flag is taken" time="0.001662306">
            <failure message="annotate: expected [ &apos;catalog&apos;, &apos;rig&apos;, &apos;frame&apos;, …(15) ] to include &apos;magazine&apos;" type="AssertionError">
AssertionError: annotate: expected [ &apos;catalog&apos;, &apos;rig&apos;, &apos;frame&apos;, …(15) ] to include &apos;magazine&apos;
 ❯ tests/cli/bookFlags.test.ts:191:35
            </failure>
        </testcase>
        <testcase classname="tests/cli/bookFlags.test.ts" name="every show command &gt; puts the stand-in in front of whatever reads the compile" time="0.000541073">
            <failure message="explain: expected 2 not to be 2 // Object.is equality" type="AssertionError">
AssertionError: explain: expected 2 not to be 2 // Object.is equality
 ❯ tests/cli/bookFlags.test.ts:206:33
            </failure>
        </testcase>
        <testcase classname="tests/cli/bookFlags.test.ts" name="every show command &gt; fails the quiet commands too once a pull leaves a cue bare" time="0.000563577">
            <failure message="rehearse: expected 2 to be +0 // Object.is equality" type="AssertionError">
AssertionError: rehearse: expected 2 to be +0 // Object.is equality

- Expected
+ Received

- 0
+ 2

 ❯ tests/cli/bookFlags.test.ts:220:64
            </failure>
        </testcase>
        <testcase classname="tests/cli/bookFlags.test.ts" name="table --magazine &gt; loads the panel with what will really fire" time="0.000710274">
            <failure message="expected 2 to be +0 // Object.is equality" type="AssertionError">
AssertionError: expected 2 to be +0 // Object.is equality

- Expected
+ Received

- 0
+ 2

 ❯ tests/cli/bookFlags.test.ts:231:18
            </failure>
        </testcase>
    </testsuite>
    <testsuite name="tests/timeline/fromStock.test.ts" timestamp="2026-09-04T04:07:02.276Z" hostname="cb8347729b47" tests="35" failures="35" errors="0" skipped="0" time="0.080052719">
        <testcase classname="tests/timeline/fromStock.test.ts" name="drawing stock in firing order &gt; hands the shells to the earliest cues and runs out on the last" time="0.023145265">
            <failure message="expected [ undefined, undefined, …(2) ] to deeply equal [ &apos;vn1&apos;, &apos;vn1&apos;, &apos;vn1&apos;, undefined ]" type="AssertionError">
AssertionError: expected [ undefined, undefined, …(2) ] to deeply equal [ &apos;vn1&apos;, &apos;vn1&apos;, &apos;vn1&apos;, undefined ]

- Expected
+ Received

  Array [
-   &quot;vn1&quot;,
-   &quot;vn1&quot;,
-   &quot;vn1&quot;,
+   undefined,
+   undefined,
+   undefined,
    undefined,
  ]

 ❯ tests/timeline/fromStock.test.ts:108:18
            </failure>
        </testcase>
        <testcase classname="tests/timeline/fromStock.test.ts" name="drawing stock in firing order &gt; counts a ripple shot by shot rather than as one cue" time="0.002874481">
            <failure message="expected [ undefined, undefined, …(3) ] to deeply equal [ Array(5) ]" type="AssertionError">
AssertionError: expected [ undefined, undefined, …(3) ] to deeply equal [ Array(5) ]

- Expected
+ Received

  Array [
-   &quot;vn1&quot;,
-   &quot;vn1&quot;,
-   &quot;vn1&quot;,
+   undefined,
+   undefined,
+   undefined,
    undefined,
    undefined,
  ]

 ❯ tests/timeline/fromStock.test.ts:117:46
            </failure>
        </testcase>
        <testcase classname="tests/timeline/fromStock.test.ts" name="drawing stock in firing order &gt; breaks a tie on the same instant by the order the script wrote them" time="0.002071881">
            <failure message="expected undefined to be &apos;vn1&apos; // Object.is equality" type="AssertionError">
AssertionError: expected undefined to be &apos;vn1&apos; // Object.is equality

- Expected: 
&quot;vn1&quot;

+ Received: 
undefined

 ❯ tests/timeline/fromStock.test.ts:137:35
            </failure>
        </testcase>
        <testcase classname="tests/timeline/fromStock.test.ts" name="drawing stock in firing order &gt; draws a cue inside a played group at the time it is played" time="0.002508117">
            <failure message="expected undefined to be &apos;vn1&apos; // Object.is equality" type="AssertionError">
AssertionError: expected undefined to be &apos;vn1&apos; // Object.is equality

- Expected: 
&quot;vn1&quot;

+ Received: 
undefined

 ❯ tests/timeline/fromStock.test.ts:154:24
            </failure>
        </testcase>
        <testcase classname="tests/timeline/fromStock.test.ts" name="drawing stock in firing order &gt; carries no lot at all when the compile was given no magazine" time="0.00205569">
            <failure message="expected undefined to be &apos;vn1&apos; // Object.is equality" type="AssertionError">
AssertionError: expected undefined to be &apos;vn1&apos; // Object.is equality

- Expected: 
&quot;vn1&quot;

+ Received: 
undefined

 ❯ tests/timeline/fromStock.test.ts:164:43
            </failure>
        </testcase>
        <testcase classname="tests/timeline/fromStock.test.ts" name="own cues before stand-ins &gt; keeps a shell for its own later cue rather than lending it earlier" time="0.001732038">
            <failure message="expected undefined to be &apos;vn2&apos; // Object.is equality" type="AssertionError">
AssertionError: expected undefined to be &apos;vn2&apos; // Object.is equality

- Expected: 
&quot;vn2&quot;

+ Received: 
undefined

 ❯ tests/timeline/fromStock.test.ts:177:25
            </failure>
        </testcase>
        <testcase classname="tests/timeline/fromStock.test.ts" name="own cues before stand-ins &gt; covers the earlier of two shots left without when one stand-in is left" time="0.001994054">
            <failure message="expected &apos;shell.150.palm&apos; to be &apos;shell.150.willow&apos; // Object.is equality" type="AssertionError">
AssertionError: expected &apos;shell.150.palm&apos; to be &apos;shell.150.willow&apos; // Object.is equality

Expected: &quot;shell.150.willow&quot;
Received: &quot;shell.150.palm&quot;

 ❯ tests/timeline/fromStock.test.ts:189:29
            </failure>
        </testcase>
        <testcase classname="tests/timeline/fromStock.test.ts" name="own cues before stand-ins &gt; lends the remainder once every own cue is served" time="0.001538983">
            <failure message="expected [ &apos;shell.150.palm&apos;, …(3) ] to deeply equal [ &apos;shell.150.willow&apos;, …(3) ]" type="AssertionError">
AssertionError: expected [ &apos;shell.150.palm&apos;, …(3) ] to deeply equal [ &apos;shell.150.willow&apos;, …(3) ]

- Expected
+ Received

  Array [
-   &quot;shell.150.willow&quot;,
+   &quot;shell.150.palm&quot;,
    &quot;shell.150.palm&quot;,
    &quot;shell.150.willow&quot;,
    &quot;shell.150.willow&quot;,
  ]

 ❯ tests/timeline/fromStock.test.ts:206:51
            </failure>
        </testcase>
        <testcase classname="tests/timeline/fromStock.test.ts" name="choosing a stand-in &gt; prefers the same calibre over a band match" time="0.001643381">
            <failure message="expected &apos;shell.150.palm&apos; to be &apos;shell.150.willow&apos; // Object.is equality" type="AssertionError">
AssertionError: expected &apos;shell.150.palm&apos; to be &apos;shell.150.willow&apos; // Object.is equality

Expected: &quot;shell.150.willow&quot;
Received: &quot;shell.150.palm&quot;

 ❯ tests/timeline/fromStock.test.ts:231:49
            </failure>
        </testcase>
        <testcase classname="tests/timeline/fromStock.test.ts" name="choosing a stand-in &gt; takes the nearest lead among band matches" time="0.004270803">
            <failure message="expected &apos;shell.150.palm&apos; to be &apos;shell.160.ring&apos; // Object.is equality" type="AssertionError">
AssertionError: expected &apos;shell.150.palm&apos; to be &apos;shell.160.ring&apos; // Object.is equality

Expected: &quot;shell.160.ring&quot;
Received: &quot;shell.150.palm&quot;

 ❯ tests/timeline/fromStock.test.ts:243:49
            </failure>
        </testcase>
        <testcase classname="tests/timeline/fromStock.test.ts" name="choosing a stand-in &gt; breaks an equal lead by effect id" time="0.001237542">
            <failure message="expected &apos;shell.150.palm&apos; to be &apos;shell.150.kamuro&apos; // Object.is equality" type="AssertionError">
AssertionError: expected &apos;shell.150.palm&apos; to be &apos;shell.150.kamuro&apos; // Object.is equality

Expected: &quot;shell.150.kamuro&quot;
Received: &quot;shell.150.palm&quot;

 ❯ tests/timeline/fromStock.test.ts:254:49
            </failure>
        </testcase>
        <testcase classname="tests/timeline/fromStock.test.ts" name="choosing a stand-in &gt; offers nothing substitutesFor would not, so a lead too far off is short" time="0.002679702">
            <failure message="expected [] to have a length of 1 but got +0" type="AssertionError">
AssertionError: expected [] to have a length of 1 but got +0

- Expected
+ Received

- 1
+ 0

 ❯ tests/timeline/fromStock.test.ts:263:49
            </failure>
        </testcase>
        <testcase classname="tests/timeline/fromStock.test.ts" name="choosing a stand-in &gt; does not let a mine stand in for a shell of the same calibre" time="0.001749461">
            <failure message="expected [] to have a length of 1 but got +0" type="AssertionError">
AssertionError: expected [] to have a length of 1 but got +0

- Expected
+ Received

- 1
+ 0

 ❯ tests/timeline/fromStock.test.ts:271:49
            </failure>
        </testcase>
        <testcase classname="tests/timeline/fromStock.test.ts" name="choosing a stand-in &gt; runs one stand-in dry and moves to the next" time="0.001200312">
            <failure message="expected [ &apos;shell.150.palm&apos;, …(3) ] to deeply equal [ &apos;shell.150.kamuro&apos;, …(3) ]" type="AssertionError">
AssertionError: expected [ &apos;shell.150.palm&apos;, …(3) ] to deeply equal [ &apos;shell.150.kamuro&apos;, …(3) ]

- Expected
+ Received

  Array [
-   &quot;shell.150.kamuro&quot;,
-   &quot;shell.150.willow&quot;,
-   &quot;shell.150.willow&quot;,
+   &quot;shell.150.palm&quot;,
+   &quot;shell.150.palm&quot;,
+   &quot;shell.150.palm&quot;,
    &quot;shell.150.palm&quot;,
  ]

 ❯ tests/timeline/fromStock.test.ts:281:57
            </failure>
        </testcase>
        <testcase classname="tests/timeline/fromStock.test.ts" name="choosing a stand-in &gt; moves on to the next stand-in once the first is spent by an own cue" time="0.000893481">
            <failure message="expected &apos;shell.150.palm&apos; to be &apos;shell.150.willow&apos; // Object.is equality" type="AssertionError">
AssertionError: expected &apos;shell.150.palm&apos; to be &apos;shell.150.willow&apos; // Object.is equality

Expected: &quot;shell.150.willow&quot;
Received: &quot;shell.150.palm&quot;

 ❯ tests/timeline/fromStock.test.ts:302:28
            </failure>
        </testcase>
        <testcase classname="tests/timeline/fromStock.test.ts" name="what a shot left short looks like &gt; stays what was written, on the table, and blocks the show" time="0.002984789">
            <failure message="expected true to be false // Object.is equality" type="AssertionError">
AssertionError: expected true to be false // Object.is equality

- Expected
+ Received

- false
+ true

 ❯ tests/timeline/fromStock.test.ts:319:23
            </failure>
        </testcase>
        <testcase classname="tests/timeline/fromStock.test.ts" name="which lot a shot draws &gt; empties the oldest delivery before touching the next" time="0.001448472">
            <failure message="expected [ undefined, undefined, …(2) ] to deeply equal [ &apos;vn1&apos;, &apos;vn1&apos;, &apos;vn2&apos;, &apos;vn3&apos; ]" type="AssertionError">
AssertionError: expected [ undefined, undefined, …(2) ] to deeply equal [ &apos;vn1&apos;, &apos;vn1&apos;, &apos;vn2&apos;, &apos;vn3&apos; ]

- Expected
+ Received

  Array [
-   &quot;vn1&quot;,
-   &quot;vn1&quot;,
-   &quot;vn2&quot;,
-   &quot;vn3&quot;,
+   undefined,
+   undefined,
+   undefined,
+   undefined,
  ]

 ❯ tests/timeline/fromStock.test.ts:334:52
            </failure>
        </testcase>
        <testcase classname="tests/timeline/fromStock.test.ts" name="which lot a shot draws &gt; saves a row with no received date for last" time="0.000864155">
            <failure message="expected [ undefined, undefined ] to deeply equal [ &apos;vn9&apos;, &apos;vn0&apos; ]" type="AssertionError">
AssertionError: expected [ undefined, undefined ] to deeply equal [ &apos;vn9&apos;, &apos;vn0&apos; ]

- Expected
+ Received

  Array [
-   &quot;vn9&quot;,
-   &quot;vn0&quot;,
+   undefined,
+   undefined,
  ]

 ❯ tests/timeline/fromStock.test.ts:346:52
            </failure>
        </testcase>
        <testcase classname="tests/timeline/fromStock.test.ts" name="which lot a shot draws &gt; goes by lot number on a shared date, and among the undated" time="0.000944487">
            <failure message="expected [ undefined, undefined, …(2) ] to deeply equal [ &apos;vn11&apos;, &apos;vn20&apos;, &apos;vna&apos;, &apos;vnb&apos; ]" type="AssertionError">
AssertionError: expected [ undefined, undefined, …(2) ] to deeply equal [ &apos;vn11&apos;, &apos;vn20&apos;, &apos;vna&apos;, &apos;vnb&apos; ]

- Expected
+ Received

  Array [
-   &quot;vn11&quot;,
-   &quot;vn20&quot;,
-   &quot;vna&quot;,
-   &quot;vnb&quot;,
+   undefined,
+   undefined,
+   undefined,
+   undefined,
  ]

 ❯ tests/timeline/fromStock.test.ts:358:52
            </failure>
        </testcase>
        <testcase classname="tests/timeline/fromStock.test.ts" name="which lot a shot draws &gt; draws a stand-in from its own lots in the same order" time="0.000986587">
            <failure message="expected [ &apos;shell.150.palm&apos;, &apos;shell.150.palm&apos; ] to deeply equal [ &apos;shell.150.willow&apos;, …(1) ]" type="AssertionError">
AssertionError: expected [ &apos;shell.150.palm&apos;, &apos;shell.150.palm&apos; ] to deeply equal [ &apos;shell.150.willow&apos;, …(1) ]

- Expected
+ Received

  Array [
-   &quot;shell.150.willow&quot;,
-   &quot;shell.150.willow&quot;,
+   &quot;shell.150.palm&quot;,
+   &quot;shell.150.palm&quot;,
  ]

 ❯ tests/timeline/fromStock.test.ts:374:51
            </failure>
        </testcase>
        <testcase classname="tests/timeline/fromStock.test.ts" name="pulling a lot &gt; removes a pulled lot ahead of the draw" time="0.001276306">
            <failure message="expected [ undefined, undefined ] to deeply equal [ &apos;vn2&apos;, undefined ]" type="AssertionError">
AssertionError: expected [ undefined, undefined ] to deeply equal [ &apos;vn2&apos;, undefined ]

- Expected
+ Received

  Array [
-   &quot;vn2&quot;,
+   undefined,
    undefined,
  ]

 ❯ tests/timeline/fromStock.test.ts:391:52
            </failure>
        </testcase>
        <testcase classname="tests/timeline/fromStock.test.ts" name="pulling a lot &gt; removes a pulled lot as a source of stand-ins" time="0.000796096">
            <failure message="expected &apos;shell.150.palm&apos; to be &apos;shell.150.willow&apos; // Object.is equality" type="AssertionError">
AssertionError: expected &apos;shell.150.palm&apos; to be &apos;shell.150.willow&apos; // Object.is equality

Expected: &quot;shell.150.willow&quot;
Received: &quot;shell.150.palm&quot;

 ❯ tests/timeline/fromStock.test.ts:402:49
            </failure>
        </testcase>
        <testcase classname="tests/timeline/fromStock.test.ts" name="pulling a lot &gt; pulls every lot named, across effects" time="0.000818539">
            <failure message="expected [] to have a length of 1 but got +0" type="AssertionError">
AssertionError: expected [] to have a length of 1 but got +0

- Expected
+ Received

- 1
+ 0

 ❯ tests/timeline/fromStock.test.ts:415:49
            </failure>
        </testcase>
        <testcase classname="tests/timeline/fromStock.test.ts" name="pulling a lot &gt; leaves the caller&apos;s magazine as it was" time="0.000752494">
            <failure message="expected undefined to be &apos;vn2&apos; // Object.is equality" type="AssertionError">
AssertionError: expected undefined to be &apos;vn2&apos; // Object.is equality

- Expected: 
&quot;vn2&quot;

+ Received: 
undefined

 ❯ tests/timeline/fromStock.test.ts:426:7
            </failure>
        </testcase>
        <testcase classname="tests/timeline/fromStock.test.ts" name="timing a covered shot &gt; breaks on the beat and lifts on the stand-in&apos;s clock" time="0.001178379">
            <failure message="expected &apos;shell.150.palm&apos; to be &apos;shell.160.ring&apos; // Object.is equality" type="AssertionError">
AssertionError: expected &apos;shell.150.palm&apos; to be &apos;shell.160.ring&apos; // Object.is equality

Expected: &quot;shell.160.ring&quot;
Received: &quot;shell.150.palm&quot;

 ❯ tests/timeline/fromStock.test.ts:438:29
            </failure>
        </testcase>
        <testcase classname="tests/timeline/fromStock.test.ts" name="timing a covered shot &gt; lowers the stand-in when the script lowered the break" time="0.0010521">
            <failure message="expected &apos;shell.150.palm&apos; to be &apos;shell.160.ring&apos; // Object.is equality" type="AssertionError">
AssertionError: expected &apos;shell.150.palm&apos; to be &apos;shell.160.ring&apos; // Object.is equality

Expected: &quot;shell.160.ring&quot;
Received: &quot;shell.150.palm&quot;

 ❯ tests/timeline/fromStock.test.ts:457:29
            </failure>
        </testcase>
        <testcase classname="tests/timeline/fromStock.test.ts" name="timing a covered shot &gt; puts the stand-in on the event and what was asked for beside it" time="0.000828888">
            <failure message="expected &apos;shell.150.palm&apos; to be &apos;shell.150.willow&apos; // Object.is equality" type="AssertionError">
AssertionError: expected &apos;shell.150.palm&apos; to be &apos;shell.150.willow&apos; // Object.is equality

Expected: &quot;shell.150.willow&quot;
Received: &quot;shell.150.palm&quot;

 ❯ tests/timeline/fromStock.test.ts:481:31
            </failure>
        </testcase>
        <testcase classname="tests/timeline/fromStock.test.ts" name="the rest of the compile sees the stand-in &gt; allocates the pin to the stand-in" time="0.001026392">
            <failure message="expected &apos;shell.150.palm&apos; to be &apos;shell.150.willow&apos; // Object.is equality" type="AssertionError">
AssertionError: expected &apos;shell.150.palm&apos; to be &apos;shell.150.willow&apos; // Object.is equality

Expected: &quot;shell.150.willow&quot;
Received: &quot;shell.150.palm&quot;

 ❯ tests/timeline/fromStock.test.ts:497:53
            </failure>
        </testcase>
        <testcase classname="tests/timeline/fromStock.test.ts" name="the rest of the compile sees the stand-in &gt; checks separation against the stand-in&apos;s calibre" time="0.002701674">
            <failure message="expected [] to have a length of 1 but got +0" type="AssertionError">
AssertionError: expected [] to have a length of 1 but got +0

- Expected
+ Received

- 1
+ 0

 ❯ tests/timeline/fromStock.test.ts:511:50
            </failure>
        </testcase>
        <testcase classname="tests/timeline/fromStock.test.ts" name="what gets reported &gt; folds an exact cover into one note with its count" time="0.001333032">
            <failure message="expected [] to have a length of 1 but got +0" type="AssertionError">
AssertionError: expected [] to have a length of 1 but got +0

- Expected
+ Received

- 1
+ 0

 ❯ tests/timeline/fromStock.test.ts:523:19
            </failure>
        </testcase>
        <testcase classname="tests/timeline/fromStock.test.ts" name="what gets reported &gt; warns when only the band matches, once per pair" time="0.000942803">
            <failure message="expected [] to have a length of 2 but got +0" type="AssertionError">
AssertionError: expected [] to have a length of 2 but got +0

- Expected
+ Received

- 2
+ 0

 ❯ tests/timeline/fromStock.test.ts:537:22
            </failure>
        </testcase>
        <testcase classname="tests/timeline/fromStock.test.ts" name="what gets reported &gt; errors once per effect nothing could cover" time="0.001282957">
            <failure message="expected [] to have a length of 2 but got +0" type="AssertionError">
AssertionError: expected [] to have a length of 2 but got +0

- Expected
+ Received

- 2
+ 0

 ❯ tests/timeline/fromStock.test.ts:556:20
            </failure>
        </testcase>
        <testcase classname="tests/timeline/fromStock.test.ts" name="what gets reported &gt; reports nothing about stock when every cue drew its own" time="0.000745441">
            <failure message="expected undefined to be &apos;vn1&apos; // Object.is equality" type="AssertionError">
AssertionError: expected undefined to be &apos;vn1&apos; // Object.is equality

- Expected: 
&quot;vn1&quot;

+ Received: 
undefined

 ❯ tests/timeline/fromStock.test.ts:570:44
            </failure>
        </testcase>
        <testcase classname="tests/timeline/fromStock.test.ts" name="the cue sheet &gt; adds the lot beside the note once the show was drawn" time="0.001901789">
            <failure message="expected &apos;cue      fire     break  pin    posit…&apos; to contain &apos;lot&apos;" type="AssertionError">
AssertionError: expected &apos;cue      fire     break  pin    posit…&apos; to contain &apos;lot&apos;

Expected: &quot;lot&quot;
Received: &quot;cue      fire     break  pin    position  effect    note&quot;

 ❯ tests/timeline/fromStock.test.ts:585:20
            </failure>
        </testcase>
        <testcase classname="tests/timeline/fromStock.test.ts" name="the cue sheet &gt; has no lot column for a show that was never drawn" time="0.001333833">
            <failure message="expected &apos;cue      fire     break  pin    posit…&apos; to contain &apos;lot&apos;" type="AssertionError">
AssertionError: expected &apos;cue      fire     break  pin    posit…&apos; to contain &apos;lot&apos;

Expected: &quot;lot&quot;
Received: &quot;cue      fire     break  pin    position  effect    note&quot;

 ❯ tests/timeline/fromStock.test.ts:596:34
            </failure>
        </testcase>
    </testsuite>
</testsuites>

